date,rank_ic,top_quintile_ret,bottom_quintile_ret,long_short_spread,hit,cumulative_ic
2023-07-03,0.10204081632653061,0.0011588818782999894,-0.0017135857752532558,0.0028724676535532455,1.0,0.10204081632653061
2023-07-04,-0.1577290490664351,0.002814124292158311,0.010394912445182711,-0.0075807881530244,1.0,-0.055688232739904475
2023-07-05,-0.48393399913156754,-0.003394608068941389,0.022958595878060022,-0.02635320394700141,0.0,-0.5396222318714721
2023-07-06,0.12092922275293096,0.0048191027531297006,-0.0033368079491223218,0.008155910702252023,1.0,-0.4186930091185411
2023-07-07,0.1527355623100304,-0.010657014684325143,-0.014048704001112145,0.0033916893167870027,0.0,-0.26595744680851074
2023-07-10,0.11409031697785496,6.079883108587781e-05,-0.003487620195149078,0.003548419026234956,1.0,-0.15186712983065578
2023-07-11,0.062418584455058615,0.010692544358559668,0.010821350350117422,-0.0001288059915577535,1.0,-0.08944854537559717
2023-07-12,-0.024750325662179763,-0.0008947447166217556,0.003347939104300966,-0.004242683820922722,0.0,-0.11419887103777693
2023-07-13,0.16217976552323057,0.0015935117446712775,-0.007624973593321334,0.009218485337992612,1.0,0.047980894485453646
2023-07-14,-0.03821102909248806,0.013343333185333888,0.014923679323905299,-0.0015803461385714111,1.0,0.009769865392965586
2023-07-17,0.20115067303517153,0.008019395903046601,-0.00010144037511908895,0.008120836278165691,1.0,0.21092053842813713
2023-07-18,-0.09292227529309596,-0.003129310742809804,-0.0011396537903186775,-0.001989656952491126,0.0,0.11799826313504116
2023-07-19,-0.06828050369083803,0.0020194692960333552,0.0019442432248607776,7.522607117257767e-05,1.0,0.04971775944420313
2023-07-20,0.0008684324793747286,0.003449611154487555,0.006223703344253488,-0.002774092189765933,1.0,0.05058619192357786
2023-07-21,-0.055471124620060784,-0.009919673904021601,-0.004794067340740367,-0.005125606563281234,0.0,-0.0048849326964829215
2023-07-24,0.058619192357794184,-0.0004733091244423666,-0.003215967180599911,0.0027426580561575446,0.0,0.05373425966131126
2023-07-25,-0.05688232739904472,0.000699203372635445,0.0016948784824395667,-0.0009956751098041216,1.0,-0.003148067737733455
2023-07-26,0.1820451584889275,0.008032674424869967,0.0034860658581512996,0.004546608566718667,1.0,0.17889709075119403
2023-07-27,-0.16467650890143287,0.0036869629070494774,-0.005974132755663144,0.009661095662712622,1.0,0.01422058184976116
2023-07-28,-0.13297872340425532,7.122237774732217e-05,0.005794730586318412,-0.00572350820857109,1.0,-0.11875814155449416
2023-07-31,-0.1323273990447243,0.0069774407936035515,0.013459536889709979,-0.006482096096106427,1.0,-0.25108554059921845
2023-08-01,0.2907077724706904,-0.0005040250821928557,-0.010940188116193489,0.010436163034000634,0.0,0.03962223187147196
2023-08-02,0.12462006079027356,-0.0134770207440111,-0.01808440435176631,0.004607383607755209,0.0,0.1642422926617455
2023-08-03,-0.1149587494572297,-0.002208961835114178,-0.0019055605118713445,-0.00030340132324283356,0.0,0.049283543204515806
2023-08-04,-0.08901432913590969,0.0022548864245434228,0.009707729927854701,-0.007452843503311279,1.0,-0.03973078593139388
2023-08-07,-0.17216673903603993,0.005648554297102612,0.003808708547611689,0.0018398457494909226,1.0,-0.2118975249674338
2023-08-08,0.04537559704732957,-0.0004544132230571888,-0.00025041125205130005,-0.00020400197100588875,0.0,-0.16652192792010423
2023-08-09,-0.2446808510638298,0.0007157468729272557,0.005847179190525621,-0.005131432317598366,1.0,-0.41120277898393404
2023-08-10,-0.15425531914893617,-0.00703506511451249,-0.00036862631389031114,-0.006666438800622179,0.0,-0.5654580981328702
2023-08-11,0.06752062527138515,-0.007805529361158533,-0.01120223656424861,0.0033967072030900774,0.0,-0.49793747286148504
2023-08-14,0.05916196265740339,-0.005678515190459211,-0.005340824366457182,-0.0003376908240020288,0.0,-0.4387755102040817
2023-08-16,-0.15512375162831088,-0.0027777769619407667,0.0015360825813436558,-0.004313859543284422,0.0,-0.5938992618323926
2023-08-17,0.02149370386452453,0.0026846612507818997,-0.0006299206934344002,0.0033145819442163,1.0,-0.5724055579678681
2023-08-18,0.06676074685193227,-8.529198564600007e-05,-0.0008593925454751777,0.0007741005598291776,0.0,-0.5056448111159358
2023-08-21,0.1786799826313504,0.010841492674738221,0.005846117643659301,0.0049953750310789205,1.0,-0.3269648284845854
2023-08-22,0.03256621797655233,0.004440109836084101,0.001168378375687478,0.0032717314603966227,1.0,-0.29439861050803307
2023-08-23,0.20788102475032563,5.151392003096754e-05,-0.00724732614022688,0.007298840060257847,1.0,-0.08651758575770743
2023-08-24,-0.0200825010855406,-0.0014542874476438537,-0.001487972460370422,3.3685012726568375e-05,0.0,-0.10660008684324804
2023-08-25,0.067629179331307,-0.004101345598878277,-0.010787196669323233,0.006685851070444956,0.0,-0.038970907511941044
2023-08-28,-0.029852366478506292,0.0021319237285422335,0.0006972832810878332,0.0014346404474544004,1.0,-0.06882327399044734
2023-08-29,0.1313504125054277,0.005304259070723989,0.003806632850659433,0.0014976262200645557,1.0,0.06252713851498036
2023-08-30,0.25868432479374726,0.004373705421229044,-0.0011707677833633,0.005544473204592344,1.0,0.32121146330872763
2023-08-31,-0.11463308727746417,-0.007587926526735889,-0.00043452467316437764,-0.007153401853571511,0.0,0.20657837603126344
2023-09-01,-0.017368649587494574,0.014814576344893114,0.017089956580313922,-0.0022753802354208083,1.0,0.18920972644376888
2023-09-04,-0.17238384715588362,0.008246656255880324,0.010468217625040802,-0.0022215613691604786,1.0,0.01682587928788526
2023-09-05,0.17553191489361702,0.005362588974868455,-0.0013722313300994333,0.0067348203049678885,1.0,0.19235779418150228
2023-09-06,0.11897524967433781,-0.0006010323603937556,-0.0012326344048347777,0.0006316020444410221,0.0,0.3113330438558401
2023-09-07,-0.10421189752496743,0.0021432865703863773,0.009090165621498177,-0.006946879051111799,1.0,0.20712114633087267
2023-09-08,0.10106382978723404,0.004752117483328678,0.008507140702011078,-0.0037550232186824,1.0,0.3081849761181067
2023-09-11,0.23143725575336518,0.015979197387041868,0.004385268083885922,0.011593929303155946,1.0,0.5396222318714718
2023-09-12,-0.055471124620060784,-0.01230573806143631,-0.014252127291859725,0.0019463892304234162,0.0,0.4841511072514111
2023-09-13,0.006730351715154147,0.004910493767629856,0.004164872154983056,0.0007456216126467997,1.0,0.4908814589665652
2023-09-14,-0.04168475900998697,0.004838195194803267,0.004167663680263421,0.0006705315145398459,1.0,0.44919669995657824
2023-09-15,-0.1382978723404255,2.5056366646998023e-06,0.0057892286496550776,-0.0057867230129903776,1.0,0.31089882761615273
2023-09-18,-0.029309596178897092,0.0009896968402557888,-0.0015811464082524885,0.002570843248508277,1.0,0.2815892314372556
2023-09-20,-0.12907077724706903,-0.010558790883358645,-0.0062379851271838664,-0.004320805756174779,0.0,0.1525184541901866
2023-09-21,0.04190186712983066,-0.001691957739949989,-0.007249189879230856,0.005557232139280867,0.0,0.19442032132001724
2023-09-22,-0.07805036908380372,-0.006335176238973822,-0.0033641938141824005,-0.0029709824247914217,0.0,0.11636995223621352
2023-09-25,-0.0034737299174989146,0.005854582519269845,0.0058621611308587,-7.578611588855352e-06,1.0,0.1128962223187146
2023-09-26,0.10616587060356056,0.0014902225847206333,-0.0019404394651926786,0.003430662049913312,1.0,0.21906209292227516
2023-09-27,0.041793313069908807,0.0029547338217842446,0.0059811492552525,-0.003026415433468256,1.0,0.260855405992184
2023-09-28,-0.2724706904038211,-0.016695193649080065,-0.006333202329452744,-0.01036199131962732,0.0,-0.011615284411637117
2023-09-29,-0.1458966565349544,0.007449907622333379,0.015167334499975057,-0.007717426877641678,1.0,-0.15751194094659152
2023-10-03,0.16250542770299609,-0.002489559002989245,-0.011572758087043212,0.009083199084053967,0.0,0.004993486756404569
2023-10-04,0.2947242726877985,-0.0019461329497746,-0.014217439958326436,0.012271307008551835,0.0,0.2997177594442031
2023-10-05,0.2413156752062527,0.009252172698994842,0.0013347889892463003,0.007917383709748541,1.0,0.5410334346504557
2023-10-06,-0.09541901867129832,0.004608609855176856,0.005847099191429044,-0.0012384893362521882,1.0,0.4456144159791574
2023-10-09,-0.29754667824576636,-0.0145811524999351,-0.004862673870573545,-0.009718478629361555,0.0,0.14806773773339105
2023-10-10,0.07805036908380372,0.014245039437165112,0.015461537048631466,-0.0012164976114663537,1.0,0.22611810681719477
2023-10-11,-0.04895788102475033,0.0039401738033396005,0.008676661060968578,-0.004736487257628977,1.0,0.17716022579244445
2023-10-12,-0.1549066435084672,0.00011260606346232216,0.004177869338382,-0.004065263274919678,1.0,0.022253582283977252
2023-10-13,-0.18095961788970907,-0.0026046879110356333,0.0044357347286107,-0.0070404226396463335,0.0,-0.15870603560573182
2023-10-16,-0.06665219279201041,0.0003541901136583335,5.448168718649996e-05,0.0002997084264718335,1.0,-0.22535822839774222
2023-10-17,-0.22058184976118106,0.0029732607224451,0.005239236027619711,-0.0022659753051746108,1.0,-0.4459400781589233
2023-10-18,-0.20049934867564043,-0.007196646754311188,-0.005228081537797955,-0.001968565216513233,0.0,-0.6464394268345637
2023-10-19,-0.061007381676074675,-0.0055403192472922,0.006223472761571667,-0.011763792008863867,0.0,-0.7074468085106383
2023-10-20,-0.2256838905775076,-0.009680486324957667,-0.005280341636882755,-0.004400144688074912,0.0,-0.9331306990881459
2023-10-23,0.18410768562744245,-0.012666062749356322,-0.017740973261550212,0.00507491051219389,0.0,-0.7490230134607034
2023-10-25,-0.06600086843247936,-0.010021259543953656,-0.005783306448381289,-0.004237953095572367,0.0,-0.8150238818931828
2023-10-26,0.057425097698653935,-0.009746652594851279,-0.014915045610140568,0.005168393015289289,0.0,-0.7575987841945289
2023-10-27,-0.09759009986973512,0.009061987253401701,0.01648348870212401,-0.007421501448722308,1.0,-0.855188884064264
2023-10-30,0.14122883195831523,0.0017504710802914891,-0.0032237749161466555,0.004974245996438144,1.0,-0.7139600521059487
2023-10-31,0.11702127659574468,0.002959718646871134,-0.0035754897959128775,0.0065352084427840115,1.0,-0.596938775510204
2023-11-01,0.047112462006079034,-0.005673710595838433,-0.007717890229008668,0.002044179633170235,0.0,-0.549826313504125
2023-11-02,-0.06600086843247936,0.005636987090242812,0.0076857721281594115,-0.0020487850379165996,1.0,-0.6158271819366044
2023-11-03,0.05796786799826314,0.009103952917463888,0.0020148767413981,0.007089076176065788,1.0,-0.5578593139383412
2023-11-06,-0.13623534520191055,0.008654482645856366,0.010583601773344923,-0.0019291191274885561,1.0,-0.6940946591402517
2023-11-07,-0.10844550586191924,-0.0006563586306599666,0.0019459163120461333,-0.0026022749427060997,0.0,-0.802540165002171
2023-11-08,0.2633521493703864,0.00727832606090191,0.00048201780004353354,0.006796308260858377,1.0,-0.5391880156317845
2023-11-09,-0.13884064264003473,-0.005268498978571789,0.0009604098578667333,-0.006228908836438522,0.0,-0.6780286582718192
2023-11-10,-0.21417716022579245,-0.0013998074466227556,0.0048507321664055,-0.006250539613028255,0.0,-0.8922058184976117
2023-11-13,-0.24489795918367346,0.0051229005954889556,0.012634879978876233,-0.007511979383387278,1.0,-1.1371037776812851
2023-11-15,0.18269648284845852,0.008354852228657055,0.005908717647961362,0.002446134580695693,1.0,-0.9544072948328266
2023-11-16,-0.052974381241858444,0.00044203718423753327,-0.0009636444827475665,0.0014056816669850997,1.0,-1.007381676074685
2023-11-17,-0.047438124185844546,-0.002731042482314911,0.000492391533971411,-0.003223434016286322,0.0,-1.0548198002605296
2023-11-20,-0.24934867564046898,-0.008804656258697221,0.0008851147971747333,-0.009689771055871954,0.0,-1.3041684759009986
2023-11-21,0.08228397742075554,0.003942001295426222,-0.0017582501978488662,0.005700251493275088,1.0,-1.221884498480243
2023-11-22,-0.15610073816760744,0.002747429772698878,0.0015672764766733668,0.0011801532960255112,1.0,-1.3779852366478504
2023-11-23,-0.09237950499348675,-0.00035443851221251106,0.0006095382006826998,-0.0009639767128952108,0.0,-1.4703647416413372
2023-11-24,0.26964828484585324,0.004785231078053467,-0.004656614056962778,0.009441845135016246,1.0,-1.200716456795484
2023-11-28,-0.10301780286582718,0.01918035502506731,0.009166548525354277,0.010013806499713031,1.0,-1.303734259661311
2023-11-29,0.007598784194528876,0.009586586436559356,0.010009087985980245,-0.00042250154942088947,1.0,-1.2961354754667822
2023-11-30,-0.17672600955275725,0.006461062853988867,0.01091149457808801,-0.004450431724099144,1.0,-1.4728614850195394
2023-12-01,0.109965262700825,0.009619217302715442,0.002735156710195389,0.006884060592520053,1.0,-1.3628962223187144
2023-12-04,0.05829353017802865,0.024062648725248152,0.0240745741793682,-1.1925454120046558e-05,1.0,-1.3046026921406857
2023-12-05,0.0996526270082501,0.021246412914858268,0.010601640360580766,0.010644772554277503,1.0,-1.2049500651324356
2023-12-06,0.2778983933999132,0.003948939985127177,-0.0029823516432823,0.006931291628409477,1.0,-0.9270516717325225
2023-12-07,-0.09346504559270516,-0.0014554999275032,0.0032801585472081226,-0.0047356584747113226,0.0,-1.0205167173252276
2023-12-08,0.06828050369083803,0.0023798719658159662,-0.0045195410599452104,0.006899413025761176,1.0,-0.9522362136343896
2023-12-11,-0.2490230134607034,-0.0009792813468155778,0.0025685249466342558,-0.0035478062934498336,0.0,-1.201259227095093
2023-12-12,0.043095961788970905,0.0028088544213083887,-0.0033023355629238993,0.006111189984232288,1.0,-1.158163265306122
2023-12-13,-0.08152409900130266,0.003629934875574312,0.012954267617376601,-0.00932433274180229,1.0,-1.2396873643074247
2023-12-14,0.3120929222752931,0.017764322686133868,0.0007428689368906336,0.017021453749243232,1.0,-0.9275944420321316
2023-12-15,0.2749674337820235,0.020915759850525288,0.009849559512908477,0.011066200337616811,1.0,-0.6526270082501081
2023-12-18,0.20809813287016934,-0.0006244505731558114,-0.0023276190610989995,0.0017031684879431882,0.0,-0.4445288753799388
2023-12-19,-0.027138514980460268,0.002499578496533089,0.005201141072876799,-0.0027015625763437095,1.0,-0.47166739036039906
2023-12-20,0.20158488927485887,-0.017947788279291235,-0.023117847692915514,0.005170059413624278,0.0,-0.2700825010855402
2023-12-21,-0.008684324793747287,0.007580085184448733,0.003527474064696711,0.004052611119752022,1.0,-0.2787668258792875
2023-12-22,-0.07815892314372556,0.009061973357047878,0.009228598531841912,-0.00016662517479403352,1.0,-0.3569257490230131
2023-12-26,-0.19224924012158054,0.0013561323184505005,0.010511995026388733,-0.009155862707938233,1.0,-0.5491749891445936
2023-12-27,-0.06556665219279202,0.005269431360957467,0.009830374389095321,-0.0045609430281378545,1.0,-0.6147416413373856
2023-12-28,-0.3092705167173252,0.0011200368654242445,0.011371272564529598,-0.010251235699105354,1.0,-0.9240121580547108
2023-12-29,0.18910117238384716,0.00037433723729987753,-0.0028770983563111995,0.003251435593611077,1.0,-0.7349109856708637
2024-01-01,0.00021710811984368216,0.00304173370264165,0.002570013678059411,0.00047172002458223915,1.0,-0.73469387755102
2024-01-02,0.12874511506730352,0.0020316500418263326,-0.002030805772893445,0.004062455814719777,1.0,-0.6059487624837165
2024-01-03,0.050911854103343465,-0.009825366288274144,-0.00969201046379329,-0.00013335582448085505,0.0,-0.5550369083803731
2024-01-04,-0.011398176291793311,0.011304511074475278,0.0118644435547912,-0.0005599324803159215,1.0,-0.5664350846721664
2024-01-05,-0.061224489795918366,-0.0035324635498055557,-0.0006207221136858665,-0.002911741436119689,0.0,-0.6276595744680847
2024-01-08,-0.33977420755536253,-0.010452166328152332,-0.0019143428428436222,-0.00853782348530871,0.0,-0.9674337820234473
2024-01-09,-0.345636126791142,-0.0017551259737651442,0.010236568993033811,-0.011991694966798956,0.0,-1.3130699088145894
2024-01-10,0.2756187581415545,0.004448848024738489,-0.001628252489369778,0.006077100514108267,1.0,-1.0374511506730348
2024-01-11,-0.09791576204950066,-0.002496508291534767,0.005369915721245578,-0.007866424012780345,0.0,-1.1353669127225354
2024-01-12,-0.10073816760746852,0.0047045837018922,0.006635629125429856,-0.0019310454235376565,1.0,-1.236105080330004
2024-01-15,-0.03468396342906203,0.01136733884236349,0.0089005449760849,0.0024667938662785906,1.0,-1.270789043759066
2024-01-16,0.08706035605731655,-0.0030350531447850783,-0.004421384049979523,0.0013863309051944444,0.0,-1.1837286877017497
2024-01-17,-0.2566217976552323,-0.01988391941229548,-0.00761434996045419,-0.012269569451841288,0.0,-1.440350485356982
2024-01-18,-0.04765523230568824,-0.009575992709160978,-0.004274787489341289,-0.005301205219819689,0.0,-1.4880057176626702
2024-01-19,-0.21949630916196264,0.004216293867035277,0.015691780107310524,-0.011475486240275248,1.0,-1.7075020268246328
2024-01-23,-0.1255970473295701,-0.032745634049683274,-0.01992262765873289,-0.012823006390950385,0.0,-1.833099074154203
2024-01-24,0.12342596613113331,0.015423016581449456,0.016543183807127167,-0.001120167225677711,1.0,-1.7096731080230698
2024-01-25,0.022687798523664784,0.0012701857536327995,-0.007564898398753634,0.008835084152386433,1.0,-1.686985309499405
2024-01-29,-0.14188015631784628,0.0090353623111952,0.016946413932728367,-0.007911051621533167,1.0,-1.8288654658172512
2024-01-30,0.04157620495006513,-0.013499321583276233,-0.00517278662605589,-0.008326534957220343,0.0,-1.787289260867186
2024-01-31,0.18009118541033434,0.015155637314400401,0.001042278876271667,0.014113358438128734,1.0,-1.6071980754568516
2024-02-01,0.23295701259227092,-0.0035582726290590114,-0.009165974627252545,0.005607701998193534,0.0,-1.3742410628645807
2024-02-02,-0.392748588797221,-0.0003960431468298219,0.03214591300245026,-0.032541956149280085,0.0,-1.7669896516618018
2024-02-05,-0.20299609205384278,-0.007466528435376912,0.010639015380697265,-0.018105543816074175,0.0,-1.9699857437156445
2024-02-06,-0.22557533651758574,0.0059245836999183114,0.010417461696484121,-0.00449287799656581,1.0,-2.1955610802332304
2024-02-07,0.45049934867564045,0.0058701954181592225,-0.007081500529120511,0.012951695947279733,1.0,-1.7450617315575898
2024-02-08,-0.4615718627876682,-0.019558182722321658,-0.001001154054845633,-0.018557028667476026,0.0,-2.206633594345258
2024-02-09,0.241098567086409,0.004636526005117044,-0.003349249090840878,0.007985775095957923,1.0,-1.965535027258849
2024-02-12,0.0006513243595310464,-0.013131559639323465,-0.011905737328211242,-0.0012258223111122225,0.0,-1.964883702899318
2024-02-13,0.003256621797655232,0.0041632276755277555,0.007516427732160912,-0.0033532000566331563,1.0,-1.9616270811016627
2024-02-14,-0.1638080764220582,0.007340790973797723,0.01881045954147563,-0.011469668567677907,1.0,-2.1254351575237207
2024-02-15,-0.2888623534520191,-0.0032101393047826005,0.012908100690605911,-0.01611823999538851,0.0,-2.41429751097574
2024-02-16,0.03603994789405124,0.004470069947433477,0.00858347417311908,-0.004113404225685603,1.0,-2.3782575630816885
2024-02-19,0.07338254450716457,0.0013135629869546223,-0.0012984755485600332,0.0026120385355146557,1.0,-2.3048750185745237
2024-02-20,0.043964394268345634,0.0005663080485433778,0.006465044312537278,-0.0058987362639939,1.0,-2.2609106243061783
2024-02-21,0.3024316109422492,-0.005928141766104411,-0.012626021430048878,0.006697879663944467,0.0,-1.9584790133639292
2024-02-22,-0.05872774641771602,0.005724937056717511,0.006928980178468478,-0.001204043121750967,1.0,-2.017206759781645
2024-02-23,0.0552540165002171,0.001239780942337233,-0.001823554359845567,0.0030633353021828,1.0,-1.9619527432814279
2024-02-26,-0.27214502822405556,-0.012187273815507767,-0.0014008360467980445,-0.010786437768709724,0.0,-2.2340977715054833
2024-02-27,-0.018779852366478507,-0.0014581683649141006,0.001546423134683189,-0.00300459149959729,0.0,-2.252877623871962
2024-02-28,0.054277029960920535,-0.012644739788808078,-0.01400303052529399,0.001358290736485912,0.0,-2.1986005939110416
2024-02-29,0.08923143725575336,0.0036007811903117338,0.0024805859082162995,0.0011201952820954343,1.0,-2.1093691566552883
2024-03-01,-0.04353017802865827,0.009207469603725755,0.01923970846787458,-0.010032238864148826,1.0,-2.1528993346839465
2024-03-04,-0.061224489795918366,0.001644683480940715,0.0107372309346289,-0.009092547453688185,1.0,-2.2141238244798647
2024-03-05,-0.3607251411202779,-0.0023950708724510003,0.010061304437136633,-0.012456375309587632,0.0,-2.5748489656001428
2024-03-06,0.2074468085106383,0.008183743350263077,0.0014111640090669405,0.006772579341196137,1.0,-2.3674021570895043
2024-03-07,0.18671298306556666,0.01087709624947601,0.011710989165571034,-0.0008338929160950238,1.0,-2.1806891740239376
2024-03-11,0.26899696048632216,-0.0030325105259886888,-0.01487079466682729,0.0118382841408386,0.0,-1.9116922135376155
2024-03-12,0.16608771168041686,-0.0021286400450747224,-0.006748810805767167,0.004620170760692445,0.0,-1.7456045018571986
2024-03-13,0.5086843247937474,-0.0070736043549365435,-0.04110425333315266,0.034030648978216116,0.0,-1.2369201770634513
2024-03-14,-0.23643074250976986,0.006745621437019711,0.0138397723393111,-0.00709415090229139,1.0,-1.473350919573221
2024-03-15,0.2835432045158489,0.0027132328561066447,-0.011807014859358965,0.01452024771546561,1.0,-1.189807715057372
2024-03-18,-0.1752062527138515,-0.0014827456037030784,0.002410699551518578,-0.0038934451552216564,0.0,-1.3650139677712236
2024-03-19,0.1506730351715154,-0.0029664716590857773,-0.0136108014907664,0.010644329831680623,0.0,-1.2143409325997083
2024-03-20,-0.08706035605731655,0.0037888357589613334,0.0012440023289800222,0.0025448334299813112,1.0,-1.3014012886570248
2024-03-21,-0.06773773339122884,0.010207040079350546,0.007528464383917601,0.0026785756954329446,1.0,-1.3691390220482536
2024-03-22,-0.17357794181502387,0.0031277147071131655,0.006964073933661833,-0.0038363592265486675,1.0,-1.5427169638632774
2024-03-26,0.0377768128528007,0.0036759052967926115,-0.0003701660277870111,0.004046071324579623,1.0,-1.5049401510104767
2024-03-27,-0.0060790273556231,-0.000701517422000411,-1.4220110719366519e-05,-0.0006872973112810445,0.0,-1.5110191783660998
2024-03-28,-0.2003907946157186,0.014037178938467324,0.015724306632118767,-0.0016871276936514436,1.0,-1.7114099729818184
2024-04-01,-0.07045158488927486,0.005037997148007556,0.006438659240989411,-0.0014006620929818553,1.0,-1.7818615578710932
2024-04-02,-0.2434867564046895,-0.001489566591558267,0.006346912652004978,-0.007836479243563245,0.0,-2.025348314275783
2024-04-03,-0.1033434650455927,-0.001495562469695567,0.0006521072535045108,-0.0021476697232000776,0.0,-2.1286917793213758
2024-04-04,0.2936387320885801,0.007979199589883022,-0.0024207301390068,0.010399929728889822,1.0,-1.8350530472327957
2024-04-05,0.16934433347807207,-0.0006616668424052111,-0.003076248002625544,0.002414581160220333,0.0,-1.6657087137547237
2024-04-08,-0.07381676074685194,0.006065839087327044,0.006558608245430935,-0.0004927691581038908,1.0,-1.7395254745015756
2024-04-09,-0.1255970473295701,-0.003912433815396256,-0.0008267618132033112,-0.0030856720021929444,0.0,-1.8651225218311458
2024-04-10,0.0961788970907512,0.005288177816358111,0.0030918564067208333,0.002196321409637278,1.0,-1.7689436247403947
2024-04-12,0.1718410768562744,-0.005170508743541382,-0.01218852274789872,0.007018014004357339,0.0,-1.5971025478841203
2024-04-15,-0.10670864090316978,-0.012563565935957966,-0.013584638115929134,0.0010210721799711678,0.0,-1.7038111887872902
2024-04-16,-0.17010421189752498,-0.009610459940396355,-0.0027627151996683554,-0.006847744740727999,0.0,-1.873915400684815
2024-04-18,-0.024533217542336085,-0.010974873622493612,-0.0038223380059249556,-0.007152535616568656,0.0,-1.8984486182271512
2024-04-19,-0.0034737299174989146,0.0045380732620827445,0.004105494425622234,0.00043257883646051053,1.0,-1.90192234814465
2024-04-22,0.1258141554494138,0.007604571694977299,0.008034049573282277,-0.0004294778783049784,1.0,-1.7761081926952362
2024-04-23,0.026487190620929222,0.005145098154597512,0.005412201446737477,-0.0002671032921399653,1.0,-1.749621002074307
2024-04-24,-0.009444203213200175,0.0036472877314609555,0.005137221586931245,-0.0014899338554702894,1.0,-1.7590652052875073
2024-04-25,-0.17965696917064697,0.006497599192173122,0.013460951251315058,-0.006963352059141936,1.0,-1.9387221744581542
2024-04-26,0.08847155883630047,0.008615112740974288,-0.005044395471123612,0.013659508212097899,1.0,-1.8502506156218537
2024-04-29,0.023556231003039517,-0.0009619419177638228,0.005885519792028955,-0.0068474617097927775,0.0,-1.8266943846188142
2024-04-30,-0.04895788102475033,-0.002895019583521489,0.0022172143454380006,-0.00511223392895949,0.0,-1.8756522656435646
2024-05-02,-0.2797438124185844,-0.0024312066944922996,0.010377276146455165,-0.012808482840947464,0.0,-2.155396078062149
2024-05-03,0.03951367781155015,0.0018796883161336553,-0.006132571287758345,0.008012259603892,1.0,-2.1158824002505985
2024-05-06,0.20364741641337386,0.0009360256492387221,-0.0045855984237172225,0.005521624072955944,1.0,-1.9122349838372246
2024-05-07,0.2331741207121146,-0.0051782721006862,-0.015088082815622288,0.009909810714936088,0.0,-1.67906086312511
2024-05-08,-0.32837603126356923,0.0003366803935203778,0.010904089974603166,-0.010567409581082788,1.0,-2.0074368943886793
2024-05-09,-0.07023447676943118,-0.02107943050830181,-0.01131777942486959,-0.00976165108343222,0.0,-2.0776713711581105
2024-05-10,-0.2003907946157186,0.00926169622912931,0.015316267937252333,-0.006054571708123022,1.0,-2.278062165773829
2024-05-13,0.23480243161094225,0.006631418187754489,3.3372952640965266e-06,0.006628080892490393,1.0,-2.043259734162887
2024-05-14,-0.32056013894919666,0.0031803041136942,0.014871213519777434,-0.011690909406083234,1.0,-2.3638198731120834
2024-05-15,-0.266391663048198,-0.0038626656169960774,0.0051910801342342555,-0.009053745751230333,0.0,-2.6302115361602816
2024-05-16,0.2463091619626574,0.009054921250500534,0.001083106656477589,0.007971814594022944,1.0,-2.383902374197624
2024-05-17,-0.23208858011289624,-0.001540807318230089,0.006984952878712778,-0.008525760196942867,0.0,-2.6159909543105204
2024-05-21,-0.10551454624402953,0.00393089997077279,0.012578991947733677,-0.008648091976960887,1.0,-2.72150550055455
2024-05-22,0.37006079027355615,0.0030361105438065,-0.004442336160676767,0.0074784467044832666,1.0,-2.351444710280994
2024-05-23,-0.12537993920972643,0.010890282473588201,0.018366578293006634,-0.007476295819418433,1.0,-2.4768246494907205
2024-05-24,-0.2234042553191489,-0.004529933512751356,0.0012280959198248,-0.005758029432576156,0.0,-2.7002289048098693
2024-05-27,0.14339991315675205,-0.001347903496353044,-0.008830705024837855,0.007482801528484811,0.0,-2.5568289916531173
2024-05-28,0.448762483716891,0.009221194076658834,-0.004769797409026277,0.013990991485685111,1.0,-2.1080665079362264
2024-05-29,-0.1593573599652627,-0.0066033623124520996,-0.0020005088288950553,-0.004602853483557044,0.0,-2.2674238679014893
2024-05-30,-0.04168475900998697,-0.015375151659427056,-0.01641794082589666,0.0010427891664696026,0.0,-2.3091086269114762
2024-05-31,-0.007056013894919669,0.007024330117049433,0.002645515994502311,0.004378814122547122,1.0,-2.316164640806396
2024-06-03,-0.3950282240555797,0.012963018190954492,0.045976488964330486,-0.03301347077337599,1.0,-2.711192864861976
2024-06-04,0.4615718627876682,-0.03251423544103529,-0.11279767546291793,0.08028344002188265,0.0,-2.2496210020743077
2024-06-05,-0.13287016934433346,0.03661995944398104,0.04192265848034194,-0.005302699036360901,1.0,-2.382491171418641
2024-06-06,0.05036908380373426,0.013497994553468656,0.006970161640309123,0.006527832913159532,1.0,-2.332122087614907
2024-06-07,0.06057316543638732,0.02419349251636073,0.024379508005334102,-0.0001860154889733734,1.0,-2.2715489221785194
2024-06-10,-0.2712765957446808,-0.005384104777401978,0.0042052945471163,-0.009589399324518279,0.0,-2.5428255179232004
2024-06-11,-0.2988493269648285,-0.0021695213371221334,0.0051943807649642675,-0.0073639021020864,0.0,-2.841674844888029
2024-06-12,-0.10584020842379505,0.004365225501239267,0.004760630643848855,-0.0003954051426095888,1.0,-2.9475150533118244
2024-06-13,0.1886669561441598,0.008753599260434832,0.0047046883174264665,0.004048910943008366,1.0,-2.7588480971676645
2024-06-14,-0.16478506296135473,-0.0012961997146256445,0.004470620101664155,-0.0057668198162898,0.0,-2.923633160129019
2024-06-18,0.0869518019973947,0.005292360616801833,0.002086099499929545,0.003206261116872288,1.0,-2.8366813581316244
2024-06-19,0.1498046026921407,-0.00882932137735631,-0.014551857404316967,0.005722536026960656,0.0,-2.6868767554394837
2024-06-20,0.024858879722101605,-0.00024386453441098874,-0.005251437115073266,0.005007572580662278,0.0,-2.6620178757173822
2024-06-21,0.1836734693877551,0.0023265155034723553,-0.003594241054057478,0.005920756557529833,1.0,-2.478344406329627
2024-06-24,-0.1223404255319149,0.0009034404898970558,0.0034655827174737888,-0.002562142227576733,1.0,-2.600684831861542
2024-06-25,0.3631133304385584,0.004116195854913368,-0.006620497058413367,0.010736692913326736,1.0,-2.2375715014229836
2024-06-26,0.2976552323056882,0.0031018962701285335,-0.004765668686384011,0.007867564956512545,1.0,-1.9399162691172953
2024-06-27,0.093573599652627,0.0107577431386936,0.003047056722755089,0.007710686415938511,1.0,-1.8463426694646683
2024-06-28,0.16663048198002603,0.0056919777101084685,-0.0010222046234936106,0.006714182333602079,1.0,-1.6797121874846423
2024-07-01,0.05026052974381242,0.004313866781479033,0.005782909499878578,-0.001469042718399545,1.0,-1.62945165774083
2024-07-02,-0.06317846287451151,-0.005399208233092778,-0.002311003888515573,-0.0030882043445772047,0.0,-1.6926301206153416
2024-07-03,0.054819800260529745,0.0069475435150068,0.01024709664134662,-0.0032995531263398208,1.0,-1.6378103203548118
2024-07-04,0.07425097698653929,0.0023189864544983776,0.0020276104373449667,0.00029137601715341094,1.0,-1.5635593433682724
2024-07-05,0.0692574902301346,0.0028699496781679113,0.0031425916585242257,-0.0002726419803563145,1.0,-1.4943018531381378
2024-07-08,0.14969604863221883,-0.004563692875693633,-0.009011314029778244,0.00444762115408461,0.0,-1.344605804505919
2024-07-09,-0.13840642640034737,0.0028935826682256445,0.006934237586855967,-0.004040654918630322,1.0,-1.4830122309062663
2024-07-10,0.2470690403821103,0.001351831476017522,-0.01037079020073482,0.011722621676752342,1.0,-1.235943190524156
2024-07-11,0.23740772904906643,0.004958645581425555,-0.0034982829862629777,0.008456928567688532,1.0,-0.9985354614750896
2024-07-12,0.05590534085974815,0.01334280569417709,0.004019472271521256,0.009323333422655834,1.0,-0.9426301206153415
2024-07-15,-0.06643508467216673,0.003639528405694245,0.008727317184072346,-0.005087788778378101,1.0,-1.0090652052875082
2024-07-16,0.09704732957012592,0.0037929250815563415,-0.0008764510195651888,0.004669376101121531,1.0,-0.9120178757173822
2024-07-18,0.12331741207121147,0.010621045077149567,0.008901634302053776,0.0017194107750957907,1.0,-0.7887004636461707
2024-07-19,0.11539296569691705,-0.017849511347412823,-0.020028496637014555,0.002178985289601733,0.0,-0.6733074979492537
2024-07-22,0.03853669127225358,0.006033106722719833,-0.003633215261738023,0.009666321984457856,1.0,-0.6347708066770001
2024-07-23,0.15316977854971775,0.0007431446740752449,-0.00854479853075421,0.009287943204829455,1.0,-0.4816010281272824
2024-07-24,0.09628745115067303,0.0015793493673378668,-0.003951112231043156,0.005530461598381022,1.0,-0.3853135769766094
2024-07-25,0.020842379504993486,0.004164780439949844,-0.0017119260436252444,0.005876706483575089,1.0,-0.36447119747161594
2024-07-26,0.15392965696917063,0.02213403397786829,0.014748910115220646,0.007385123862647645,1.0,-0.2105415405024453
2024-07-29,-0.05221450282240556,-0.0019690170993396554,-0.0009152241742785335,-0.001053792925061122,0.0,-0.26275604332485086
2024-07-30,0.26172383847155883,0.0006362579752630112,-0.0047433706359288,0.005379628611191812,1.0,-0.0010322048532920292
2024-07-31,0.2886452453321754,0.010525623182640989,0.001775479145548944,0.008750144037092044,1.0,0.28761304047888336
2024-08-01,-0.06513243595310465,1.1627537669633326e-05,0.000541455016146245,-0.0005298274784766116,1.0,0.22248060452577872
2024-08-02,0.29320451584889273,-0.006105640249599367,-0.018281266892730248,0.01217562664313088,0.0,0.5156851203746715
2024-08-05,0.3041684759009987,-0.018464366449302022,-0.03412472195517497,0.01566035550587295,0.0,0.8198535962756702
2024-08-06,0.0914025184541902,-0.002055587088190933,0.0009736924657604327,-0.003029279553951366,0.0,0.9112561147298605
2024-08-07,0.08912288319583152,0.0195341443192915,0.02119225648001832,-0.0016581121607268205,1.0,1.000378997925692
2024-08-08,-0.07392531480677378,-0.013044264597064977,-0.012039848659014979,-0.0010044159380499986,0.0,0.9264536831189183
2024-08-09,-0.013026487190620929,0.008455509052208867,0.005414683880783011,0.0030408251714258566,1.0,0.9134271959282974
2024-08-12,0.10877116804168475,0.0018187047144008002,-0.0019168189032881557,0.0037355236176889557,1.0,1.022198363969982
2024-08-13,-0.10822839774207556,-0.011747166524703057,-0.003882125474338285,-0.007865041050364771,0.0,0.9139699662279065
2024-08-14,0.06469821971341728,-0.0070031776268964984,-0.008387709351120454,0.0013845317242239556,0.0,0.9786681859413238
2024-08-16,-0.0438558402084238,0.014944238892104975,0.015145525509571343,-0.00020128661746636814,1.0,0.9348123457329
2024-08-19,-0.15870603560573165,0.006830033088633279,0.006391738806965633,0.00043829428166764547,1.0,0.7761063101271684
2024-08-20,-0.1175640468953539,0.0033638390600807663,0.010132517277043755,-0.006768678216962989,1.0,0.6585422632318144
2024-08-21,0.10193226226660877,0.008582607908023357,0.005167676669255789,0.0034149312387675677,1.0,0.7604745254984232
2024-08-22,0.34596178897090757,0.005003987085676907,-0.006967372456085877,0.011971359541762785,1.0,1.1064363144693308
2024-08-23,-0.0007598784194528875,0.0007789197470995335,-0.0028192212582882226,0.0035981410053877562,1.0,1.1056764360498779
2024-08-26,-0.14611376465479808,0.006922050329915411,0.010266262199620199,-0.003344211869704788,1.0,0.9595626713950798
2024-08-27,0.0,-0.0033085910224998002,-4.7617025812722126e-05,-0.0032609739966870783,0.0,0.9595626713950798
2024-08-28,-0.2789839339991315,0.0034537166839120996,0.008256050383320923,-0.004802333699408823,1.0,0.6805787373959482
2024-08-29,-0.04798089448545375,-0.0010074339162818335,0.004257172027750867,-0.0052646059440327,0.0,0.6325978429104945
2024-08-30,-0.06708640903169778,0.0042932554983399,0.004024199045197144,0.0002690564531427561,1.0,0.5655114338787967
2024-09-02,0.13080764220581848,0.0035412043958508435,0.007518344668544312,-0.003977140272693468,1.0,0.6963190760846152
2024-09-03,-0.03332609639600521,-0.0021413246741194,0.0018238276183207111,-0.003965152292440112,0.0,0.6629929796886099
2024-09-04,0.11463308727746417,0.0021471808108787095,-0.005063522528580689,0.007210703339459399,1.0,0.7776260669660741
2024-09-05,0.27073382544507163,0.0031922586880614775,-0.00669206176803709,0.009884320456098567,1.0,1.0483598924111457
2024-09-06,0.16988710377768126,-0.0059269720097374886,-0.009431098019979234,0.0035041260102417456,0.0,1.218246996188827
2024-09-09,0.06643508467216673,0.003299132126422011,0.00038144217598838924,0.0029176899504336218,1.0,1.2846820808609936
2024-09-10,0.03897090751194095,0.007561727758262443,0.007499522293785366,6.220546447707753e-05,1.0,1.3236529883729344
2024-09-11,-0.2516283108988276,-0.004629269444429622,0.0037819023413849548,-0.008411171785814577,0.0,1.072024677474107
2024-09-12,0.07066869300911854,0.018661385616535377,0.01788784911376757,0.0007735365027678083,1.0,1.1426933704832254
2024-09-13,0.018996960486322188,-0.001007796621751044,-0.002005381167888867,0.000997584546137823,0.0,1.1616903309695477
2024-09-16,0.17032132001736863,0.0020844271560554665,-0.0006257160744943001,0.0027101432305497667,1.0,1.3320116509869162
2024-09-17,-0.31762917933130697,-0.002966007848670022,0.006961798740781689,-0.00992780658945171,0.0,1.0143824716556091
2024-09-18,0.19018671298306553,0.0001259654469157774,-0.003500233617236312,0.0036261990641520895,1.0,1.2045691846386746
2024-09-19,0.18823273990447245,0.003846349680627433,-0.004403503009141488,0.008249852689768921,1.0,1.392801924543147
2024-09-20,-0.07967867998263135,0.012221253600492532,0.013748803868715744,-0.0015275502682232118,1.0,1.3131232445605157
2024-09-23,-0.11148501953973078,0.007665034053376744,0.009707973893621866,-0.0020429398402451214,1.0,1.2016382250207849
2024-09-24,0.04939209726443768,0.004711137730365789,0.0008911568281388218,0.0038199809022269673,1.0,1.2510303222852226
2024-09-25,-0.10714285714285714,0.0020882261205593332,0.006878051503629654,-0.004789825383070321,1.0,1.1438874651423654
2024-09-26,-0.11886669561441597,0.005108222043740288,0.011366419493926644,-0.006258197450186355,1.0,1.0250207695279494
2024-09-27,-0.04418150238818931,0.0006847914120063336,-0.0013373393271520876,0.002022130739158421,1.0,0.9808392671397601
2024-09-30,0.019648284845853233,-0.007769560858937843,-0.007345215823359545,-0.0004243450355782977,0.0,1.0004875519856133
2024-10-01,-0.1392748588797221,-0.0048248752116673895,0.003367596148527089,-0.008192471360194478,0.0,0.8612126931058912
2024-10-03,0.03897090751194095,-0.018789197964304824,-0.016660921336874756,-0.002128276627430068,0.0,0.9001836006178322
2024-10-04,0.1683673469387755,-0.006591314833894434,-0.011314066208359877,0.004722751374465444,0.0,1.0685509475566077
2024-10-07,-0.33011289622231876,-0.012896967020310377,-0.0030424300006563227,-0.009854537019654054,0.0,0.738438051334289
2024-10-08,0.17857142857142858,0.018094878668340232,0.002901480428877978,0.015193398239462254,1.0,0.9170094799057176
2024-10-09,-0.14383412939643941,-0.0010841323004448422,-0.000651148721889277,-0.0004329835785555652,0.0,0.7731753505092782
2024-10-10,0.12537993920972643,-0.0034035542986587336,-0.007697864648684165,0.004294310350025431,0.0,0.8985552897190047
2024-10-11,0.04461571862787668,0.0006008545924162002,0.004620484300556289,-0.004019629708140089,1.0,0.9431710083468814
2024-10-14,0.06697785497177594,0.00842425188797081,0.006925599728727411,0.0014986521592433993,1.0,1.0101488633186573
2024-10-15,-0.04320451584889275,-0.008121589476943745,-0.004447555776093255,-0.0036740337008504898,0.0,0.9669443474697645
2024-10-16,0.0005427702996092054,-0.0017978103171519223,-0.0044002997262753,0.002602489409123378,0.0,0.9674871177693738
2024-10-17,0.1136561007381676,-0.0096155434101939,-0.024175336735608923,0.014559793325415023,0.0,1.0811432185075414
2024-10-18,-0.1374294398610508,0.004109502356598833,0.009965478813270133,-0.0058559764566713,1.0,0.9437137786464905
2024-10-21,-0.21526270082501084,-0.01830905243545257,-0.0010865493934682667,-0.0172225030419843,0.0,0.7284510778214797
2024-10-22,-0.20169344333478073,-0.02191241896147888,-0.015848725951986813,-0.006063693009492065,0.0,0.5267576344866989
2024-10-23,0.161202778983934,0.0009914731171749335,-0.006860042359325944,0.007851515476500877,1.0,0.6879604134706329
2024-10-24,-0.2502171081198437,-0.004623565775319655,0.0003842605607313117,-0.005007826336050967,0.0,0.43774330535078915
2024-10-25,-0.13677811550151975,-0.012582242917350642,-0.010974778801667478,-0.0016074641156831639,0.0,0.3009651898492694
2024-10-28,0.02811550151975684,0.012773939275845045,0.010920799254354978,0.0018531400214900663,1.0,0.32908069136902623
2024-10-29,0.13623534520191055,0.004425304280042377,-0.005710842944323388,0.010136147224365765,1.0,0.4653160365709368
2024-10-30,0.1643508467216674,0.0022580993838316214,-0.007912477907674544,0.010170577291506167,1.0,0.6296668832926042
2024-10-31,0.10236647850629613,0.0007197904428024882,-0.008431482195903957,0.009151272638706446,1.0,0.7320333617989003
2024-11-01,0.08575770733825445,0.004467023096707755,0.005096128937950778,-0.0006291058412430228,1.0,0.8177910691371548
2024-11-04,-0.13037342596613113,-0.021899091458999168,-0.012782358633443854,-0.009116732825555314,0.0,0.6874176431710237
2024-11-05,0.06187581415544941,0.005611874295794044,0.004323063264171611,0.001288811031622433,1.0,0.7492934573264731
2024-11-06,-0.2026704298740773,0.0006576111603341777,0.012457399310332977,-0.0117997881499988,1.0,0.5466230274523958
2024-11-07,0.13059053408597482,-0.012855136985941755,-0.013057770917488111,0.00020263393154635635,0.0,0.6772135615383705
2024-11-08,0.09216239687364307,0.0006421147551223554,-0.0043342269659881,0.004976341721110456,1.0,0.7693759584120136
2024-11-11,-0.06610942249240122,-0.009421671059358112,-0.0007145979898323106,-0.008707073069525801,0.0,0.7032665359196123
2024-11-12,-0.34183673469387754,-0.012635243429459798,-0.004141721418846867,-0.00849352201061293,0.0,0.36142980122573476
2024-11-13,0.01020408163265306,-0.01536830689678861,-0.013985367475352799,-0.0013829394214358113,0.0,0.37163388285838783
2024-11-14,-0.19908814589665652,-0.004417295961027122,0.005495175985290724,-0.009912471946317846,0.0,0.1725457369617313
2024-11-18,0.02095093356491533,-0.004852309053194757,-0.0013779978427550224,-0.003474311210439734,0.0,0.19349667052664665
2024-11-19,-0.029364670133212138,-0.002857827904152456,0.0005812463666334329,-0.003439074270785889,0.0,0.1641320003934345
2024-11-21,-0.1982197134172818,-0.03267538128228231,-0.017047937824897722,-0.01562744345738459,0.0,-0.034087713023847305
2024-11-22,0.0121580547112462,0.019018115389820876,0.022744415719001456,-0.0037263003291805805,1.0,-0.021929658312601102
2024-11-25,0.09389926183239251,0.014476984355348634,0.005654962245330301,0.008822022110018334,1.0,0.07196960351979141
2024-11-26,-0.08043855840208423,-0.005803934373413923,0.0012220139439046776,-0.007025948317318601,0.0,-0.008468954882292823
2024-11-27,0.1276595744680851,0.011065397283318045,-0.003485264344741555,0.0145506616280596,1.0,0.11919061958579227
2024-11-28,0.07240555796786799,-0.018589324350335765,-0.01587160648845968,-0.002717717861876086,0.0,0.19159617755366026
2024-11-29,0.06752062527138515,0.013195844746723322,0.011538353877964501,0.0016574908687588211,1.0,0.2591168028250454
2024-12-02,-0.21938775510204084,0.00023752540377173308,0.011646234945998988,-0.011408709542227254,1.0,0.03972904772300456
2024-12-03,0.13482414242292662,0.011354239432555467,0.004165830074939978,0.007188409357615489,1.0,0.17455319014593118
2024-12-04,-0.1950716456795484,0.0023030800312724333,0.003905226580375981,-0.0016021465491035478,1.0,-0.020518455533617225
2024-12-05,-0.11376465479808943,0.002038961736712067,0.008075892694151201,-0.006036930957439134,1.0,-0.13428311033170665
2024-12-06,0.043095961788970905,-0.0017405055325132774,-0.0020812582343142432,0.0003407527018009658,0.0,-0.09118714854273574
2024-12-09,-0.21580547112462004,-0.009292074274736035,-0.0047877852890072115,-0.004504288985728824,0.0,-0.3069926196673558
2024-12-10,-0.3506296135475467,-0.005397422571605334,0.005152692913411311,-0.010550115485016645,0.0,-0.6576222332149024
2024-12-11,0.20049934867564043,0.007656750462775855,0.004580475907165711,0.003076274555610144,1.0,-0.457122884539262
2024-12-12,-0.23425966131133305,-0.007359782805549633,0.002091899168168189,-0.009451681973717822,0.0,-0.691382545850595
2024-12-13,-0.12331741207121147,0.0025016236922315565,0.007898323839594412,-0.005396700147362855,1.0,-0.8146999579218065
2024-12-16,-0.0028224055579678677,-0.0030964417336777224,-0.005235535237199645,0.0021390935035219224,0.0,-0.8175223634797744
2024-12-17,-0.27431610942249235,-0.0154377305853827,-0.008020031216104923,-0.007417699369277778,0.0,-1.0918384729022668
2024-12-18,-0.23491098567086408,-0.009972121789807022,-0.0017234207033188886,-0.008248701086488133,0.0,-1.3267494585731308
2024-12-19,0.26042118975249673,-0.0018715916014656554,-0.011194390256930023,0.009322798655464367,0.0,-1.0663282688206341
2024-12-20,-0.08250108554059922,-0.018225302350923844,-0.014516991477893513,-0.0037083108730303314,0.0,-1.1488293543612333
2024-12-23,-0.15979157620495005,0.0018751055255813666,0.004668438534123977,-0.0027933330085426105,1.0,-1.3086209305661833
2024-12-24,0.3778766825879288,0.0034341177561238887,-0.005905197117825275,0.009339314873949164,1.0,-0.9307442479782546
2024-12-26,-0.09498480243161093,0.006165727467947178,0.0044931837494832155,0.0016725437184639622,1.0,-1.0257290504098655
2024-12-27,-0.14893617021276598,0.00010460132893818849,0.004026463263244556,-0.003921861934306367,1.0,-1.1746652206226316
2024-12-30,0.1665219279201042,-0.0023501840476120328,-0.0026366727404349218,0.000286488692822889,0.0,-1.0081432927025273
2024-12-31,0.021819366044290054,-0.0030763929347923003,0.0009423801198723223,-0.0040187730546646224,0.0,-0.9863239266582373
2025-01-01,0.3051454624402953,0.0042029945202889,-7.1977093656779556e-06,0.004210192229654578,1.0,-0.681178464217942
2025-01-02,0.052974381241858444,0.016661247384020212,0.02310795560381308,-0.006446708219792867,1.0,-0.6282040829760835
2025-01-03,0.4199956578376031,-0.0018225909245461222,-0.01294028679074539,0.011117695866199267,0.0,-0.20820842513848042
2025-01-06,-0.3861267911419887,-0.021313705985928636,-0.008069549284925334,-0.013244156701003302,0.0,-0.5943352162804691
2025-01-07,0.2826747720364742,0.007268777581343689,-0.0015969968041174777,0.008865774385461166,1.0,-0.31166044424399497
2025-01-08,0.21233174120712112,0.004042082207276767,-0.007885519835092267,0.011927602042369034,1.0,-0.09932870303687386
2025-01-09,-0.07935301780286583,-0.010160219629499923,-0.007908040367586923,-0.002252179261913,0.0,-0.17868172083973968
2025-01-10,-0.2917933130699088,-0.007459121760510746,0.006006735189724267,-0.013465856950235014,0.0,-0.4704750339096485
2025-01-13,-0.07924446374294399,-0.023784085395997776,-0.017561207022857066,-0.0062228783731407104,0.0,-0.5497194976525925
2025-01-14,0.3746200607902735,0.03182386191476839,-0.008670239944859666,0.040494101859628054,1.0,-0.17509943686231905
2025-01-15,-0.10681719496309162,0.0014362390491063778,0.0014846644994013889,-4.8425450295011075e-05,1.0,-0.28191663182541066
2025-01-16,0.33011289622231876,0.017024398806288032,0.0029262782084228892,0.014098120597865143,1.0,0.048196264396908106
2025-01-17,0.3885149804602692,0.011921041501390764,-0.016162506332383888,0.028083547833774654,1.0,0.4367112448571773
2025-01-20,-0.16880156317846287,0.002150369360250622,0.015828621306084756,-0.013678251945834134,1.0,0.26790968167871443
2025-01-21,0.06969170646982197,-0.007893775495309788,-0.01522962054832149,0.0073358450530117015,0.0,0.3376013881485364
2025-01-22,-0.3573599652627008,-0.003818827001492889,0.010998947232205424,-0.014817774233698313,0.0,-0.0197585771141644
2025-01-23,-0.057642205818497605,0.005621544873376623,0.007580100278037855,-0.0019585554046612323,1.0,-0.077400782932662
2025-01-24,-0.3099218410768563,-0.010448853575361034,0.0006792136325746673,-0.011128067207935702,0.0,-0.3873226240095183
2025-01-27,0.019865392965696917,-0.012379695242409068,-0.01706134440232164,0.004681649159912572,0.0,-0.3674572310438214
2025-01-28,0.1141988710377768,0.0088878495983941,-0.003836021902518167,0.012723871500912268,1.0,-0.25325836000604457
2025-01-29,-0.09585323491098566,0.009095529639231954,0.01711814518917941,-0.008022615549947456,1.0,-0.34911159491703025
2025-01-30,0.008358662613981762,0.002442970396780244,0.004748209358693078,-0.0023052389619128335,1.0,-0.3407529323030485
2025-01-31,0.16728180633955708,0.015264088600889701,0.014064200815909743,0.001199887784979958,1.0,-0.1734711259634914
2025-02-01,0.009335649153278332,-0.008361730431991612,-0.007958768434305066,-0.0004029619976865465,0.0,-0.16413547681021307
2025-02-03,-0.46092053842813724,-0.014607905908375666,0.010503861058170302,-0.02511176696654597,0.0,-0.6250560152383503
2025-02-04,0.09422492401215807,0.021481427474636987,0.011650929537198654,0.009830497937438332,1.0,-0.5308310912261922
2025-02-05,0.08803734259661311,0.0028985932102085447,-0.0008542358659324225,0.0037528290761409673,1.0,-0.4427937486295791
2025-02-06,0.13080764220581848,-0.0033384790086026556,-0.0048739393430758445,0.001535460334473189,0.0,-0.3119861064237606
2025-02-07,0.15078158923143725,0.003199351336766667,-0.002794969271437256,0.005994320608203923,1.0,-0.16120451719232337
2025-02-10,-0.11094224924012157,-0.0162613036527763,-0.009554330634192601,-0.006706973018583699,0.0,-0.27214676643244495
2025-02-11,0.0019539730785931393,-0.013247470575632643,-0.017155209376825246,0.003907738801192603,0.0,-0.2701927933538518
2025-02-12,0.13276161528441163,0.003676222781223278,-0.003100337161046255,0.006776559942269533,1.0,-0.1374311780694402
2025-02-13,-0.0626356925749023,-0.005163512092498567,0.002274792988591478,-0.007438305081090045,0.0,-0.20006687064434248
2025-02-14,0.0462440295267043,-0.010608821956834467,-0.013062351276591,0.002453529319756533,0.0,-0.15382284111763816
2025-02-17,0.33391228831958314,0.012884411782798345,0.0023406216206368563,0.01054379016216149,1.0,0.18008944720194497
2025-02-18,-0.10811984368215373,0.0010696752364348773,0.0023118756026591003,-0.001242200366224223,1.0,0.07196960351979124
2025-02-19,0.04841511072514112,-0.0005056833616869664,-0.0023731624278245113,0.0018674790661375449,0.0,0.12038471424493236
2025-02-20,0.001519756838905775,0.010116754518714167,0.006134965839999822,0.003981788678714345,1.0,0.12190447108383813
2025-02-21,-0.062092922275293096,-0.006296305014395045,-0.0021386834570279994,-0.004157621557367046,0.0,0.059811548808545036
2025-02-24,0.0790273556231003,-0.007926011832486644,-0.010287498008042146,0.002361486175555502,0.0,0.13883890443164534
2025-02-25,0.043964394268345634,0.00048214726393017794,-0.0035800644792762792,0.004062211743206457,1.0,0.18280329869999098
2025-02-27,-0.2357794181502388,-0.009322570452612922,0.007673904074399468,-0.01699647452701239,0.0,-0.05297611945024783
2025-02-28,0.26356925749023014,-0.017316505050965346,-0.029879413085630628,0.012562908034665282,0.0,0.2105931380399823
2025-03-03,-0.2085323491098567,-0.0011293119651680777,0.0060581462115494,-0.007187458176717477,0.0,0.0020607889301255955
2025-03-04,0.01715154146765089,-0.0076026816767919775,-0.0053593914570654,-0.0022432902197265774,0.0,0.019212330397776485
2025-03-05,0.30644811115935733,0.023919410240142977,0.007140520266792897,0.01677888997335008,1.0,0.3256604415571338
2025-03-06,-0.22210160660008685,0.006350803292152933,0.010112527109014257,-0.003761723816861324,1.0,0.10355883495704696
2025-03-07,0.12006079027355622,0.001417043482133111,-0.007063031994004996,0.008480075476138108,1.0,0.2236196252306032
2025-03-10,0.08260963960052106,-0.005182106235377033,-0.010484731002383932,0.0053026247670068995,0.0,0.3062292648311242
2025-03-11,-0.031589231437255755,-0.022699489804914215,0.004209848011121922,-0.026909337816036136,0.0,0.27464003339386844
2025-03-12,-0.200825010855406,-0.002633256713041977,0.003056866974980567,-0.0056901236880225435,0.0,0.07381502253846245
2025-03-13,0.1282023447676943,-0.00480848724654009,-0.0049347609928243,0.0001262737462842103,0.0,0.20201736730615674
2025-03-17,-0.4072948328267477,-0.0005412897691947333,0.009292167185520155,-0.009833456954714888,0.0,-0.20527746552059098
2025-03-18,0.1316148030067536,0.0,0.0,0.0,0.0,-0.07366266251383738
2025-03-19,-0.0034737299174989146,0.019030192826592456,0.022107266036615236,-0.00307707321002278,1.0,-0.0771363924313363
2025-03-20,0.14448545375597047,0.010268067647382712,0.00963549970415311,0.0006325679432296026,1.0,0.06734906132463417
2025-03-21,0.13949196699956576,0.009095442553263978,0.006979613990429666,0.0021158285628343123,1.0,0.20684102832419993
2025-03-24,0.0906426400347373,0.010876502681218545,0.011685872368940312,-0.0008093696877217674,1.0,0.29748366835893725
2025-03-25,0.040599218410768564,-0.0025499752921655998,-0.0008353045159557779,-0.0017146707762098218,0.0,0.3380828867697058
2025-03-26,0.12342596613113331,-0.0011092422668598782,-0.006367561584294744,0.005258319317434866,0.0,0.46150885290083915
2025-03-27,0.003799392097264438,0.008123176989201356,0.003735443102504055,0.0043877338866973,1.0,0.4653082449981036
2025-03-28,-0.1455709943551889,-0.013564836728141457,-0.004095269382093711,-0.009469567346047746,0.0,0.3197372506429147
2025-04-01,0.2907077724706904,0.005849823775146545,-0.012906149743482644,0.01875597351862919,1.0,0.6104450231136052
2025-04-02,0.06393834129396439,0.006733583359373722,0.0022055893149456776,0.004527994044428045,1.0,0.6743833644075695
2025-04-03,0.10670864090316978,-0.0013592623435499445,-0.006999395069176456,0.005640132725626511,0.0,0.7810920053107393
2025-04-04,-0.21265740338688666,-0.03603794588138443,-0.02376373910412859,-0.012274206777255842,0.0,0.5684346019238526
2025-04-07,0.11843247937472863,-0.025634257470889366,-0.03257226844029251,0.006938010969403146,0.0,0.6868670812985813
2025-04-08,-0.04298740772904906,0.017288895603363354,0.015851937708190277,0.0014369578951730771,1.0,0.6438796735695322
2025-04-09,-0.09194528875379938,-0.010108066519143633,-0.007253665634585855,-0.0028544008845577786,0.0,0.5519343848157329
2025-04-11,-0.10822839774207556,0.026088198793574265,0.026754103042506857,-0.0006659042489325917,1.0,0.4437059870736573
2025-04-15,0.03517151541467651,0.019200523543909945,0.0195254701163415,-0.0003249465724315531,1.0,0.47887750248833383
2025-04-16,0.1477420755536257,0.016706351650376046,0.006593861450512512,0.010112490199863534,1.0,0.6266195780419596
2025-04-17,0.036365610073816765,0.011178519438820832,0.005409508407072033,0.005769011031748799,1.0,0.6629851881157763
2025-04-21,-0.03072079895788102,0.010041664570823634,0.020581929086709846,-0.010540264515886213,1.0,0.6322643891578953
2025-04-22,-0.06752062527138515,-0.00595282122302869,-0.006392634429786189,0.000439813206757499,0.0,0.5647437638865102
2025-04-23,0.3962223187147199,0.028762192571576577,0.0034326075136227557,0.02532958505795382,1.0,0.9609660826012301
2025-04-24,0.024099001302648717,-0.0009558935604431114,0.001411217984550045,-0.0023671115449931564,0.0,0.9850650839038788
2025-04-25,0.1519756838905775,-0.008753984702119723,-0.015249767698756609,0.006495782996636886,0.0,1.1370407677944563
2025-04-28,-0.07207989578810248,0.009371145866915788,0.001140967765939489,0.0082301781009763,1.0,1.064960872006354
2025-04-29,0.22915762049500651,0.0029298994570891557,-0.0038715982013969447,0.006801497658486101,1.0,1.2941184925013605
2025-04-30,0.14839339991315675,0.0016036055770687777,-0.005736932367257156,0.007340537944325934,1.0,1.4425118924145173
2025-05-02,-0.07522796352583586,-0.008407592624946234,-0.0019039129130752669,-0.006503679711870967,0.0,1.3672839288886813
2025-05-05,-0.03842813721233174,0.006020296666688433,0.0033450529659035996,0.0026752437007848337,1.0,1.3288557916763497
2025-05-06,0.10790273556231002,-6.149691668194486e-05,-0.0048070937216243455,0.0047455968049424,0.0,1.4367585272386598
2025-05-07,-0.050043421623968735,0.0003675039286345779,0.0002981149715695553,6.938895706502259e-05,1.0,1.3867151056146911
2025-05-08,-0.07218844984802432,-0.007377628024458355,-0.009331707428740454,0.001954079404282099,0.0,1.3145266557666668
2025-05-09,0.29342162396873644,-0.004448228243397644,-0.012757404869813733,0.008309176626416089,0.0,1.6079482797354032
2025-05-12,-0.13178462874511507,0.02908247846242297,0.04197764557290613,-0.012895167110483163,1.0,1.4761636509902882
2025-05-13,0.00021710811984368216,-0.010803766892653211,-0.008728028245838345,-0.002075738646814866,0.0,1.476380759110132
2025-05-14,0.2129830655666522,0.009459693556482412,0.005109175706701844,0.004350517849780568,1.0,1.6893638246767841
2025-05-15,-0.30167173252279633,0.009910061664525712,0.019880727187732622,-0.00997066552320691,1.0,1.387692092153988
2025-05-16,0.004342162396873643,0.0006331382917869665,-0.0018266563024239334,0.0024597945942109,1.0,1.3920342545508615
2025-05-19,0.007924446374294397,0.004283854675960356,-0.0017737502212258334,0.006057604897186189,1.0,1.399958700925156
2025-05-20,0.1643508467216674,-0.007635776905183479,-0.012017495622486277,0.0043817187173027985,0.0,1.5643095476468234
2025-05-21,0.11561007381676074,0.008769092451034223,0.004268249100851799,0.004500843350182424,1.0,1.679919621463584
2025-05-22,-0.45104211897524965,-0.016535661736372012,-0.001562968164159211,-0.0149726935722128,0.0,1.2288775024883345
2025-05-23,-0.001845419018671298,0.010564046282834656,0.009153336803073345,0.0014107094797613101,1.0,1.2270320834696633
2025-05-26,0.116804168475901,0.0077043191495309105,0.007241547938665922,0.0004627712108649885,1.0,1.3438362519455642
2025-05-27,0.17053842813721234,-0.004774139162334078,-0.0037580587948577884,-0.0010160803674762893,0.0,1.5143746800827766
2025-05-28,-0.12396873643074251,-0.007904800289422666,-0.0050270162262847674,-0.002877784063137899,0.0,1.3904059436520342
2025-05-29,0.06057316543638732,0.0035420688921815107,0.0019634042413064,0.0015786646508751108,1.0,1.4509791090884214
2025-05-30,-0.1519756838905775,-0.008426490296705455,-0.004754595487628845,-0.0036718948090766106,0.0,1.299003425197844
2025-06-02,-0.061007381676074675,-0.0026626956110349783,0.0002836132296331445,-0.0029463088406681227,0.0,1.2379960435217692
2025-06-03,0.27333912288319584,-0.004463291571456989,-0.012156223823953233,0.007692932252496244,0.0,1.511335166404965
2025-06-04,0.08184976118106817,0.002636665236723978,0.001084617717090589,0.001552047519633389,1.0,1.5931849275860333
2025-06-05,0.07826747720364742,0.0008374989622934778,0.0004349717860146667,0.00040252717627881106,1.0,1.6714524047896806
2025-06-06,-0.059487624837168906,0.017392268347403636,0.012356988624563824,0.0050352797228398125,1.0,1.6119647799525116
2025-06-09,0.05395136778115501,0.007281238021507089,0.004017730665894422,0.0032635073556126675,1.0,1.6659161477336666
2025-06-10,0.231545809813287,0.004910007981204934,-0.002031688178392689,0.006941696159597623,1.0,1.8974619575469536
2025-06-11,0.07805036908380372,0.009613438135545278,0.00021179721577041134,0.009401640919774867,1.0,1.9755123266307573
2025-06-12,-0.11137646547980894,-0.013091621386754479,-0.004933948832963244,-0.008157672553791235,0.0,1.8641358611509484
2025-06-13,0.1435084672166739,-0.003971710987859578,-0.008774968242209667,0.004803257254350089,0.0,2.0076443283676224
2025-06-16,0.1368866695614416,0.011492881028601645,0.009380213810197912,0.002112667218403733,1.0,2.144530997929064
2025-06-17,0.26248371689101174,-0.0012145222094102864,-0.010154658736184565,0.008940136526774278,0.0,2.407014714820076
2025-06-18,0.13211029092488058,0.005575784244495822,-0.0003016011590076779,0.0058773854035035,1.0,2.5391250057449564
2025-06-19,-0.2212331741207121,-0.0036523898491784886,-0.005490831645566377,0.0018384417963878885,0.0,2.317891831624244
2025-06-20,0.04277029960920538,0.008799487645306421,0.007728018180988456,0.0010714694643179654,1.0,2.3606621312334495
2025-06-23,-0.38808076422058185,-0.010748184681391354,0.0005289462605399554,-0.011277130941931309,0.0,1.9725813670128676
2025-06-24,-0.21417716022579245,0.0031496061027733216,0.004524886329056512,-0.00137528022628319,1.0,1.758404206787075
2025-06-25,-0.008901432913590968,0.006562734444352644,0.00834093590944179,-0.001778201465089146,1.0,1.749502773873484
2025-06-26,-0.35269214068606164,0.006200551112145176,0.018985304040784787,-0.01278475292863961,1.0,1.3968106331874224
2025-06-27,-0.12505427702996091,-0.0005450140067233332,0.004939128537826855,-0.005484142544550189,0.0,1.2717563561574614
2025-06-30,0.0832609639600521,-0.00021161224428025604,-0.0035161763260700557,0.0033045640817897996,0.0,1.3550173201175135
2025-07-01,-0.1752062527138515,-0.002621090952441612,0.0015369029016525887,-0.0041579938540942,0.0,1.179811067403662
2025-07-02,0.14709075119409465,0.002033235299187822,-0.005106407754925688,0.00713964305411351,1.0,1.3269018185977566
2025-07-03,0.15555796786799828,0.0003438851734837889,-0.004408712297759622,0.004752597471243411,1.0,1.482459786465755
2025-07-04,0.1609856708640903,0.0034878062953438227,0.0017411796057492444,0.0017466266895945783,1.0,1.6434454573298451
2025-07-07,-0.0008684324793747286,-0.00020728871159323347,0.0015304250470594997,-0.0017377137586527332,0.0,1.6425770248504705
2025-07-08,-0.1845419018671298,-0.0003223503575240114,0.0045180956383455775,-0.004840445995869589,0.0,1.4580351229833408
2025-07-09,0.2564046895353886,0.0015077568667740556,-0.004319523443145144,0.0058272803099192,1.0,1.7144398125187295
2025-07-10,0.0401650021710812,-0.004782825607757123,-0.009397799125481566,0.004614973517724443,0.0,1.7546048146898106
2025-07-11,-0.08727746417716022,-0.0074036370679782006,-0.0010105013457228443,-0.0063931357222553565,0.0,1.6673273505126502
2025-07-14,0.06860616587060356,-0.005833189349059711,-0.0049571670009773885,-0.0008760223480823223,0.0,1.7359335163832539
2025-07-15,0.1445940078158923,0.0023028070088206673,0.0015891161653996443,0.000713690843421023,1.0,1.8805275241991461
2025-07-16,0.017694311767260096,0.0022011245025043997,-0.00046626005738048895,0.0026673845598848885,1.0,1.8982218359664063
2025-07-17,0.01650021710811984,0.0010453240067037333,-0.0014560301103906774,0.0025013541170944105,1.0,1.9147220530745261
2025-07-18,-0.16022579244463744,-0.006046554368862377,-0.0025969209446540667,-0.0034496334242083105,0.0,1.7544962606298886
2025-07-21,0.04038211029092487,-0.0003259689971096005,-0.00032316426756830006,-2.80472954130044e-06,0.0,1.7948783709208136
2025-07-22,0.03115501519756839,-0.0017158914708677556,-0.004783562016531712,0.003067670545663956,0.0,1.826033386118382
2025-07-23,0.1075770733825445,0.008851435248770556,0.0037758970115195226,0.005075538237251033,1.0,1.9336104595009265
2025-07-24,-0.034085974815458095,-0.007594295118322834,-0.0071237049806029094,-0.00047059013771992477,0.0,1.8995244846854684
2025-07-25,-0.15175857577073382,-0.012702354808671467,-0.006589697238616856,-0.006112657570054612,0.0,1.7477659089147346
2025-07-28,0.09042553191489362,-0.0028309758268467346,-0.022046217300684765,0.019215241473838032,0.0,1.8381914408296283
2025-07-29,-0.2808293530178029,0.0016643306320583441,0.007219812431500377,-0.005555481799442033,1.0,1.5573620878118253
2025-07-30,-0.07913590968302216,-0.0019522794690146,0.0073590265636941776,-0.009311306032708778,0.0,1.478226178128803
2025-07-31,-0.01693443334780721,-0.007066164661398465,-0.005705471510560489,-0.0013606931508379763,0.0,1.4612917447809959
2025-08-01,-0.05927051671732523,-0.020710858936091456,-0.01192102069907549,-0.008789838237015967,0.0,1.4020212280636706
2025-08-04,-0.12635692574902302,0.01455662789631548,0.016435051437484166,-0.0018784235411686868,1.0,1.2756643023146474
2025-08-05,-0.012375162831089881,0.0008620930367496889,-0.0001768576441251003,0.0010389506808747891,1.0,1.2632891394835575
2025-08-06,0.06068171949630916,-0.01107406076406909,-0.010462205168456388,-0.0006118555956127012,0.0,1.3239708589798667
2025-08-07,0.03110158222981618,0.002769994587907367,0.004277760961181823,-0.0015077663732744558,1.0,1.3550724412096828
2025-08-08,-0.13200173686495872,-0.0086700663367048,-0.009412653204560266,0.0007425868678554663,0.0,1.2230707043447242
2025-08-11,0.3307642205818498,0.00823050173643709,0.002788195008540889,0.005442306727896201,1.0,1.553834924926574
2025-08-12,0.21765089014329136,0.0009142088870083333,-0.006894920186172877,0.007809129073181211,1.0,1.7714858150698654
2025-08-13,-0.07913590968302216,0.0038455541390739114,0.008297817271199411,-0.0044522631321254995,1.0,1.6923499053868432
2025-08-14,-0.05188884064264003,-0.0013449106381498111,-0.003154105310100522,0.0018091946719507109,0.0,1.640461064744203
2025-08-18,-0.3137212331741207,0.003938184285497978,0.02812693271204548,-0.0241887484265475,1.0,1.3267398315700825
2025-08-19,0.030178028658271818,0.0016997575515608331,0.0024581486511147783,-0.0007583910995539451,1.0,1.3569178602283543
2025-08-20,0.036148501953973074,0.007322260640888766,0.0053713350675235,0.001950925573365266,1.0,1.3930663621823274
2025-08-21,0.051780286582718195,-0.0012820866970825442,-0.0017010093299001552,0.000418922632817611,0.0,1.4448466487650455
2025-08-22,-0.022687798523664784,-0.0061358020335444885,-0.004391162776832211,-0.0017446392567122774,0.0,1.4221588502413807
2025-08-25,0.16815023881893182,0.012060466632350811,0.004168328618723589,0.007892138013627223,1.0,1.5903090890603124
2025-08-26,-0.27681285280069473,-0.015335188445059565,-0.0014825256266018337,-0.013852662818457732,0.0,1.3134962362596176
2025-08-28,-0.4850195397307859,-0.015068158612334502,-0.0027399171524560666,-0.012328241459878436,0.0,0.8284766965288317
2025-08-29,-0.18009118541033434,-0.004194899704650845,0.003150913180213511,-0.007345812884864356,0.0,0.6483855111184974
2025-09-01,0.027898393399913155,0.0097556995118108,0.012309249297145268,-0.002553549785334468,1.0,0.6762839045184106
2025-09-02,0.20093356491532785,0.0015324306948609223,0.001222322724907311,0.00031010796995361136,1.0,0.8772174694337385
2025-09-03,-0.21026921406860616,-0.0014277815360530222,0.0046483985212223775,-0.0060761800572754,0.0,0.6669482553651322
2025-09-04,-0.1648936170212766,-0.0029858270724797435,-0.006602587933138133,0.0036167608606583893,0.0,0.5020546383438557
2025-09-05,-0.08488927485887972,-0.0020826893767312334,0.0033697693782099333,-0.005452458754941167,0.0,0.41716536348497596
2025-09-08,-0.2161311333043856,-0.0013630438500420335,0.010895418094709678,-0.012258461944751711,0.0,0.20103423018059036
2025-09-09,0.09411636995223623,0.008399262737813178,0.0003248381504320333,0.008074424587381144,1.0,0.29515060013282657
2025-09-10,0.25944420321320016,0.008776288777134433,-0.0003057653146762776,0.009082054091810711,1.0,0.5545948033460267
2025-09-11,-0.01801997394702562,2.9256031512777463e-05,-0.0006597594735851665,0.000689015505097944,1.0,0.5365748293990011
2025-09-12,-0.233959397752687,0.0005837676296050667,0.00973995557498779,-0.009156187945382723,1.0,0.3026154316463141
2025-09-15,0.1149587494572297,-0.0028161937812,-0.008085929580411556,0.005269735799211556,0.0,0.41757418110354383
2025-09-16,-0.2990664350846722,0.004131256389157038,0.007956936294714211,-0.003825679905557173,1.0,0.11850774601887165
2025-09-17,0.041033434650455926,0.0055692574818281436,0.005096035490513645,0.0004732219913144986,1.0,0.15954118066932757
2025-09-18,0.24750325662179765,0.004919837835009945,0.002278116124776806,0.002641721710233139,1.0,0.4070444372911252
2025-09-19,0.13363004776378637,0.0006666278086072663,-0.002138615146799722,0.0028052429554069882,1.0,0.5406744850549116
2025-09-22,0.0869518019973947,-0.005684531004153812,-0.007672777701753189,0.0019882466975993766,0.0,0.6276262870523063
2025-09-23,-0.2535822839774207,-0.0015181112821205894,0.006498162152549177,-0.008016273434669766,0.0,0.37404400307488556
2025-09-24,-0.15707772470690404,-0.005743368002096044,0.0012518767585485225,-0.006995244760644567,0.0,0.21696627836798152
2025-09-25,-0.06730351715154147,-0.004518253871931045,-0.004354496194275367,-0.00016375767765567772,0.0,0.14966276121644007
2025-09-26,-0.18844984802431614,-0.013052229130064787,-0.011882075727294222,-0.0011701534027705653,0.0,-0.03878708680787607
2025-09-29,0.1538211029092488,0.0024857891246267997,-0.000816507679277025,0.0033022968039038247,1.0,0.11503401610137273
2025-09-30,-0.1674989144594008,0.0033571216548315,0.008734845911071456,-0.005377724256239956,1.0,-0.05246489835802806
2025-10-01,0.33955709943551887,0.011098145055871134,0.0016886278797935334,0.009409517176077601,1.0,0.2870922010774908
2025-10-03,0.014112027789839337,0.0017608068586757893,0.0015061560938597108,0.00025465076481607845,1.0,0.3012042288673301
2025-10-06,-0.11561007381676074,0.0023185682371193667,0.0055621589192246116,-0.003243590682105245,1.0,0.18559415505056936
2025-10-07,0.11246200607902736,0.0044605293777731,0.0015905529119640107,0.002869976465809089,1.0,0.2980561611295967
2025-10-08,0.15534085974815456,0.0006477181922835554,-0.005402222647975989,0.006049940840259544,1.0,0.45339702087775124
2025-10-09,0.17086409031697786,0.0043213945678108445,0.0032850018465576665,0.001036392721253178,1.0,0.6242611111947292
2025-10-10,0.10052105948762484,0.010285802253809076,-0.00019464909433932249,0.010480451348148399,1.0,0.724782170682354
2025-10-13,-0.1519756838905775,-0.0027957885669006887,0.0023204530874097666,-0.005116241654310455,0.0,0.5728064867917765
2025-10-14,-0.06404689535388623,-0.0008207894317561556,-0.0017332682717211218,0.0009124788399649662,0.0,0.5087595914378903
2025-10-15,0.09389926183239251,0.010571564235642565,0.004032548354659678,0.006539015880982887,1.0,0.6026588532702828
2025-10-16,-0.023556231003039517,0.006719693370686456,0.008859040321986656,-0.0021393469513002004,1.0,0.5791026222672433
2025-10-17,0.11854103343465046,0.006686298128047972,0.005037900567841355,0.0016483975602066166,1.0,0.6976436557018938
2025-10-20,0.26183239253148066,0.015264816279783698,0.0011009143762638332,0.014163901903519866,1.0,0.9594760482333744
2025-10-21,-0.40262700825010855,-0.001950805644261189,0.0032398582648974447,-0.005190663909158634,0.0,0.5568490399832658
2025-10-23,0.1442683456361268,0.005300632062225906,0.0007132242068302771,0.004587407855395629,1.0,0.7011173856193926
2025-10-24,-0.02746417716022579,-0.0030459849331917217,-0.0008524126012990668,-0.002193572331892655,0.0,0.6736532084591669
2025-10-27,0.07359965262700825,0.010613258300114446,0.008968594344908811,0.0016446639552056344,1.0,0.7472528610861752
2025-10-28,-0.14101172383847155,-0.000734014441608378,0.005394123412608056,-0.006128137854216434,0.0,0.6062411372477037
2025-10-29,0.15534085974815456,0.006071227376264355,0.001725748483322533,0.004345478892941822,1.0,0.7615819969958583
2025-10-30,-0.03603994789405124,-0.004030564612765722,-0.0017973009349220442,-0.002233263677843678,0.0,0.725542049101807
2025-10-31,-0.06860616587060356,-0.004780425493574578,-0.001568359380116678,-0.0032120661134579006,0.0,0.6569358832312034
2025-11-03,0.228831958315241,0.006794658137186156,0.002743842547561222,0.004050815589624934,1.0,0.8857678415464445
2025-11-04,-0.13482414242292662,-0.008372047073012624,0.0033677950194376453,-0.01173984209245027,0.0,0.7509436991235179
2025-11-06,0.15903169778549717,0.004923120017090356,-0.012234546167572578,0.017157666184662933,1.0,0.9099753969090151
2025-11-07,0.044072948328267476,0.006380015250635778,-0.003366262730186788,0.009746277980822567,1.0,0.9540483452372825
2025-11-10,0.0011940946591402519,0.0036608098090179556,0.0038099497159040114,-0.0001491399068860558,1.0,0.9552424398964228
2025-11-11,0.06849761181068172,0.009113204445991945,-0.0078096490500984455,0.01692285349609039,1.0,1.0237400517071045
2025-11-12,-0.024858879722101605,0.010907461964234257,0.006921341615691366,0.003986120348542891,1.0,0.9988811719850028
2025-11-13,0.09053408597481546,0.0036157339974699776,-0.004140632025796401,0.007756366023266378,1.0,1.0894152579598182
2025-11-14,0.10323491098567086,1.8314584116844575e-05,-0.002928390468624878,0.0029467050527417224,1.0,1.1926501689454891
2025-11-17,-0.3567086409031698,0.006059162858568279,0.0082436755760825,-0.002184512717514221,1.0,0.8359415280423194
2025-11-18,-0.10030395136778116,-0.003536621640027467,-0.0015579965082434333,-0.0019786251317840337,0.0,0.7356375766745382
2025-11-19,0.22221016066000868,0.007320230997330255,0.002145241840570466,0.005174989156759789,1.0,0.9578477373345469
2025-11-20,0.0004342162396873643,0.004939269596160844,0.006868407943716623,-0.0019291383475557788,1.0,0.9582819535742342
2025-11-21,-0.032891880156317846,-0.005518182521569967,-0.003196784646222011,-0.002321397875347956,0.0,0.9253900734179163
2025-11-24,-0.010312635692574902,-0.003788119311494844,-0.005807804333020489,0.002019685021525645,0.0,0.9150774377253414
2025-11-25,0.13797221016066,-0.0009641829006105221,-0.0025818841269740667,0.0016177012263635447,0.0,1.0530496478860014
2025-11-26,0.1419887103777681,0.013270552064800989,0.006339447741286689,0.0069311043235143,1.0,1.1950383582637696
2025-11-27,-0.0017368649587494573,-0.0020838663330461998,-0.0018356665592595559,-0.00024819977378664386,0.0,1.1933014933050201
2025-11-28,0.05015197568389058,-0.00027365495736518904,0.0009051136382756108,-0.0011787685956407999,0.0,1.2434534689889107
2025-12-01,-0.14676508901432914,0.0006734988089233111,0.0006747934834416893,-1.2946745183782093e-06,1.0,1.0966883799745817
2025-12-02,-0.11561007381676074,-0.004806695936487978,-0.0004190867820567446,-0.004387609154431233,0.0,0.981078306157821
2025-12-03,0.04993486756404689,-0.004861454147376977,-0.006836994239119333,0.0019755400917423555,0.0,1.031013173721868
2025-12-04,0.014546244029526704,0.006022355484594956,0.0065991760061932265,-0.0005768205215982702,1.0,1.0455594177513947
2025-12-05,-0.18964394268345636,0.0066130245362824545,0.012339061795736109,-0.0057260372594536545,1.0,0.8559154750679383
2025-12-08,0.1947459834997829,-0.010096888035825334,-0.01487693424493999,0.004780046209114656,0.0,1.0506614585677212
2025-12-09,0.21189752496743378,-0.001707041009876911,-0.009954912194374744,0.008247871184497832,0.0,1.262558983535155
2025-12-10,0.059487624837168906,0.0008548743481553823,-0.0008992663871477778,0.0017541407353031601,1.0,1.322046608372324
2025-12-11,-0.09194528875379938,0.006074727460126467,0.006198154145469467,-0.0001234266853430005,1.0,1.2301013196185244
2025-12-12,0.06600086843247936,0.00860649215007591,0.007133833229150768,0.0014726589209251425,1.0,1.2961021880510037
2025-12-15,0.24696048632218845,0.0005367515860838557,-0.0029310243362697624,0.003467775922353618,1.0,1.5430626743731921
2025-12-16,0.059487624837168906,-0.008966461999490232,-0.008141725747609989,-0.0008247362518802436,0.0,1.602550299210361
2025-12-17,-0.23198002605297438,-0.0025423370274725,0.0038420736840454775,-0.0063844107115179774,0.0,1.3705702731573868
2025-12-18,-0.20332175423360835,-0.0027269377523809215,0.0007386772913493667,-0.003465615043730288,0.0,1.1672485189237785
2025-12-19,0.036799826313504126,0.005155155885996167,0.007067717057701599,-0.0019125611717054321,1.0,1.2040483452372825
2025-12-22,-0.05199739470256187,0.009821199118046277,0.013274585555972466,-0.0034533864379261894,1.0,1.1520509505347207
2025-12-23,0.13710377768128526,0.0017412235352782226,0.00033486101899833295,0.0014063625162798897,1.0,1.289154728216006
2025-12-24,0.0914025184541902,0.002143155962957422,0.0018151262252089886,0.0003280297377484334,1.0,1.3805572466701963
2025-12-26,0.18595310464611378,-0.002163257149132011,-0.002213488185242545,5.023103611053381e-05,0.0,1.5665103513163101
2025-12-29,0.0486322188449848,-0.0041983187621176775,-0.00948126650015431,0.005282947738036633,0.0,1.615142570161295
2025-12-30,-0.2212331741207121,-0.004770032613705679,0.0038435468044089563,-0.008613579418114635,0.0,1.3939093960405828
2025-12-31,-0.2405557967867998,0.006304673584862745,0.0156950055845585,-0.009390331999695755,1.0,1.1533535992537831
2026-01-01,-0.21819366044290053,0.0013114721055004666,0.010637600808949578,-0.009326128703449111,1.0,0.9351599388108826
2026-01-02,-0.06578376031263569,0.0006457058684082435,0.004818117763134967,-0.004172411894726723,1.0,0.8693761784982469
2026-01-05,-0.03115501519756839,0.002267895827257645,0.0040543082596788335,-0.0017864124324211885,1.0,0.8382211633006785
2026-01-06,0.009986973512809378,0.007495482105589678,-0.0017197188538098337,0.009215200959399511,1.0,0.848208136813488
2026-01-07,0.1326530612244898,0.0033406174802299887,-0.006322377381945556,0.009662994862175544,1.0,0.9808611980379778
2026-01-08,-0.18269648284845852,-0.014347095152071911,-0.01289831191292389,-0.0014487832391480212,0.0,0.7981647151895193
2026-01-09,0.08206686930091185,-0.008488180773973645,-0.006478986212815367,-0.0020091945611582784,0.0,0.8802315844904312
2026-01-12,-0.1741207121146331,0.004319458191331824,0.0074828621604586774,-0.003163403969126854,1.0,0.7061108723757981
2026-01-13,-0.060356057316543636,0.0008187781745654778,0.0018779075752229446,-0.0010591294006574669,1.0,0.6457548150592545
2026-01-14,0.09986973512809379,0.0037188559108275662,0.003242676263622589,0.0004761796472049773,1.0,0.7456245501873483
2026-01-15,0.0,0.0,0.0,0.0,0.0,0.7456245501873483
2026-01-16,-0.16272253582283974,-0.010418730543440356,0.004030490808606412,-0.014449221352046768,0.0,0.5829020143645085
2026-01-19,-0.19583152409900131,-0.004347419713945089,0.00036223026499492244,-0.004709649978940011,0.0,0.3870704902655072
2026-01-20,0.09759009986973512,-0.017270096134185942,-0.023957417297165346,0.006687321162979404,0.0,0.4846605901352423
2026-01-21,-0.0779418150238819,-0.0010825259572972337,0.0017104846621386555,-0.002793010619435889,0.0,0.40671877511136045
2026-01-22,0.14253148067737734,0.01103429460890562,0.0114746363090617,-0.0004403417001560793,1.0,0.5492502557887378
2026-01-23,-0.15078158923143725,-0.01528826928419459,-0.007747707484303858,-0.007540561799890732,0.0,0.3984686665573005
2026-01-27,0.14839339991315675,0.017790497279617123,0.004205502352555944,0.013584994927061179,1.0,0.5468620664704573
2026-01-28,0.11886669561441597,0.010411142850793665,0.0015570003636181337,0.008854142487175531,1.0,0.6657287620848733
2026-01-29,-0.05395283200076314,-0.0034880951066421223,0.0040552300710699,-0.007543325177712022,0.0,0.6117759300841101
2026-01-30,0.26780286582718194,0.0011393868161542556,-0.017035919105696233,0.018175305921850488,1.0,0.8795787959112921
2026-02-02,0.2638949196699956,-0.011341228294501012,-0.027571507005024243,0.01623027871052323,0.0,1.1434737155812877
2026-02-03,0.13493269648284847,0.0224978549012461,0.02026411550507177,0.0022337393961743314,1.0,1.2784064120641363
2026-02-04,-0.12375162831089882,-0.017980431865826593,0.006424888329036167,-0.02440532019486276,0.0,1.1546547837532375
2026-02-05,0.07001736864958749,-0.0001602020122249882,-0.004181756086146022,0.0040215540739210335,0.0,1.224672152402825
2026-02-06,0.1232088580112896,0.003282698555297166,-0.0019197509650771003,0.005202449520374266,1.0,1.3478810104141146
2026-02-09,-0.25010855405992183,0.003719976231493222,0.024229579353917514,-0.020509603122424294,1.0,1.0977724563541926
2026-02-10,-0.07511940946591403,0.0009807506918166331,0.0031663114328642893,-0.002185560741047656,1.0,1.0226530468882786
2026-02-11,-0.08673469387755102,-0.002286979109147133,0.00980857980962959,-0.012095558918776724,0.0,0.9359183530107276
2026-02-12,-0.13438992618323925,-0.007101265588113401,0.0018708377341429996,-0.0089721033222564,0.0,0.8015284268274883
2026-02-13,-0.08380373425966132,-0.01162287582023801,-0.012199808200788344,0.000576932380550333,0.0,0.7177246925678269
2026-02-16,0.021602257924446373,0.009728884044968376,0.007637994894418511,0.0020908891505498654,1.0,0.7393269504922733
2026-02-17,0.2935301780286583,0.013271303186752655,-0.00018008408855763356,0.013451387275310289,1.0,1.0328571285209316
2026-02-18,-0.01801997394702562,0.0028750814396864225,0.006870935791548811,-0.003995854351862388,1.0,1.0148371545739059
2026-02-19,0.10898827616152842,-0.012975752793910576,-0.017577244147909364,0.004601491353998788,0.0,1.1238254307354343
2026-02-20,-0.3033000434216239,0.0032354831657760885,0.009370324253487335,-0.0061348410877112465,1.0,0.8205253873138103
2026-02-23,0.07207989578810248,0.0004320668313241664,0.0033917933234213003,-0.002959726492097134,1.0,0.8926052831019128
2026-02-24,-0.26422058184976116,-0.02013003179497899,0.0015405273919205666,-0.021670559186899554,0.0,0.6283847012521516
2026-02-25,-0.12570560138949197,0.006394137355902,0.009885475037237444,-0.0034913376813354435,1.0,0.5026790998626597
2026-02-26,-0.14274858879722102,0.0020584418743685665,0.005711459650140477,-0.003653017775771911,1.0,0.35993051106543866
2026-02-27,0.008684324793747287,-0.0067306227383001,-0.013580128402742012,0.006849505664441912,0.0,0.368614835859186
