epoch,train_loss,early_stop_return_rmse
1,3.03648201157065,0.010785416714599958
2,3.0284091865315155,0.010811067763370558
3,3.03143152068643,0.010811001041631938
4,3.021848299924065,0.010813793638199749
5,3.0128798064063576,0.010824678934409188
6,3.0117017802070167,0.010918642985461998
7,3.0111363074358772,0.010918642985461998
8,3.009238369324628,0.010900575496941546
9,3.0001033474417294,0.01084455191143447
10,2.9919624188367058,0.0109080955522291
11,2.9781491896685433,0.010903494582311539
12,2.9792791394626392,0.010503923546333187
13,2.9732314418343937,0.010438416540009364
14,2.9697643869063435,0.010386042268999343
15,2.958154467975392,0.010391483171676562
16,2.953716782962575,0.010391719868117376
17,2.9413236449746525,0.010392114373331922
18,2.9212057730730843,0.010373974736345335
19,2.91552770839018,0.010267918612217512
20,2.906720385831945,0.010267918612217512
21,2.8892719184651092,0.010267918612217512
22,2.878738150877111,0.010164817200903915
23,2.864615005605361,0.010121101894260964
24,2.845675272100112,0.01025612923074909
25,2.825660186655381,0.01021697718851534
