lightgbm_rank,feature,category,importance_gain,importance_split,gain_percent,rank_ic,icir,ic_observations,ic_source
1,nifty_daily_return,Market-Level,4.887641004810575,421,22.512380557330616,0.15090050076002315,0.42721786390626887,474,computed 2022-2023 market time-series fallback
2,pharma_return,Market-Level,2.7105265100835823,386,12.484633025559074,0.11137719321613479,0.26589462370947786,474,computed 2022-2023 market time-series fallback
3,nifty_5d_return,Market-Level,2.4428633619099855,250,11.251781707934384,0.06584150056954167,-0.40560383695589786,474,computed 2022-2023 market time-series fallback
4,nifty_vol_20d,Market-Level,2.1643290097126737,328,9.968857833455091,-0.040026851681414795,0.19428024802881422,474,computed 2022-2023 market time-series fallback
5,vix_level,Market-Level,1.9790234317188151,326,9.115343901665101,-0.031032822799720267,0.18018604756547674,474,computed 2022-2023 market time-series fallback
6,bank_return,Market-Level,1.8667177220922895,299,8.598065960960167,0.12887705451115658,0.37766565288495335,474,computed 2022-2023 market time-series fallback
7,ma_ratio_50_200,Momentum & Trend,0.8626128278992837,153,3.973178111115473,0.0006901049284362841,0.0033452759545311798,443,computed 2022-2023 daily cross-sectional fallback
8,52w_high_dist,Price & Returns,0.4515440454124473,104,2.07980319723084,0.02,0.11,474,Phase 1 deliverable
9,ret_10d,Price & Returns,0.4311957909958437,111,1.9860795283580448,-0.041,-0.21,483,Phase 1 deliverable
10,rolling_volatility_10d,Volatility,0.28006968955742195,92,1.2899956088600832,-0.009213,-0.048622,483,Phase 1 deliverable
11,volume_price_trend,Volume,0.19807048130314797,74,0.912308831168528,0.008421152636236034,0.04056557903407539,492,computed 2022-2023 daily cross-sectional fallback
12,intraday_range,Price & Returns,0.1872643365059048,68,0.8625359358610124,-0.015,-0.09,493,Phase 1 deliverable
13,cs_return_z,Cross-Sectional,0.186840919428505,76,0.8605856849380181,-0.03362,-0.17257,492,Phase 1 deliverable
14,ret_20d,Price & Returns,0.18304302997421473,56,0.8430926790839662,-0.018,-0.09,473,Phase 1 deliverable
15,ret_5d,Price & Returns,0.18082590703852475,56,0.8328806534418388,-0.04,-0.19,488,Phase 1 deliverable
16,keltner_channel_position,Candlestick,0.17138132703257725,43,0.7893790994020109,-0.040534,-0.20454,474,Phase 1 deliverable
17,vol_weight_mom,Derived,0.16929701872868463,61,0.7797788154020503,-0.022862773550127516,0.0988,473,Phase 1 |ICIR|; RankIC fallback
18,volatility_ratio_20d_60d,Volatility,0.14868880272842944,50,0.684857768469841,-0.011472,-0.071242,433,Phase 1 deliverable
19,upper_shadow_ratio,Candlestick,0.14329702089889906,59,0.6600233249603812,0.020058,0.123298,493,Phase 1 deliverable
20,mfi,Volume,0.1385411695810035,32,0.6381179651687823,-0.022888957387153366,-0.12469751335619816,480,computed 2022-2023 daily cross-sectional fallback
21,macd_hist,Momentum & Trend,0.1374890152947046,48,0.6332717627421158,-0.023061850592489302,-0.13350403767283892,492,computed 2022-2023 daily cross-sectional fallback
22,volatility_ratio_5d_20d,Volatility,0.13746392307803035,48,0.6331561884742345,0.0031,0.018231,473,Phase 1 deliverable
23,atr_14d,Volatility,0.1352147816796787,52,0.6227966864082882,-0.007943,-0.042176,480,Phase 1 deliverable
24,vwap_deviation,Volume,0.13371053710579872,42,0.6158681648034577,-0.03656311729498137,-0.18099904831264443,489,computed 2022-2023 daily cross-sectional fallback
25,rolling_kurtosis_20d,Volatility,0.1315261898562312,49,0.6058071033418604,-0.007438,-0.049425,473,Phase 1 deliverable
26,open_close_spread,Price & Returns,0.12933379091555253,47,0.5957089559457098,-0.034,-0.18,493,Phase 1 deliverable
27,volume_momentum,Volume,0.1272989867720753,50,0.5863366871574525,-0.008819272501530938,-0.055599378633658256,488,computed 2022-2023 daily cross-sectional fallback
28,sector_relative_return,Cross-Sectional,0.12376482016406953,50,0.570058383666233,-0.011976,-0.076692,473,Phase 1 deliverable
29,trend_strength,Derived,0.11252946028253064,33,0.5183085319273629,-0.012037828197005511,0.0943,444,Phase 1 |ICIR|; RankIC fallback
30,mean_reversion,Derived,0.11054635012988001,44,0.5091743646676079,0.029263974356387883,0.1635,473,Phase 1 |ICIR|; RankIC fallback
31,rsi_14,Momentum & Trend,0.09702078480040655,28,0.4468758706394148,-0.026861420797878312,-0.1435273425212733,480,computed 2022-2023 daily cross-sectional fallback
32,rolling_skewness_20d,Volatility,0.09151638243929483,38,0.42152269912537504,-0.006805,-0.042246,473,Phase 1 deliverable
33,volume_ratio_5d,Volume,0.08799358882242814,44,0.40529677941282205,-0.0017477106732673943,-0.011951916938255258,492,computed 2022-2023 daily cross-sectional fallback
34,relative_strength_vs_nifty,Cross-Sectional,0.08763018896570429,34,0.403622966655094,-0.012764,-0.064318,473,Phase 1 deliverable
35,market_relative_return,Cross-Sectional,0.07725750393001363,34,0.3558465786808208,-0.012764,-0.064318,473,Phase 1 deliverable
36,volume_ratio_20d,Volume,0.0738610741100274,34,0.3402026881887532,-0.013900745391786264,-0.08645624558885565,489,computed 2022-2023 daily cross-sectional fallback
37,macd_signal,Momentum & Trend,0.06444632314378396,33,0.29683852613266887,-0.007196195574656209,-0.03900400083997295,492,computed 2022-2023 daily cross-sectional fallback
38,rsi_vol_diverg,Derived,0.029046729556284845,8,0.13378867823421298,-0.017588910539199292,0.1108,492,Phase 1 |ICIR|; RankIC fallback
39,return_rank_pct_20d,Cross-Sectional,0.020927562756696716,9,0.09639195195647035,-0.012764,-0.064318,473,Phase 1 deliverable
40,consecutive_down_days,Candlestick,0.008326580049470067,4,0.0383520677214737,0.03197,0.183296,491,Phase 1 deliverable
41,candle_direction,Candlestick,0.006089350092224777,3,0.028047429524397594,-0.028809,-0.172702,493,Phase 1 deliverable
42,breakout_signal,Derived,0.004135220078751445,2,0.019046744228870614,-0.017081248546911596,0.1005,269,Phase 1 |ICIR|; RankIC fallback
43,auto_return,Market-Level,0.0,0,0.0,,,0,computed 2022-2023 market time-series fallback
