#,Feature,Category,RankIC,ICIR,LightGBM Rank,Why Selected
1,ret_10d,Price & Returns,-0.0410,-0.2100,9,Best Price & Returns ICIR and a top-10 LightGBM feature.
2,52w_high_dist,Price & Returns,0.0200,0.1100,8,Long-horizon price-position signal with positive ICIR and high gain.
3,intraday_range,Price & Returns,-0.0150,-0.0900,12,Adds short-horizon price dispersion not captured by return windows.
4,rolling_volatility_10d,Volatility,-0.0092,-0.0486,10,Highest-gain stock-level volatility feature.
5,volatility_ratio_20d_60d,Volatility,-0.0115,-0.0712,18,Captures volatility-regime change and ranks well by gain.
6,atr_14d,Volatility,-0.0079,-0.0422,23,Range-based volatility measure complementary to return volatility.
7,ma_ratio_50_200,Momentum & Trend,0.0007,0.0033,7,Highest-gain stock-level trend feature by a wide margin.
8,macd_hist,Momentum & Trend,-0.0231,-0.1335,21,Strong daily ICIR and a faster trend-change signal than the MA ratio.
9,mfi,Volume,-0.0229,-0.1247,20,Combines price direction and volume; strong ICIR and useful model gain.
10,volume_price_trend,Volume,0.0084,0.0406,11,Highest-gain pure volume-category feature.
11,keltner_channel_position,Candlestick,-0.0405,-0.2045,16,Best candlestick/channel feature in both ICIR and gain evidence.
12,upper_shadow_ratio,Candlestick,0.0201,0.1233,19,Strong ICIR and a distinct intraday rejection signal.
13,nifty_daily_return,Market-Level,0.1509,0.4272,1,Top LightGBM feature; controls for the current market move.
14,nifty_5d_return,Market-Level,0.0658,-0.4056,3,Top-ranked medium-horizon market regime feature.
15,pharma_return,Market-Level,0.1114,0.2659,2,Strong sector-level gain beyond broad NIFTY returns.
16,cs_return_z,Cross-Sectional,-0.0336,-0.1726,13,Best cross-sectional ICIR and highest gain in its category.
17,sector_relative_return,Cross-Sectional,-0.0120,-0.0767,28,Adds sector-relative context to the universe-wide z-score.
18,mean_reversion,Derived,0.0293,0.1635,30,Best supplied Derived ICIR with useful conditional gain.
19,vol_weight_mom,Derived,-0.0229,0.0988,17,Best-gain Derived interaction among the supplied composite signals.
