date,rank_ic,long_short_return,top_quintile_return,turnover,cumulative_ic,equity,drawdown
2024-01-01,-0.03077306369120199,0.0012912899255752563,-0.005331852473318577,,-0.03077306369120199,1.0012912899255753,0.0
2024-01-02,0.32699458116100116,0.018127083778381348,0.004567532334476709,0.6,0.2962215174697992,1.0194417810246197,0.0
2024-01-03,0.10833534759711048,0.010492232628166676,0.016862915828824043,0.55,0.4045568650669097,1.0301380013420025,0.0
2024-01-04,-0.19990394428526326,-0.003871530992910266,0.0006503051263280213,0.85,0.20465292078164643,1.0261497901428323,-0.003871530992910266
2024-01-05,-0.07841536614645858,-0.0023558475077152252,-0.009954728186130524,0.6,0.12623755463518785,1.0237323377171819,-0.006218257763984769
2024-01-08,0.1925399215896899,0.0013886033557355404,0.005182032473385334,0.75,0.31877747622487773,1.025153895876711,-0.004838289101847026
2024-01-09,0.231723323699374,0.008040561340749264,0.0080097122117877,0.5,0.5505007999242517,1.0333967086602158,0.0
2024-01-10,0.040246225830471716,0.0008706858498044312,0.0005280788172967732,0.5,0.5907470257547234,1.0342964725516808,0.0
2024-01-11,-0.14869643610601468,-0.018641028553247452,0.004809913225471973,0.5,0.4420505896487087,1.0150161224743217,-0.018641028553247563
2024-01-12,0.0004991165501045086,0.0010471413843333721,0.0061089531518518925,0.65,0.4425497061988132,1.01607898786193,-0.017613406961358824
2024-01-15,-0.019410971622554642,-0.0013737138360738754,-0.00902014784514904,0.55,0.42313873457625856,1.01468318609776,-0.018962925016589693
2024-01-16,-0.21460487703604994,-0.00851934403181076,-0.012388077564537525,0.6,0.20853385754020862,1.0060387509520994,-0.02732071736633468
2024-01-17,-0.06646643715557442,-0.0033494180534034967,-0.0066474429331719875,0.55,0.1420674203846342,1.0026691065972368,-0.03057862691575952
2024-01-18,0.005618382195669744,0.00039038248360157013,0.012877099215984344,0.6,0.14768580258030395,1.003060531053301,-0.030200181792478298
2024-01-19,0.1000002831482089,0.012683765962719917,-0.00984141044318676,0.5,0.24768608572851286,1.0157831160756225,-0.017899467867645846
2024-01-23,-0.025500648439191143,0.005263499915599823,0.016227824613451958,0.7,0.22218543728932172,1.0211296904213543,-0.012730181799656681
2024-01-24,0.34824793852962765,0.02107199653983116,0.006243438459932804,0.7,0.5704333758189494,1.0426469317246319,0.0
2024-01-25,0.28307322929171663,0.016416557133197784,0.0231559406965971,0.4,0.853506605110666,1.0597636046490426,0.0
2024-01-29,-0.14580328626157465,0.0012201573699712753,-0.009040364995598793,0.6,0.7077033188490913,1.0610566830216825,0.0
2024-01-30,-0.4039385323015531,-0.006836526095867157,0.014626763761043549,0.65,0.30376478654753825,1.0538027413190105,-0.006836526095867157
2024-01-31,-0.0439101707046732,0.00029911432648077607,0.00118910928722471,0.75,0.25985461584286507,1.0541179488162238,-0.00653945667228506
2024-02-01,-0.28854741896758695,-0.008669883012771606,0.006242439616471529,0.75,-0.02869280312472189,1.0449788695183244,-0.015152643360740736
2024-02-02,-0.17009128703420157,-0.02789665013551712,-0.014781218953430653,0.45,-0.19878409015892345,1.0158274595963634,-0.04262658550579512
2024-02-05,0.08144873344266819,0.00011754990555346012,0.0031193546019494534,0.75,-0.11733535671625527,1.0159468700182976,-0.04251404635134193
2024-02-06,0.08177841151862708,0.0018667769618332386,0.0010816433932632208,0.55,-0.035556945197628184,1.0178434162296943,-0.04072663363179174
2024-02-07,-0.2662920821004046,-0.019382353872060776,-0.013283101841807365,0.45,-0.3018490272980328,0.9981152149499831,-0.05931960947878334
2024-02-08,0.28701199625892687,0.013630811125040054,0.012341110035777092,0.6,-0.014837031039105941,1.0117203349259951,-0.04649737274655974
2024-02-09,-0.06578869559921202,-0.01069426815956831,-0.013849401846528053,0.75,-0.08062572663831796,1.0009007263618082,-0.056694385533261005
2024-02-12,0.1790105719248381,0.009107622317969799,0.008861484006047249,0.8,0.09838484528652014,1.010016552155293,-0.04810311426627756
2024-02-13,0.12889254113980628,0.008363836444914341,0.009834525175392628,0.9,0.22727738642632642,1.0184641654041762,-0.040141604401577435
2024-02-14,-0.08095386551629193,0.008289167657494545,0.008554923348128796,0.6,0.14632352091003448,1.0269063856243617,-0.0321851772330084
2024-02-15,0.2511047142535695,0.0003147237002849579,0.010227711871266365,0.35,0.397428235163604,1.0272295774018916,-0.031880582970796545
2024-02-16,0.08087206257276004,0.01506030559539795,0.009753555059432983,0.65,0.478300297736364,1.0426999687541956,-0.01730040869749827
2024-02-19,-0.12100669970358616,-0.0034318030811846256,-0.0033961408771574497,0.6,0.3572935980327778,1.039121627788674,-0.020672840182809016
2024-02-20,-0.0906475975525674,-0.0016103470697999,-0.010229780338704586,0.6,0.2666460004802104,1.0374482813201986,-0.022249896804996117
2024-02-21,0.1489218659320748,0.006074781529605389,0.010942379012703896,0.6,0.4155678664122852,1.0437505529774833,-0.016310278537537415
2024-02-22,0.06282420930445082,-0.0032874159514904022,0.008949370123445988,0.75,0.47839207571673603,1.0403193107602482,-0.019544075819190265
2024-02-23,0.1491956782713085,0.009380962699651718,0.000703394238371402,0.55,0.6275877539880446,1.0500785074102175,-0.010346455365797591
2024-02-26,-0.11062567755962832,-0.006584618240594864,0.00036673343856818974,0.5,0.5169620764284162,1.0431641413162676,-0.01686294614766526
2024-02-27,-0.047247934067638477,-0.005319837015122175,-0.012704076245427132,0.65,0.4697141423607777,1.037614678104445,-0.022093075037687204
2024-02-28,0.18476831301266175,0.010887762531638145,0.006045590620487928,0.55,0.6544824553734394,1.0489119803189884,-0.01144585666065312
2024-02-29,0.037859912818796235,0.0030956645496189594,0.005314592272043228,0.85,0.6923423681922356,1.0521590599521324,-0.008385624643738598
2024-03-01,0.23150060024009603,0.00945461355149746,0.008672880940139294,0.85,0.9238429684323316,1.0621068172586867,0.0
2024-03-04,0.004593476012497628,-0.005428079515695572,-0.005994155537337065,0.7,0.9284364444448292,1.0563416170004443,-0.005428079515695572
2024-03-05,-0.03371029317401846,-0.0025316134560853243,0.002203061943873763,0.65,0.8947261512708108,1.053667368348623,-0.007945951172638188
2024-03-06,-0.18064125493849556,-0.0024582557380199432,0.010358287021517754,0.9,0.7140848963323152,1.0510771844944158,-0.010384673730593819
2024-03-07,-0.05120935544737441,-0.009881358593702316,-0.0032646809704601765,0.65,0.6628755408849408,1.0406911139247674,-0.02016341763928564
2024-03-11,0.0045683959001552666,-0.007878204807639122,-0.006840354762971401,0.85,0.6674439367850961,1.032492336187778,-0.02788277091314051
2024-03-12,0.015234542580212694,0.011060010641813278,-0.027650415897369385,0.6,0.6826784793653088,1.0439117124136055,-0.017131144014349786
2024-03-13,0.23065707000654484,0.017631327733397484,0.019456546753644943,0.4,0.9133355493718536,1.062317261939902,0.0
2024-03-14,-0.07410412844030688,-0.0005588079802691936,0.0016066143289208412,0.55,0.8392314209315467,1.0617236305763522,-0.0005588079802691936
2024-03-15,-0.11512385822860431,-0.007868912070989609,0.0036066658794879913,0.8,0.7241075627029424,1.053369020683655,-0.008423322840397485
2024-03-18,0.3562889266168868,0.0138831976801157,-0.004961162805557251,0.55,1.0803964893198292,1.0679931510279161,0.0
2024-03-19,0.1462563293117065,-0.0011391283478587866,0.0009397890535183251,0.65,1.2266528186315357,1.0667765697542613,-0.0011391283478587866
2024-03-20,-0.06697795517725844,-0.0015220199711620808,0.007199050392955542,0.45,1.1596748634542773,1.0651529145103276,-0.00265941454292562
2024-03-21,0.2359653477866715,0.013859694823622704,0.012781389057636261,0.95,1.3956402112409487,1.079915608845933,0.0
2024-03-22,0.25477366620444436,0.007318410556763411,0.0005739752086810768,0.4,1.6504138774453931,1.0878188746381245,0.0
2024-03-26,-0.07585735794772586,-0.003357371548190713,-0.0011318179313093424,0.9,1.5745565194976674,1.0841666624988298,-0.003357371548190602
2024-03-27,-0.12594625295203507,-0.0023945607244968414,0.014938518404960632,0.65,1.4486102665456324,1.0815705595900011,-0.005743892842640763
2024-03-28,-0.1376306943786947,0.0020389296114444733,0.01094781793653965,0.75,1.3109795721669377,1.0837758058308158,-0.003716674624398064
2024-04-01,0.3904902786178357,0.008615313097834587,0.00492231035605073,0.5,1.7014698507847734,1.0931128737259062,0.0
2024-04-02,0.3775276315709849,0.012028922326862812,0.0011288200039416552,0.7,2.078997482355758,1.1062618435784488,0.0
2024-04-03,0.15834978738300018,0.0009262091480195522,0.006353764794766903,0.3,2.237347269738758,1.107286473418076,0.0
2024-04-04,-0.12153822431541662,-0.005320189520716667,-0.004286008886992931,0.55,2.1158090454233416,1.101395499525766,-0.005320189520716556
2024-04-05,-0.1280334745004919,-0.005140800029039383,0.000862256798427552,0.4,1.9877755709228497,1.09573344550982,-0.01043363951931342
2024-04-08,-0.26541102208496276,-0.001237903954461217,0.001790851354598999,0.35,1.722364548837887,1.0943770327445879,-0.01165862763015435
2024-04-09,0.09330474374701715,0.0010638483799993992,0.0022811046801507473,0.4,1.815669292584904,1.0955412839779817,-0.010607182262272419
2024-04-10,0.06742706025434972,0.004830186255276203,-0.009456750936806202,0.4,1.8830963528392537,1.1008329524299398,-0.005828230672966561
2024-04-12,-0.26164797675417345,-0.010040521621704102,-0.016362406313419342,0.65,1.6214483760850802,1.0897800153691826,-0.015810233818582597
2024-04-15,0.011282029261346692,-0.0038402790669351816,-0.007158621214330196,0.55,1.6327304053464269,1.085594955988596,-0.01958979717554088
2024-04-16,-0.2041634428005067,-0.006999191828072071,-0.012777356430888176,0.45,1.4285669625459203,1.0779966686440443,-0.026451876255308426
2024-04-18,-0.0690926672267423,0.0035351216793060303,0.005813017953187227,0.4,1.359474295319178,1.0818075180375875,-0.023010265177210942
2024-04-19,-0.03546923108996954,0.0031600501388311386,0.01527425367385149,0.65,1.3240050642292085,1.0852260840351506,-0.01992292863004763
2024-04-22,-0.0015562383321924523,0.004536252468824387,0.00744438823312521,0.45,1.322448825897016,1.0901489435380878,-0.015477051595407465
2024-04-23,0.10319575502986565,-0.009898020885884762,-0.002406032057479024,0.75,1.4256445809268816,1.0793586265262225,-0.025221880301348976
2024-04-24,0.0741095617512209,0.002793514169752598,0.013464304618537426,0.55,1.4997541426781025,1.0823738301436683,-0.02249882381160595
2024-04-25,-0.03228744101363542,-0.003172130323946476,-0.011559225618839264,0.6,1.4674667016644671,1.0789403992952236,-0.02559958493428638
2024-04-26,-0.3233483452072359,-0.014487836509943008,0.0025676859077066183,0.8,1.1441183564572313,1.0633088871862617,-0.0397165388429791
2024-04-29,0.10409049155684355,-0.000572633056435734,-0.0014267604565247893,0.8,1.2482088480140747,1.062700001368257,-0.0402664288963861
2024-04-30,0.10901230297529087,0.008217833004891872,0.007482231594622135,0.65,1.3572211509893657,1.0714330925137998,-0.032379498679868
2024-05-02,0.22988777960182324,0.014072326011955738,0.0041482700034976006,0.45,1.587108930591189,1.086510648291652,-0.01876282752943892
2024-05-03,0.17005006728216904,0.003652500919997692,-0.003895387053489685,0.6,1.757158997873358,1.0904791294341245,-0.015178857854254324
2024-05-06,0.4286679848012609,0.026132144033908844,0.0088165532797575,0.45,2.1858269826746186,1.1189756871104686,0.0
2024-05-07,0.18689358957826208,0.007148283999413252,0.0045757899060845375,0.8,2.372720572252881,1.1269744431103728,0.0
2024-05-08,-0.29496336171529036,-0.015686314553022385,-0.023627568036317825,0.5,2.0777572105375905,1.1092963675025262,-0.015686314553022385
2024-05-09,-0.13386023831720786,-0.0021429313346743584,0.00791632104665041,0.65,1.9438969722203827,1.1069192215571646,-0.017795631192715544
2024-05-10,-0.2762815120250241,-0.01105593703687191,0.0012147757224738598,0.6,1.6676154601953586,1.0946811923387254,-0.028654820851589324
2024-05-13,-0.10579172977775285,-0.014939081855118275,0.001865006284788251,0.45,1.5618237304176057,1.0783276604011187,-0.04316582599246188
2024-05-14,0.11197592107797869,0.0017932949122041464,-0.001860136864706874,0.65,1.6737996514955844,1.080261419908205,-0.04144994013639114
2024-05-15,0.1637211555612312,0.0004793647676706314,0.010167903266847134,0.55,1.8375208070568156,1.080779259172783,-0.04099044500964388
2024-05-16,0.12020952969966997,0.0037497757002711296,0.0008653058903291821,0.75,1.9577303367564856,1.084831938976186,-0.037394374284013265
2024-05-17,-0.11338632894007301,-0.009782016277313232,0.0017716099973767996,0.6,1.8443440078164126,1.0742200952909717,-0.04681059818340039
2024-05-21,0.3040345001033123,0.009833086282014847,0.004631516057997942,0.7,2.148378507919725,1.084782994173842,-0.037437804552235665
2024-05-22,-0.004690180770655471,0.002399776130914688,0.015747932717204094,0.7,2.1436883271490697,1.0873862305104827,-0.03512787077107915
2024-05-23,0.34770812656529415,0.005036448128521442,0.0007056937320157886,0.9,2.491396453714364,1.0928627948561171,-0.030268342341561727
2024-05-24,0.14968748969178647,0.009723996743559837,0.0005642229807563126,0.8,2.64108394340615,1.1034897891144557,-0.02083867486036417
2024-05-27,-0.0208064724478967,0.0007109486032277346,-0.0012898717541247606,0.6,2.6202774709582535,1.1042743136387028,-0.020142541483921472
2024-05-28,-0.25460589510298615,-0.011922095902264118,-0.009650981985032558,0.5,2.3656715758552673,1.0911090493690954,-0.0318244960748989
2024-05-29,-0.20386481008693216,-0.004629131406545639,-0.0173856932669878,0.45,2.1618067657683353,1.0860581622006946,-0.03630630770716681
2024-05-30,-0.05585170270203257,-0.005789703223854303,0.0017193969106301665,0.4,2.1059550630663026,1.079770207757708,-0.04188580818424259
2024-05-31,-0.08891310694556405,-0.021317731589078903,0.01664501428604126,0.75,2.0170419561207384,1.0567519562908452,-0.06231062935705822
2024-06-03,0.05046818727490996,0.02610943466424942,-0.05432341247797012,0.65,2.067510143395648,1.0843431524499387,-0.0378280899988952
2024-06-04,-0.09209005579649757,0.005244515836238861,0.04573233053088188,0.85,1.9754200875991506,1.0900300072848796,-0.03278196417971024
2024-06-05,-0.017314473967563814,0.004367960151284933,0.010918828658759594,0.75,1.9581056136315866,1.0947912149204049,-0.028557194341643055
2024-06-06,-0.1365186074429772,-0.00882321409881115,0.01762613281607628,0.65,1.8215870061886095,1.0851316376376645,-0.03712844220071654
2024-06-07,0.129988640300141,0.005837555974721909,0.004380368627607822,0.7,1.9515756464887506,1.091466154312316,-0.0315076255855955
2024-06-10,-0.20226175904411078,-0.00905553251504898,-0.0033698882907629013,0.7,1.74931388744464,1.0815823470628654,-0.04027783977268218
2024-06-11,-0.13244015466373638,-0.0013151804450899363,0.0026836495380848646,0.5,1.6168737327809035,1.0801598711102538,-0.04154004759053265
2024-06-12,0.08350540216086433,0.0019054319709539413,0.009799408726394176,0.4,1.7003791349417678,1.0822180422624088,-0.03971376735433263
2024-06-13,-0.01637454981992797,-0.0006692709866911173,0.00197524088434875,0.4,1.68400458512184,1.081493745125449,-0.040356459068761286
2024-06-14,-0.02813993133899547,-0.0009684786200523376,0.007246621884405613,0.4,1.6558646537828445,1.0804463415555745,-0.041285853321024635
2024-06-18,0.1761824729891957,0.010595633648335934,-0.0002404267870588228,0.55,1.8320471267720402,1.0918943551673823,-0.031127669449337092
2024-06-19,-0.11270108043217285,-0.0018739509396255016,0.004253005143254995,0.85,1.7193460463398673,1.0898481987145445,-0.032943288663549786
2024-06-20,0.10184873949579833,0.0022538858465850353,-0.001937959692440927,0.6,1.8211947858356656,1.0923045921445533,-0.030763653229023524
2024-06-21,-0.0980166166937648,-0.0019030538387596607,0.0036177407018840313,0.5,1.7231781691419008,1.0902258776973779,-0.032608162179411426
2024-06-24,-0.11472890606634206,-0.005638606380671263,-0.0007865050574764609,0.6,1.6084492630755587,1.0840785231070205,-0.03806290396875589
2024-06-25,0.1169267707082833,0.0010987066198140383,-0.0023011278826743364,0.5,1.725376033783842,1.0852696073567565,-0.037006017313501616
2024-06-26,-0.07860744297719087,-0.009522381238639355,0.005074724555015564,0.6,1.6467685908066512,1.074935256408797,-0.046176013147158024
2024-06-27,0.015895884431962836,0.001383407972753048,0.004862139467149973,0.5,1.662664475238614,1.0764223304127063,-0.04485648543914278
2024-06-28,-0.24519683775177578,-0.009893525391817093,0.001030576997436583,0.4,1.4174676374868382,1.0657727187544492,-0.05430622205328006
2024-07-01,-0.06805956007982171,-0.003431902499869466,-0.0025001694448292255,0.65,1.3494080774070165,1.0621150906966632,-0.05755175089392639
2024-07-02,0.2840567243120671,0.006673363968729973,0.01032005064189434,0.4,1.6334648017190836,1.0692029712735627,-0.05126245070594926
2024-07-03,0.03287961777366723,-0.0007233363576233387,0.000742773525416851,0.65,1.6663444194927508,1.0684295778907615,-0.05194870706919619
2024-07-04,0.1572927780148816,0.010296503081917763,0.008409597910940647,0.7,1.8236371975076324,1.0794306663323259,-0.042187094009717985
2024-07-05,-0.13374328071233849,-0.002237093634903431,-0.0006254188483580947,0.25,1.689893916795294,1.0770158788593542,-0.044329811165137234
2024-07-08,0.20969883181534052,0.00039634318090975285,0.0025690998882055283,0.3,1.8995927486106345,1.0774427467586716,-0.043951037802593906
2024-07-09,0.028839244018080943,0.0060733589343726635,0.0037323900032788515,0.4,1.9284319926287155,1.0839864432909734,-0.038144609296334564
2024-07-10,0.09393379669140763,0.005063529126346111,0.0017225785413756967,0.5,2.0223657893201232,1.0894752402191414,-0.03327422651017364
2024-07-11,-0.1333333371782534,-0.00791093148291111,0.004784390330314636,0.5,1.8890324521418698,1.0808564762414397,-0.04092192786701587
2024-07-12,0.20392034598206119,0.0031105191446840763,0.00785205326974392,0.65,2.092952798123931,1.0842185010034444,-0.037938697162399615
2024-07-15,-0.2333120310711143,-0.0045211100950837135,-0.001093193655833602,0.5,1.8596407670528166,1.0793166297932812,-0.04228828223074799
2024-07-16,-0.18397908780329394,-0.012766784057021141,0.0007984431576915085,0.45,1.6756616792495227,1.0655372274515587,-0.05451518092038676
2024-07-18,-0.03300537712134648,-0.0007058531045913696,-0.017490467056632042,0.4,1.6426563021281761,1.0647851146915044,-0.055182554315278076
2024-07-19,0.1013060953020764,0.007466413546353579,0.004040217492729425,0.45,1.7439623974302525,1.0727352406957926,-0.04812815653998648
2024-07-22,-0.0885524512063097,-0.004267632495611906,-0.004209932405501604,0.35,1.6554099462239429,1.0681572009234113,-0.05219039575079443
2024-07-23,-0.07731278064126743,-0.003640416543930769,-0.007543104700744152,0.55,1.5780971655826754,1.0642686637776508,-0.055640817514599705
2024-07-24,-0.2382796135429252,-0.01121401134878397,-0.0081919115036726,0.35,1.3398175520397502,1.0523339429038931,-0.06623087210431933
2024-07-25,0.1374124958426826,0.0028104614466428757,0.02353668585419655,0.6,1.4772300478824327,1.0552914868794183,-0.06360654997030313
2024-07-26,0.1546056336066059,0.006202635355293751,0.0013910152483731508,0.5,1.6318356814890387,1.061837075166077,-0.057798442850683474
2024-07-29,0.06816457999903483,0.00316837290301919,0.003758880542591214,0.65,1.7000002614880736,1.0652013709824544,-0.05481319696782916
2024-07-30,-0.0327840831774252,-0.001630921382457018,0.005705513991415501,0.4,1.6672161783106485,1.0634641112898966,-0.05635472233531047
2024-07-31,-0.10958858900920299,0.003648229409009218,0.010361253283917904,0.45,1.5576275893014455,1.0673438723361302,-0.052912087881661574
2024-08-01,0.040152952959814275,0.0037883538752794266,-0.01567985862493515,0.55,1.5977805422612599,1.0713873486311505,-0.04932418371955771
2024-08-02,0.01248858729602979,0.004347257316112518,-0.02346184477210045,0.7,1.6102691295572897,1.0760449451208776,-0.04519135132198138
2024-08-05,0.08958806623726075,0.0019675851799547672,-0.0041251820512115955,0.6,1.6998571957945505,1.0781621552078626,-0.04331268397514987
2024-08-06,0.10624089441909959,-0.0002945307642221451,0.01678629405796528,0.85,1.80609809021365,1.0778446032843338,-0.04359445782146032
2024-08-07,-0.0216100525164648,-0.0003941338509321213,-0.009591481648385525,0.85,1.7844880376971852,1.077419788240135,-0.04397140962085189
2024-08-08,0.0852728358143237,-0.006338158622384071,0.014492342248558998,0.85,1.869760873511509,1.0705909307193737,-0.05003087047420918
2024-08-09,-0.2794880515627983,-0.006287186406552792,-0.006513123866170645,0.75,1.5902728219487106,1.0638599259727761,-0.05600350347200855
2024-08-12,-0.06527042068060145,0.0017010467126965523,-0.007889224216341972,0.65,1.5250024012681092,1.0656696014026217,-0.05439772133479259
2024-08-13,0.05255903605878864,0.0054501136764883995,-0.002684819744899869,0.45,1.5775614373268978,1.071477621871844,-0.04924408142332071
2024-08-14,-0.050288185888195724,-0.0009543206542730331,0.01774410530924797,0.55,1.527273251438702,1.0704550886467004,-0.05015140743359081
2024-08-16,0.040646267070141476,0.0018429869087412953,0.0024725147522985935,0.95,1.5679195185088435,1.0724279233614717,-0.04840084891220453
2024-08-19,0.11872592437532742,0.002955793170258403,0.0064510866068303585,0.75,1.6866454428841708,1.075597798492938,-0.04558811864059564
2024-08-20,0.017913981523128834,0.004632257390767336,0.011310669593513012,0.65,1.7045594244072997,1.0805802443444998,-0.04116703714933245
2024-08-21,0.05806731392766494,0.002837022067978978,0.005007582250982523,0.55,1.7626267383349645,1.0836458743439272,-0.03844680687421942
2024-08-22,0.1806456727838612,0.008924903348088264,0.008186325430870056,0.6,1.9432724111188258,1.0933173090360013,-0.029865037561526253
2024-08-23,-0.10867296767296102,-0.006697624456137419,6.430177018046379e-05,0.3,1.8345994434458648,1.0859946802886835,-0.03636263721170807
2024-08-26,0.02742622819173628,-0.001155105303041637,-0.00012318689550738782,0.3,1.8620256716376011,1.084740242074407,-0.037475739839673894
2024-08-27,-0.07403799426610153,-3.686104901134968e-05,0.0020004655234515667,0.5,1.7879876773714996,1.0847002574111793,-0.037511219493602366
2024-08-28,-0.17982459114187543,-0.0052993702702224255,0.0015107063809409738,0.35,1.6081630862296241,1.078952029114952,-0.04261180392244057
2024-08-29,-0.14100869651193512,0.0018154962453991175,0.005022977478802204,0.45,1.467154389717689,1.080910862472776,-0.04087366924707225
2024-08-30,-0.26644153424965755,-0.01089684572070837,-0.0016177123179659247,0.75,1.2007128554680315,1.0691323435665723,-0.051325120899956
2024-09-02,-0.12165418954872263,-0.006669164635241032,-0.0031987670809030533,0.65,1.0790586659193089,1.0620021239504658,-0.05765198985399156
2024-09-03,0.15336928762637544,0.006566733121871948,-0.00034533883444964886,0.55,1.2324279535456844,1.0689760084733098,-0.051463841963435564
2024-09-04,-0.28234301720132565,-0.007705722935497761,-0.007127425633370876,0.55,0.9500849363443586,1.06073877552732,-0.05877299879156683
2024-09-05,-0.15493463769452026,-0.008763189427554607,-0.014992520213127136,0.45,0.7951502986498384,1.051443320704222,-0.06702114929748537
2024-09-06,-0.27284372049890254,-0.0029685557819902897,-0.001236315001733601,0.45,0.522306578150936,1.0483220525551105,-0.06979074905921301
2024-09-09,-0.03165625795622601,-0.004420127719640732,0.003401443362236023,0.85,0.49065032019470994,1.043688335191501,-0.07390239275436261
2024-09-10,-0.01771797527536443,0.0027391575276851654,-0.00252922298386693,0.6,0.4729323449193455,1.046547161951398,-0.07136566552210444
2024-09-11,0.20547366108592605,0.005738584324717522,0.024589383974671364,0.6,0.6784060060052716,1.0525528610900499,-0.06603661908687508
2024-09-12,-0.08467819648604495,-0.002626355504617095,-0.003062165342271328,0.9,0.5937278095192267,1.0497884830894255,-0.06848953895344712
2024-09-13,0.2167488451319089,0.009907921776175499,0.00409593153744936,0.8,0.8104766546511355,1.0601897052614055,-0.059260206171708685
2024-09-16,-0.07584922282519323,-0.004216986708343029,-0.0046531339175999165,0.65,0.7346274318259423,1.055718899365996,-0.06322729337829192
2024-09-17,0.004759400044071285,-0.004554657265543938,-0.003926177974790335,0.35,0.7393868318700135,1.0509104616106266,-0.06749397199266982
2024-09-18,-0.057253507201881104,-0.006064862944185734,-0.004683546256273985,0.7,0.6821333246681325,1.0445368336943472,-0.07314949324716125
2024-09-19,0.05013723368872364,0.008097434416413307,0.021501028910279274,0.8,0.7322705583568561,1.0529949022007152,-0.06564438205491074
2024-09-20,0.07292620841477422,0.005285594612360001,0.009474833495914936,0.7,0.8051967667716303,1.0585606063826298,-0.06070575703467185
2024-09-23,0.08540986666906149,0.001681943191215396,-0.0024549595545977354,0.7,0.8906066334406918,1.0603410451870239,-0.05912591747816853
2024-09-24,-0.24847079742302625,-0.001532830880023539,0.00010034977458417416,0.7,0.6421358360176656,1.0587157216896048,-0.060568118326071785
2024-09-25,0.031129010997962458,-0.0014559105038642883,0.00827475544065237,0.65,0.673264847015628,1.0571743263497906,-0.06193584707026589
2024-09-26,-0.05289857027078386,-0.004377971403300762,0.003935367800295353,0.55,0.6203662767448442,1.0525460473807275,-0.06604266510625378
2024-09-27,-0.16906226555529033,-0.004982925020158291,-0.01242213137447834,0.75,0.4513040111895539,1.0473012893463653,-0.0706965044780562
2024-09-30,0.17924462227155558,0.0060578580014407635,0.002249650191515684,0.65,0.6305486334611095,1.0536456918419514,-0.0650669158619418
2024-10-01,-0.031527104746459485,-0.00276888906955719,-0.02111814357340336,0.45,0.59902152871465,1.0507282638026243,-0.067655641859379
2024-10-03,0.07911654792323349,-0.00400561885908246,-0.009549027308821678,0.7,0.6781380766378835,1.0465194468533656,-0.07139025800350607
2024-10-04,-0.4087588300395955,-0.017928220331668854,-0.023458225652575493,0.45,0.269379246598288,1.0277572156288022,-0.08803857806015347
2024-10-07,0.3049699879951981,0.018778642639517784,0.017490368336439133,0.4,0.5743492345934861,1.0470571011012813,-0.07091318041651862
2024-10-08,0.21317258298726852,0.004983837716281414,0.006752955727279186,0.65,0.7875218175807546,1.0522754637728502,-0.0662827624833785
2024-10-09,0.1596407882866723,0.0015821197303012013,-0.000602373736910522,0.55,0.9471626058674268,1.053940289545797,-0.06480551001938117
2024-10-10,0.21247153976234354,0.0066945212893188,0.003578614443540573,0.9,1.1596341456297703,1.0609959152518322,-0.058544830596552244
2024-10-11,-0.05697360032404236,0.0009305202402174473,0.0020241469610482454,0.8,1.1026605453057279,1.0619831934257622,-0.05766878750616489
2024-10-14,0.2080352355558951,0.004261202644556761,-0.004780611488968134,0.65,1.3106957808616229,1.066508519018063,-0.05365332325143768
2024-10-15,0.02150877649479773,0.005416475236415863,-0.00020224889158271253,0.9,1.3322045573564205,1.0722852360007509,-0.04852745991176466
2024-10-16,-0.06550900954012952,0.005495886318385601,-0.011236942373216152,0.35,1.266695547816291,1.0781783937586942,-0.043298274996374175
2024-10-17,0.13479468743611012,0.006389824207872152,0.008931055665016174,0.4,1.401490235252401,1.085067764159538,-0.03718511915423306
2024-10-18,-0.07950240485405279,-0.01695251651108265,-0.013263551518321037,0.7,1.3219878303983483,1.06667313497198,-0.05350725431888703
2024-10-21,-0.08343568412586463,-0.006134741008281708,-0.019012458622455597,0.4,1.2385521462724838,1.060129371548435,-0.059313742179858076
2024-10-22,0.027289349052107937,0.009304864332079887,0.007245081011205912,0.4,1.2658414953245918,1.0699937315251462,-0.050560784171789774
2024-10-23,0.1498001318811556,-0.0007486734539270401,-0.003222986590117216,0.5,1.4156416272057473,1.0691926556224849,-0.05127160410879772
2024-10-24,-0.0879085529643153,-0.00022138841450214386,-0.011258086189627647,0.7,1.327733074241432,1.0689559487556592,-0.051481641584157356
2024-10-25,0.1976913494657331,0.005292954389005899,0.00786598026752472,0.5,1.525424423707165,1.0746138838362795,-0.04646117717592746
2024-10-28,-0.004769117469622032,-0.0043100714683532715,0.008654194884002209,0.6,1.520655306237543,1.0699822211960606,-0.05057099765014861
2024-10-29,0.029752056325066802,0.0034559869673103094,-0.0021964695770293474,0.75,1.5504073625626098,1.0736800658077679,-0.04728978339164114
2024-10-30,0.004547871153223673,0.008215700276196003,0.003056752262637019,0.55,1.5549552337158334,1.082501099420971,-0.03946260180191696
2024-10-31,0.011433309758647474,0.0009414218366146088,0.005661851726472378,0.55,1.5663885434744809,1.083520189594125,-0.03855833092036842
2024-11-01,-0.01575839934098502,-0.004487671889364719,-0.018173586577177048,0.65,1.5506301441334958,1.0786577064977245,-0.04287296567196086
2024-11-04,0.09485927263361538,0.004054465796798468,0.009401770308613777,0.5,1.645489416767111,1.0830310872751727,-0.03899232684808662
2024-11-05,-0.035534003451276705,-0.008014705032110214,0.007628083229064941,0.75,1.6099554133158342,1.0743509125700565,-0.0466945198819938
2024-11-06,-0.02483189312721795,0.0020947717130184174,-0.012402800843119621,0.7,1.5851235201886162,1.0766014324715638,-0.0446975625283772
2024-11-07,-0.158967924464949,-0.00809128675609827,-0.006768290884792805,0.85,1.4261555957236673,1.0678903415594103,-0.0524271884887596
2024-11-08,-0.12297719087635053,-0.01023905910551548,-0.009145177900791168,0.7,1.3031784048473167,1.0569561492339743,-0.06212944251260277
2024-11-11,0.14686202125822376,0.0019235163927078247,-0.010103462263941765,0.55,1.4500404261055404,1.0589892217133992,-0.060325433121037775
2024-11-12,-0.24277362158643506,-0.006720792502164841,-0.015051613561809063,0.75,1.2072668045191053,1.0518719748922343,-0.06664079090459296
2024-11-13,0.037158867828715775,-0.004395730327814817,-0.002628124551847577,0.35,1.244425672347821,1.047248229351222,-0.07074358628675892
2024-11-14,-0.008787515006002401,-0.0022215796634554863,-0.0011602294398471713,0.7,1.2356381573418187,1.0449216839823054,-0.07280800343759997
2024-11-18,0.07257866360334286,-0.00018305808771401644,0.0011984321754425764,0.5,1.3082168209451615,1.0447304026170248,-0.07297773343143443
2024-11-19,0.22718875411803663,0.015690673142671585,-0.017353054136037827,0.8,1.535405575063198,1.0611229258867,-0.05843213005072856
2024-11-21,0.17360615349893235,0.00212128646671772,0.020881161093711853,0.6,1.7090117285621305,1.0633738715889074,-0.056434794870709015
2024-11-22,-0.27080085131184584,-0.006561349146068096,0.011366606689989567,0.55,1.4382108772502846,1.0563967043446063,-0.06262585562364364
2024-11-25,0.11368733785335668,0.0029422310180962086,-0.004308742005378008,0.7,1.5518982151036413,1.0595048674955436,-0.05986788434049817
2024-11-26,0.18751500600240098,0.007721093483269215,0.010807674378156662,0.7,1.7394132211060422,1.0676854036234555,-0.05260903638886749
2024-11-27,0.08312124849939975,0.00017020106315612793,-0.016217436641454697,0.55,1.822534469605442,1.0678671248142686,-0.05244778943963624
2024-11-28,0.006982933075468371,0.0012044920586049557,0.008141450583934784,0.7,1.8295174026809102,1.0691533622857528,-0.05130647032690272
2024-11-29,-0.0476267343095931,0.0011711278930306435,0.009317715652287006,0.85,1.7818906683713172,1.0704054776102532,-0.05019542887236472
2024-12-02,-0.0929649076074323,-0.0060721514746546745,0.004227682016789913,0.6,1.6889257607638848,1.0639058134109036,-0.05596278609957117
2024-12-03,0.1895843838333688,0.0073978956788778305,0.007290480192750692,0.55,1.8785101445972536,1.071776477630669,-0.048978897274157385
2024-12-04,-0.16455331886624502,-0.008807053789496422,0.003620258066803217,0.5,1.7139568257310085,1.0623372845418588,-0.05735459128081
2024-12-05,0.1771256627838653,-0.0014374832389876246,-0.0010148108704015613,0.65,1.8910824885148738,1.0608101925011784,-0.058709628256152446
2024-12-06,-0.2861252023171316,-0.011375286616384983,-0.011330867186188698,0.55,1.6049572861977421,1.0487431725158949,-0.06941707602398228
2024-12-09,-0.1992061074096166,-0.0016683476278558373,-0.0014792423462495208,0.4,1.4057511787881256,1.046993504331798,-0.07096961183772088
2024-12-10,0.19125841089474246,0.0028173853643238544,0.0036296709440648556,0.3,1.597009589682868,1.0499432885074444,-0.06835217521910042
2024-12-11,-0.26844110052724485,-0.002685226034373045,-0.006624666042625904,0.3,1.328568489155623,1.047123953454529,-0.07085386021306916
2024-12-12,-0.060891527002689266,-0.004435619805008173,0.006588237825781107,0.35,1.2676769621529338,1.0424793097082876,-0.07497519923245488
2024-12-13,0.08797591108608188,0.005351817701011896,0.0019362990278750658,0.6,1.3556528732390156,1.0480584689309231,-0.07002463512983215
2024-12-16,-0.20034251589560584,-0.0035607926547527313,-0.013177847489714622,0.45,1.1553103573434098,1.0443265500330026,-0.07333608457816276
2024-12-17,-0.2569334007314495,-0.014140603132545948,-0.01425093412399292,0.35,0.8983769566119604,1.029559142748205,-0.08643967124339413
2024-12-18,-0.06203321831913517,-0.00549931637942791,-0.008409636095166206,0.7,0.8363437382928252,1.0238972712909,-0.09146362852292089
2024-12-19,-0.12991782271705474,-0.006039234809577465,-0.016233034431934357,0.4,0.7064259155757704,1.0177137152486886,-0.09695049300331249
2024-12-20,0.193470171978833,-0.0015542798209935427,0.0019272416830062866,0.5,0.8998960875546034,1.0161319033575291,-0.09835408462939565
2024-12-23,-0.1651777185000049,-0.004639902152121067,-0.0011230092495679855,0.95,0.7347183690545984,1.0114171507523015,-0.10253763345257494
2024-12-24,0.013873276784419547,0.0028135785833001137,0.003463197033852339,0.75,0.7485916458390179,1.0142628523864405,-0.10001255255873942
2024-12-26,-0.15950518508554093,-0.0023616855032742023,0.0012707679998129606,0.6,0.589086460753477,1.01186748251145,-0.10213803986649017
2024-12-27,0.3656059991477371,0.022687731310725212,0.011147568933665752,0.6,0.9546924599012141,1.0348244600767298,-0.0817675889608599
2024-12-30,-0.2026975596547248,-0.008024311624467373,-0.0009751504403539002,0.5,0.7519949002464893,1.0265207061324528,-0.08913577197072409
2024-12-31,-0.18901074647400404,-0.0015029110945761204,0.0032304865308105946,0.3,0.5629841537724852,1.0249779367743943,-0.09050471992468179
2025-01-01,0.08081831504497308,0.009134164080023766,0.027598226442933083,0.65,0.6438024688174583,1.0343402534272959,-0.08219724080646662
2025-01-02,0.5418463785145433,0.020065922290086746,0.007213053293526173,0.55,1.1856488473320015,1.0550952445740767,-0.06378068196286191
2025-01-03,-0.1872359451784686,-0.012407111003994942,-0.024492081254720688,0.6,0.9984129021535328,1.042004560754859,-0.07539645896583314
2025-01-06,0.21320471206385852,0.0059060510247945786,0.007789094001054764,0.45,1.2116176142173913,1.0481586928587459,-0.06993570327477949
2025-01-07,-0.020201438124681094,-0.002386912237852812,-0.004451939836144447,0.8,1.1914161760927102,1.0456568300475495,-0.07215568512662296
2025-01-08,-0.03713668456433101,-0.0008896538056433201,-0.006171537563204765,0.7,1.1542794915283792,1.0447265574693008,-0.07298114535239453
2025-01-09,-0.1310662939583284,-0.01520028430968523,-0.013085098937153816,0.5,1.0232131975700507,1.0288464167698887,-0.08707209550347683
2025-01-10,-0.16000512558030544,-0.005570102483034134,-0.024098485708236694,0.5,0.8632080719897453,1.023115636789178,-0.09215719749114404
2025-01-13,0.08023777941755537,0.003866252489387989,0.01471558678895235,0.4,0.9434458514073006,1.027071260166846,-0.08864724799597123
2025-01-14,0.03294562474951567,-0.008333821780979633,-0.006063541863113642,0.6,0.9763914761568163,1.0185118313282493,-0.09624229941077811
2025-01-15,-0.1400999390446142,-0.005433517042547464,-0.00046018464490771294,0.8,0.8362915371122022,1.012977729934691,-0.10115288227926333
2025-01-16,-0.11182516042710787,0.0035262571182101965,0.0032347608357667923,0.6,0.7244663766850943,1.0165497498654616,-0.09798331623221768
2025-01-17,0.25265867439337025,0.01732143573462963,0.016809942200779915,0.65,0.9771250510784646,1.03415785102881,-0.08235909221277038
2025-01-20,0.027893012154568735,0.007671419531106949,-0.018009018152952194,0.75,1.0050180632330332,1.04209130976544,-0.07531948383022868
2025-01-21,0.05742623749386525,-0.0021517411805689335,-0.001323133590631187,0.45,1.0624443007268984,1.0398489989803048,-0.07730915697574081
2025-01-22,0.004721217462526072,0.0003144163638353348,0.007520521990954876,0.55,1.0671655181894244,1.040175944521502,-0.07701904787593306
2025-01-23,0.2465679628843437,-0.0029001664370298386,-0.015756703913211823,0.5,1.3137334810737682,1.037159261158595,-0.07969584625530113
2025-01-24,0.16477558566757955,0.009905238635838032,-0.011216363869607449,0.6,1.4785090667413479,1.0474325711437402,-0.07058001399490688
2025-01-27,-0.2305712306504883,0.0013129934668540955,0.008059610612690449,0.5,1.2479378360908595,1.0488078432666221,-0.06935969162531863
2025-01-28,-0.20126607106189662,-0.008423459716141224,0.008815350942313671,0.35,1.046671765028963,1.0399732526488927,-0.07719890277313002
2025-01-29,0.11320025434279442,-0.0025071443524211645,-0.006411673966795206,0.55,1.1598720193717573,1.037365889581845,-0.07951249833245044
2025-01-30,-0.37492434737796426,-0.01796785183250904,0.006237989757210016,0.8,0.7849476719937931,1.0187266529817394,-0.09605168137608944
2025-01-31,-0.09313160691233191,-0.00786360539495945,-0.00576318334788084,0.85,0.6918160650814612,1.0107157885773632,-0.10315997425118495
2025-02-01,-0.18107906763819145,-0.008242662064731121,-0.003977867309004068,0.5,0.5107369974432697,1.0023847998886317,-0.11055232350955724
2025-02-03,0.26424969987995195,0.018610086292028427,0.024226374924182892,0.55,0.7749866973232217,1.0210392675123767,-0.09399962549782603
2025-02-04,-0.0028289204221170097,0.0004499770584516227,0.00031460169702768326,0.75,0.7721577769011047,1.0214987117585355,-0.09359194611435151
2025-02-05,0.030423302083468894,0.010938776656985283,-0.005529104266315699,0.5,0.8025810789845735,1.0326726580218604,-0.08367695085280358
2025-02-06,-0.09783018340724291,0.0033208599779754877,0.006874402053654194,0.4,0.7047508955773306,1.0361020193222348,-0.08063397031199415
2025-02-07,0.32236531131917556,0.003651712089776993,-0.016049694269895554,0.55,1.027116206896506,1.0398855655924362,-0.07727671026645222
2025-02-10,-0.02849928741759089,0.0012176325544714928,-0.015288007445633411,0.7,0.9986169194789152,1.0411517641100265,-0.07615317235010355
2025-02-11,-0.19062975762441944,-0.0032933801412582397,0.00125592399854213,0.6,0.8079871618544957,1.0377228555660705,-0.07919575114585031
2025-02-12,0.07777493107413311,0.005285809747874737,0.0028731715865433216,0.6,0.8857620929286288,1.043208061151614,-0.07432855507137259
2025-02-13,0.19246584906964498,0.013932988047599792,-0.004697824362665415,0.5,1.0782279419982739,1.057743066598799,-0.06143118589317775
2025-02-14,-0.14109827420228796,-0.007822454907000065,-0.0010383299086242914,0.6,0.9371296677959859,1.049468919157138,-0.06877309811864474
2025-02-17,0.04401342517149974,-0.0007532038143835962,8.69355644681491e-05,0.7,0.9811430929674857,1.048678455164152,-0.06947450177319836
2025-02-18,-0.13067281431834102,-0.00682010967284441,-0.002169884042814374,0.65,0.8504702786491447,1.0415263530883834,-0.07582078772448331
2025-02-19,0.024318163112360514,0.001822378020733595,0.009258394129574299,0.55,0.8747884417615053,1.0434244078222665,-0.07413658384081345
2025-02-20,-0.03721488595438175,-0.0006760112009942532,-0.007967258803546429,0.65,0.8375735558071236,1.0427190412351879,-0.07476247788072787
2025-02-21,-0.0573097893171404,-0.0019450909458100796,-0.008579674176871777,0.65,0.7802637664899832,1.0406908578690575,-0.07656214900772595
2025-02-24,0.2864441435103195,0.008782664313912392,0.0022169773001223803,0.35,1.0667079100003027,1.049830896328279,-0.0684519043477001
2025-02-25,-0.10480307698953492,-0.0049191610887646675,-0.003517875913530588,0.5,0.9619048330107678,1.044666609033278,-0.07303433949214577
2025-02-27,-0.07365420754539088,0.0030846893787384033,-0.023179713636636734,0.55,0.8882506254653769,1.0478890810264856,-0.07017493836472188
2025-02-28,0.023309748845936736,-0.003072801511734724,0.0023655458353459835,0.7,0.9115603743113136,1.0446691258741772,-0.07303210621976353
2025-03-03,0.005367114077760385,0.0001612515188753605,-0.0005542620783671737,0.75,0.916927488389074,1.0448375803574466,-0.07288263123894279
2025-03-04,0.08495163162648275,0.0024398621171712875,0.012343978509306908,0.65,1.0018791200155568,1.0473868399883577,-0.07062059269273113
2025-03-05,0.060198711953258384,0.003372986800968647,0.01203080452978611,0.65,1.0620778319688151,1.0509196619751466,-0.06748580821879169
2025-03-06,-0.18035870298200646,-0.00028572336304932833,-0.001590052037499845,0.45,0.8817191289868087,1.0506193896750324,-0.06775224930975854
2025-03-07,0.1842421543392101,0.0038307704962790012,-0.002783989068120718,0.55,1.0659612833260188,1.0546440714358183,-0.06418102213119192
2025-03-10,-0.0955309147945275,-0.004391591530293226,-0.0021526652853935957,0.7,0.9704303685314913,1.0500125054642269,-0.06829075682828811
2025-03-11,-0.022927415317409147,0.0010394374839961529,-0.00421652477234602,0.6,0.9475029532140822,1.0511039278210712,-0.06732230331674971
2025-03-12,-0.00989635000422001,0.0016038301400840282,-0.005349475424736738,0.45,0.9376066032098622,1.0527897199808713,-0.06582644671582494
2025-03-13,0.02054568021601247,-0.00018137041479349136,0.007166593335568905,0.4,0.9581522834258747,1.0525987750726682,-0.0659958781606731
2025-03-17,0.09967570203361292,0.0,0.0,0.55,1.0578279854594876,1.0525987750726682,-0.0659958781606731
2025-03-18,-0.12715471708684,0.0016352422535419464,0.029283389449119568,0.7,0.9306732683726476,1.0543200290656936,-0.06446855515565908
2025-03-19,-0.07327668795083801,-0.005691452417522669,0.0077859400771558285,0.5,0.8573965804218097,1.048319416787425,-0.06979308785908689
2025-03-20,0.03925999004147647,0.0035746032372117043,0.009283769875764847,0.5,0.8966565704632862,1.0520667427683053,-0.06646796721967119
2025-03-21,0.027975008602074383,-0.0034623462706804276,0.011176077648997307,0.3,0.9246315790653605,1.0484241234049745,-0.06970017837192899
2025-03-24,0.2690282163600625,0.0008671756368130445,-0.003800914855673909,0.6,1.193659795425423,1.0493332912618383,-0.0688934450316816
2025-03-25,0.23551887044861528,0.008521233685314655,-0.006994674913585186,0.6,1.4291786658740384,1.0582749054504608,-0.0609592684908683
2025-03-26,-0.017080957935944722,-0.0017154021188616753,0.006644926965236664,0.4,1.4120977079380936,1.0564595384353128,-0.06257010095139659
2025-03-27,-0.11864953578412046,-0.003514172974973917,-0.007101724855601788,0.5,1.2934481721539732,1.05274695687619,-0.06586439176856573
2025-03-28,0.30487134210813904,0.011715780943632126,-0.003006767015904188,0.55,1.5983195142621123,1.0650807096120267,-0.05492026361087976
2025-04-01,0.032257341591059856,0.00037947529926896095,0.005356482230126858,0.55,1.6305768558531721,1.0654848814330524,-0.05456162919508034
2025-04-02,-0.10484357405806524,-0.0028072509448975325,0.002572716446593404,0.85,1.5257332817951068,1.0624937979928755,-0.057215711954864856
2025-04-03,0.12984801455670383,0.015608529560267925,-0.012283594347536564,0.55,1.6555812963518106,1.0790777638464486,-0.042500235525956165
2025-04-04,-0.1703354088822871,-0.011734317988157272,-0.044232502579689026,0.85,1.4852458874695236,1.0664155222315248,-0.05373584223588024
2025-04-07,0.02207600280271365,-0.0002384241670370102,0.01939709670841694,0.95,1.5073218902722372,1.0661612629989214,-0.05396145447949208
2025-04-08,0.20837535513681796,0.007359551731497049,-0.0030111423693597317,0.85,1.715697245409055,1.0740077319680803,-0.04699903486374357
2025-04-09,0.05728691476590636,-0.0009029209613800049,0.017411446198821068,0.9,1.7729841601749614,1.073037987874202,-0.04785951941138067
2025-04-11,-0.0431775316062461,0.0020202379673719406,0.02156377024948597,0.55,1.7298066285687153,1.075205779957738,-0.045935969062223636
2025-04-15,-0.05225160266815988,-0.003607654944062233,0.004559122957289219,0.8,1.6775550259005554,1.0713268085097891,-0.049377902880388236
2025-04-16,-0.1460264105642257,-0.004504243843257427,0.01233223918825388,0.75,1.5315286153363297,1.0665012913284422,-0.05365973660860379
2025-04-17,-0.10055249779190786,-0.008301200345158577,0.01148073561489582,0.7,1.4309761175444218,1.0576480504407544,-0.06151549672970602
2025-04-21,-0.11160273614399624,0.0005769415874965489,0.0014707623049616814,0.6,1.3193733814004256,1.0582582515859884,-0.06097404599054823
2025-04-22,0.5589569979281694,0.024795614182949066,0.019549142569303513,0.55,1.878330379328595,1.0844984148982368,-0.03769032072715417
2025-04-23,0.03384068952662549,0.003674477571621537,0.0008310520206578076,0.55,1.9121710688552205,1.0884833800002396,-0.03415433539371171
2025-04-24,0.17080432172869148,-3.235135227441788e-05,-0.009947403334081173,0.65,2.082975390583912,1.0884481660909684,-0.034185581807050114
2025-04-25,-0.21204037469853262,-0.0016483124345541,0.007915004156529903,0.65,1.8709350158853795,1.086654063444433,-0.03577754572202918
2025-04-28,-0.20594186118386598,0.003974332008510828,0.001180067309178412,0.9,1.6649931547015135,1.0909727874709587,-0.031945405558667206
2025-04-29,-0.3160144057623049,-0.018208278343081474,-0.015729857608675957,0.65,1.3489787489392087,1.07110805129196,-0.04957201306555392
2025-04-30,-0.1507467710934482,-0.005379820242524147,-0.001009001163765788,0.35,1.1982319778457604,1.0653456825156888,-0.05468514478872544
2025-05-02,-0.08736844962242186,-0.002304372377693653,0.013183888979256153,0.4,1.1108635282233386,1.0628907293522045,-0.0568635022292977
2025-05-05,0.221093709724226,0.01715550199151039,-0.0020453131292015314,0.45,1.3319572379475646,1.0811251533763642,-0.04068352216352633
2025-05-06,0.023771790917890046,-0.0016867048107087612,0.00016186301945708692,0.55,1.3557290288654547,1.079301614379186,-0.0423016058816853
2025-05-07,-0.022682492955486914,-0.0034325839951634407,-0.013054897077381611,0.65,1.3330465359099677,1.075596820931714,-0.04558898606152961
2025-05-08,0.36335654994867644,0.008291586302220821,-0.006897273473441601,0.6,1.696403085858644,1.0845152247988636,-0.03767540477166864
2025-05-09,0.02576872316419009,0.007813729345798492,0.0414758138358593,0.55,1.7221718090228342,1.0929893332368397,-0.030156060841749488
2025-05-12,0.03960059846563744,0.004314497113227844,-0.008251738734543324,0.95,1.7617724074884715,1.097705032559879,-0.0259716719659695
2025-05-13,-0.13834333733493398,-0.0031533408910036087,0.004433695692569017,0.95,1.6234290701535374,1.0942435943944475,-0.029043115321755075
2025-05-14,-0.4002470140731126,-0.012338433414697647,0.012096328660845757,0.65,1.2231820560804247,1.0807423426655522,-0.04102320219189981
2025-05-15,0.09674070603310257,0.0017862309468910098,0.0023061090614646673,0.7,1.3199227621135272,1.082672798083637,-0.03931024815830442
2025-05-16,0.24962939449669103,0.005514371674507856,0.0029126512818038464,0.55,1.5695521566102182,1.0886430582941495,-0.0340126478027587
2025-05-19,0.22446845016920983,0.009462261572480202,-0.009659187868237495,0.65,1.794020606779428,1.0989440836707935,-0.024872222800560895
2025-05-20,0.23554155635941934,0.005482575856149197,0.008183279074728489,0.6,2.029562163138847,1.104969127971185,-0.019526010792626725
2025-05-21,-0.3166159604423983,-0.003685609670355916,-0.006657343357801437,0.8,1.7129462026964488,1.1008966430676896,-0.02313965520878203
2025-05-22,-0.20605187914074463,-0.006337124854326248,0.009922698140144348,0.7,1.5068943235557042,1.0939201235888611,-0.029330141178964042
2025-05-23,0.0593392411397813,0.005356026813387871,0.005099969916045666,0.7,1.5662335646954855,1.0997791891025077,-0.024131207388171094
2025-05-26,-0.0935942136217573,-0.002054173033684492,-0.008665640838444233,0.45,1.4726393510737281,1.0975200523492459,-0.026135810746368615
2025-05-27,0.03431456217831108,0.0008567092008888721,-0.005635247565805912,0.8,1.506953913252039,1.0984603078762536,-0.02530149233501877
2025-05-28,-0.10630785929751277,-0.002020773245021701,0.003222040133550763,0.4,1.4006460539545262,1.096240568675379,-0.027271137001270818
2025-05-29,0.02780261797038038,-0.0024748151190578938,-0.0077509088441729546,0.7,1.4284486719249065,1.0935275759418965,-0.029678461098163966
2025-05-30,0.03299236436482921,-0.0021945785265415907,-0.00039261317579075694,0.85,1.4614410362897357,1.0911277438055533,-0.03180790791127874
2025-06-02,0.12367869156945005,-0.00026617851108312607,-0.004449780099093914,0.5,1.5851197278591858,1.0908373090473056,-0.03206561984079348
2025-06-03,0.07755102040816325,-0.0030836425721645355,0.0012860583374276757,0.5,1.662670748267349,1.0874735566818219,-0.035050383502514104
2025-06-04,-0.2601819927941248,-0.0010213570203632116,0.003355788765475154,0.6,1.4024887554732244,1.0863628579302456,-0.03603594156762069
2025-06-05,0.11285634729589203,0.011757075786590576,0.017832541838288307,0.4,1.5153451027691165,1.0991353083826685,-0.024702543077081862
2025-06-06,-0.02745510324346925,-0.004357526078820229,0.005667589604854584,0.65,1.4878899995256472,1.0943457976122388,-0.0289524271802305
2025-06-09,0.16121763404708483,0.0024981782771646976,0.0009327107109129429,0.45,1.649107633572732,1.0970796685115403,-0.026526577227718673
2025-06-10,-0.3181452870919776,-0.011960525996983051,-0.0028766607865691185,0.7,1.3309623464807543,1.0839580186155464,-0.03816983140815855
2025-06-11,0.04832432133766317,6.523635238409042e-05,-0.013730524107813835,0.4,1.3792866678184175,1.0840287320828184,-0.03810708511634675
2025-06-12,0.04345286563957159,-0.0017335722222924232,-0.00744493817910552,0.65,1.422739533457989,1.0821494899847126,-0.03977459595440902
2025-06-13,0.3679108261883264,0.0025767898187041283,0.01120575238019228,0.55,1.7906503596463155,1.084937961772821,-0.03730029690960335
2025-06-16,0.3967318192393264,0.008975246921181679,-0.0041924151591956615,0.55,2.187382178885642,1.0946755478738956,-0.02865982936341871
2025-06-17,0.15884844970629994,0.0031107794493436813,-0.0013519030762836337,0.6,2.346230628591942,1.0980808420719208,-0.025638204322280478
2025-06-18,0.2592692999065646,0.0019290077034384012,0.00024143322661984712,0.7,2.6054999284985065,1.1001990484752757,-0.023758652912482026
2025-06-19,-0.08680318979443245,-0.003177427686750889,0.013719548471271992,0.6,2.518696738704074,1.0967032455577135,-0.02686058919766876
2025-06-20,-0.06821632274309439,0.0002923156425822526,-0.00033661528141237795,0.5,2.4504804159609797,1.0970238290716607,-0.02657612532547793
2025-06-23,0.1004336830804775,0.006965139880776405,0.00641054380685091,0.8,2.550914099041457,1.1046647534936898,-0.019796091875082578
2025-06-24,-0.3528281779795103,-0.0070332870818674564,0.0014036927605047822,0.4,2.1980859210619466,1.0968953291531482,-0.02669014735969366
2025-06-25,0.0473547868118364,0.0029755663126707077,0.015552923083305359,0.5,2.245440707873783,1.1001592139431022,-0.02379399935038662
2025-06-26,0.2925868409981411,0.009601046331226826,0.004714855924248695,0.4,2.538027548871924,1.110721893527896,-0.014421400309328147
2025-06-27,-0.22299623984286762,-0.008493821136653423,-0.004252060316503048,0.5,2.3150313090290564,1.101287620431705,-0.022792728651213956
2025-06-30,0.028424278604774564,0.004744816105812788,0.0019192472100257874,0.7,2.343455587633831,1.1065130276702617,-0.018156059851400785
2025-07-01,0.006960977474287703,0.002362646395340562,0.002817569300532341,0.3,2.3504165651081186,1.1091273266864843,-0.015836309805421722
2025-07-02,0.027952450072688085,-6.131886038929224e-05,0.0007841972401365638,0.6,2.3783690151808066,1.1090593162627853,-0.015896657601340958
2025-07-03,0.13310105607506437,0.004505776334553957,0.004861107096076012,0.5,2.511470071255871,1.1140564894836187,-0.011462508050405606
2025-07-04,-0.04362512281074592,0.00292902160435915,-0.00045184214832261205,0.45,2.467844948445125,1.1173195850097928,-0.008567060379766178
2025-07-07,0.08908855121144868,0.004408671520650387,-0.0001990554592339322,0.25,2.556933499656574,1.1222454800436903,-0.004196158214227919
2025-07-08,-0.11736561666752728,-0.00019054458243772388,0.000643549021333456,0.35,2.4395678829890466,1.1220316422473027,-0.004385903241450828
2025-07-09,-0.1003507189303769,-0.0028915158472955227,-0.006081146188080311,0.5,2.33921716405867,1.1187872699725776,-0.007264737180019076
2025-07-10,0.07514238357801994,-0.004935146309435368,-0.007097830530256033,0.55,2.41435954763669,1.113265891106129,-0.012164030948571547
2025-07-11,0.006004187575463328,0.0025615289341658354,-0.000317722384352237,0.55,2.4203637352121534,1.1161175538976174,-0.009633660531636501
2025-07-14,-0.1177393155789533,0.0022733239457011223,0.009130196645855904,0.25,2.3026244196332,1.11865485065911,-0.007382237017106719
2025-07-15,0.041050488416572876,-0.0013295781100168824,-0.0007398991147056222,0.35,2.3436749080497727,1.1171675116570094,-0.008701999866382759
2025-07-16,0.07477942707622509,-2.0927051082253456e-05,-0.0019940079655498266,0.35,2.4184543351259977,1.1171441326354257,-0.008722744810269245
2025-07-17,0.11063237299286773,0.00028028106316924095,-0.0050192056223750114,0.4,2.5290867081188653,1.117457246980634,-0.008444908567289078
2025-07-18,0.03566510059040779,0.002994606737047434,0.004548617638647556,0.25,2.564751808709273,1.1208035919808048,-0.005475591010331016
2025-07-21,0.12544819559977788,-0.007925102487206459,-0.00310234515927732,0.5,2.690200004309051,1.1119211086463279,-0.013357298877602508
2025-07-22,-0.05370522547491928,-0.0024846792221069336,0.004518700297921896,0.75,2.6364947788341317,1.1091583413710522,-0.015808789496724818
2025-07-23,6.225716903214784e-05,0.0029893238097429276,-0.0030626486986875534,0.8,2.636557036003164,1.1124739748096877,-0.012866723277827674
2025-07-24,-0.1516404569479207,-0.004714213311672211,-0.00950528122484684,0.6,2.484916579055243,1.107229535188751,-0.017520280111345987
2025-07-25,0.1051437473873259,0.0007557887583971024,-0.007967162877321243,0.25,2.590060326442569,1.1080663668244117,-0.016777732983701
2025-07-28,0.2708910983121772,0.005802998784929514,0.0068804114125669,0.3,2.860951424754746,1.114496474604715,-0.011072095362889889
2025-07-29,-0.13288698119597298,-0.005534633994102478,-0.0032568429596722126,0.5,2.728064443558773,1.1083281445300603,-0.016545449361610953
2025-07-30,-0.3239480652271495,-0.002988849300891161,-0.003807268338277936,0.7,2.4041163783316235,1.1050155187301236,-0.01948484680774487
2025-07-31,-0.32540785609831024,-0.009123038500547409,-0.015933027490973473,0.7,2.0787085222333133,1.0949344196090462,-0.02843012430068803
2025-08-01,0.14349605888977573,0.0049277907237410545,0.012938727624714375,0.3,2.222204581123089,1.1003300272851004,-0.023642431279750742
2025-08-04,-0.01965711763329642,-0.004008597694337368,-0.004694666713476181,0.5,2.2025474634897924,1.0959192468747152,-0.027556255978571587
2025-08-05,0.000532888996186428,0.0016323556192219257,-0.003314241301268339,0.8,2.203080352485979,1.0977081768155645,-0.025968881968641
2025-08-06,-0.0645824706413194,-0.0006306635914370418,-0.0008584390161558986,0.65,2.1384978818446596,1.0970158922344242,-0.026583167931710117
2025-08-07,-0.021175371738905487,-0.0007749525830149651,-0.004841799847781658,0.55,2.1173225101057542,1.0961657569351286,-0.02733751982007171
2025-08-08,0.11044850237102471,-0.0019284533336758614,0.008842332288622856,0.7,2.227771012476779,1.0940518524269058,-0.029213254022516066
2025-08-11,-0.19127276637390161,-0.0031312427017837763,-0.0033632353879511356,0.55,2.036498246102877,1.090626110548621,-0.03225302293584653
2025-08-12,0.04800845411097728,0.0035114886704832315,0.006757081486284733,0.65,2.084506700213854,1.0944558317795456,-0.02885479038999139
2025-08-13,-0.3701007516765734,-0.0086184311658144,-0.0007213292410597205,0.6,1.714405948537281,1.0850233395293294,-0.03722453853102581
2025-08-14,0.07567525671779599,0.005795248784124851,0.01993224397301674,0.4,1.790081205255077,1.0913113197184838,-0.031645015208562444
2025-08-18,0.0075331174528898886,0.003260331926867366,0.0063029625453054905,0.65,1.7976143227079668,1.0948693568563137,-0.02848785653510577
2025-08-19,0.06929429114054114,-0.0005603122990578413,0.002713548019528389,0.65,1.866908613848508,1.0942558880898055,-0.029032206737773292
2025-08-20,-0.06908502521452861,0.0006919405423104763,0.002773378510028124,0.5,1.7978235886339795,1.0950130481024367,-0.02836035475633747
2025-08-21,-0.18008790896092472,-0.004155774135142565,-0.010568881407380104,0.6,1.6177356796730549,1.0904624211994889,-0.0323982696627203
2025-08-22,0.2965734867776969,0.005666364915668964,0.005166276358067989,0.75,1.9143091664507517,1.096641379204829,-0.02691548516559661
2025-08-25,-0.10628184383700462,-0.008273281157016754,-0.011225414462387562,0.55,1.808027322613747,1.087568556746249,-0.03496608694636072
2025-08-26,0.030322794474212177,0.009742344729602337,-0.0014330575941130519,0.45,1.8383501170879593,1.098164024543147,-0.025564393889635162
2025-08-28,-0.10253595775603055,0.0005071562482044101,-0.0012007037876173854,0.5,1.7358141593319287,1.0987209652897474,-0.025070202783523343
2025-08-29,-0.052017292566299875,-0.0050132256001234055,0.008396737277507782,0.6,1.683796866765629,1.0932128292191645,-0.0299577458012521
2025-09-01,-0.03598250106819592,-0.002418734598904848,-0.0015422459691762924,0.7,1.647814365697433,1.0905686375251655,-0.03230402056388226
2025-09-02,-0.16082663634831265,-0.0019621681421995163,0.004572941921651363,0.75,1.4869877293491203,1.0884287584877317,-0.034202802786066355
2025-09-03,-0.07010903632310868,0.00181580928619951,0.002904547844082117,0.8,1.4168786930260115,1.0904051375347603,-0.03244909926677986
2025-09-04,-0.21472667936741965,-0.006602976471185684,-9.101629075303208e-06,0.7,1.202152013658592,1.0832052180675582,-0.038837815098995865
2025-09-05,-0.17005541150213543,-0.007575118914246559,5.675796273862943e-05,0.25,1.0320966021564564,1.074999809732164,-0.046118732945498064
2025-09-08,-0.14653745113093522,0.00027187634259462357,0.008197450079023838,0.35,0.8855591510255212,1.075292076748724,-0.04585939519534177
2025-09-09,0.2113720572021972,0.006168713327497244,0.008870587684214115,0.5,1.0969312082277183,1.081925245313516,-0.03997357533017698
2025-09-10,0.14316018163520267,0.006601556204259396,0.0043652234598994255,0.45,1.240091389862921,1.0890676356292603,-0.033635906930144954
2025-09-11,-0.15423018265687338,-0.0024336674250662327,0.004201679490506649,0.45,1.0858612072060474,1.0864172072007354,-0.035987715744202786
2025-09-12,0.03760198279583094,-0.0007127188146114349,-0.005115896929055452,0.55,1.1234631900018783,1.0856428972166459,-0.036674785436708435
2025-09-15,-0.015273380468760327,-0.0013582194223999977,0.006904109381139278,0.6,1.108189809533118,1.0841683559478557,-0.03798319245321591
2025-09-16,0.23268020916184073,0.0027793669141829014,0.0036685809027403593,0.7,1.3408700186949587,1.0871816576057811,-0.035309394767432556
2025-09-17,-0.11227144557874018,-0.001543028512969613,0.002892490243539214,0.4,1.2285985731162186,1.0855041053093177,-0.03679793987750046
2025-09-18,0.02592705789666363,0.003083004616200924,0.0011450222227722406,0.45,1.2545256310128823,1.0888507194768915,-0.03382838347980843
2025-09-19,-0.0513711813313002,0.000706682913005352,-0.0008142516016960144,0.85,1.203154449681582,1.0896201916751593,-0.03314560650738296
2025-09-22,0.2968409778141474,0.010220855474472046,0.002217997796833515,0.7,1.4999954274957294,1.1007570421763377,-0.023263527486636515
2025-09-23,0.006073407553647695,0.0007568951696157455,-0.004339004401117563,0.45,1.5060688350493772,1.1015901998644815,-0.022524240368603676
2025-09-24,-0.1229423815085405,0.0010533761233091354,-0.007748228497803211,0.6,1.3831264535408367,1.1027505886786901,-0.021494590742294428
2025-09-25,-0.005650704482071035,-0.0035741105675697327,-0.013881972059607506,0.55,1.3774757490587657,1.0988092361463,-0.024991877265946427
2025-09-26,0.10472372565455519,-0.0028464028146117926,-0.00040666721179150045,0.3,1.482199474713321,1.0956815824438118,-0.027767143130766003
2025-09-29,0.10594576298234078,0.0016568272840231657,0.0019800513982772827,0.6,1.5881452376956617,1.0974969375842063,-0.026156321207081334
2025-09-30,-0.13333665977048753,-0.009194417856633663,0.006379860453307629,0.35,1.4548085779251743,1.0874060921436812,-0.035110246916944754
2025-10-01,-0.022916168870874373,0.0017892696196213365,0.0023901709355413914,0.9,1.4318924090543,1.0893517548285452,-0.03338379899546928
2025-10-03,-0.035413591770515715,-0.008388289250433445,0.007043288089334965,0.65,1.3964788172837843,1.080213957213576,-0.04149205528365041
2025-10-06,0.07998790523784488,0.0004798566224053502,-0.0010376523714512587,0.65,1.4764667225216292,1.0807323050345596,-0.0410321088987502
2025-10-07,0.23212036516212728,0.005238380283117294,-0.0047621168196201324,0.6,1.7085870876837566,1.0863935918325807,-0.03600867040586275
2025-10-08,0.17002287562956156,0.0010094819590449333,0.0039223977364599705,0.75,1.8786099633133182,1.0874902865639577,-0.035035538549961665
2025-10-09,0.044259257343074586,0.000566133065149188,0.0035805192310363054,0.75,1.9228692206563929,1.0881059507732103,-0.0344892402616408
2025-10-10,-0.2752986242365448,-0.0027831937186419964,-0.0026515088975429535,0.45,1.6475705964198482,1.0850775411258013,-0.03717644374342577
2025-10-13,-0.04165004608250691,-0.0038443878293037415,-0.0057709701359272,0.75,1.6059205503373413,1.0809060822328465,-0.04087791090486559
2025-10-14,-0.03401199327036609,-0.0015466110780835152,0.007569815963506699,0.7,1.571908557066975,1.0792343409116973,-0.04236129975309466
2025-10-15,-0.01937781243689379,0.0038259243592619896,0.01297803781926632,0.9,1.5525307446300813,1.0833634098659435,-0.038697446522448
2025-10-16,0.10676984594682484,0.004917486105114222,0.008043177425861359,0.85,1.6593005905769063,1.0886908343807484,-0.03397025457291136
2025-10-17,-0.09017595586561447,0.0001533005852252245,0.00262994016520679,0.65,1.5691246347112917,1.0888577313227883,-0.03382216164759244
2025-10-20,-0.06277178028099219,0.0004177875816822052,0.0024536687415093184,0.8,1.5063528544302995,1.0893126425611537,-0.033418504545032146
2025-10-21,-0.04583785720092428,-0.003194117918610573,0.00010690512135624886,0.6,1.4605149972293752,1.08583324953058,-0.036505879819462295
2025-10-23,0.2564974641918637,0.012279082089662552,-0.0012925215996801853,0.55,1.717012461421239,1.099166285137251,-0.024675056424858344
2025-10-24,-0.3389757258054079,-0.010909434407949448,0.0010641522239893675,0.65,1.3780367356158312,1.0871750026461167,-0.03531529992322835
2025-10-27,0.014754140136620984,-0.004248114302754402,-0.004423853941261768,0.8,1.392790875752452,1.0825565589677786,-0.03941339079527295
2025-10-28,-0.15652403151621355,-0.005736696999520063,-0.0012228827690705657,0.55,1.2362668442362386,1.0763462600041374,-0.0449239851140768
2025-10-29,-0.20080671780160686,-0.0035490086302161217,-0.00906800664961338,0.55,1.0354601264346317,1.072526297838282,-0.04831355813341931
2025-10-30,-0.13313107257050877,-0.0032819025218486786,-0.007275426294654608,0.6,0.9023290538641229,1.0690063710766575,-0.051436900266990326
2025-10-31,0.2045425915650328,0.009123233146965504,0.007009795401245356,0.55,1.1068716454291556,1.0787591654355815,-0.04278293795351773
2025-11-03,0.013920439794941739,0.0002478109672665596,-0.00784996710717678,0.6,1.1207920852240973,1.0790264937878158,-0.04254572906748788
2025-11-04,-0.013206291662720053,0.0009156209416687489,-0.0055602360516786575,0.55,1.1075857935613773,1.0800144730421433,-0.04166906388633196
2025-11-06,0.002930579247638022,-0.0025101008359342813,0.0013116893824189901,0.55,1.1105163728090153,1.077303527810539,-0.04407457117017266
2025-11-07,-0.12228606396824002,0.010397025384008884,0.0011890569003298879,0.55,0.9882303088407752,1.0885042799354674,-0.034135790221409446
2025-11-10,0.012343415103457466,-0.008412731811404228,-0.004772782325744629,0.35,1.0005737239442327,1.0793469853528046,-0.042261346784510545
2025-11-11,0.04340368173577692,0.003543955273926258,0.011227818205952644,0.7,1.0439774056800097,1.083172142793942,-0.038867163833404605
2025-11-12,0.023269572918598085,0.008025839924812317,0.004452411085367203,0.55,1.0672469785986078,1.0918655090230223,-0.03115326554385056
2025-11-13,-0.18997649740108608,-0.005403059534728527,0.0009220571955665946,0.95,0.8772704811975218,1.0859660946738543,-0.03638800213014437
2025-11-14,-0.040599172456336714,0.004380378406494856,0.003383337752893567,0.8,0.8366713087411851,1.0907230371051493,-0.03216701694243573
2025-11-17,-0.01680719754026525,-0.000594044104218483,-0.008559062145650387,0.7,0.8198641112009198,1.0900750995156216,-0.03274195241988931
2025-11-18,-0.10011534341370862,-0.0009079608134925365,0.003208667505532503,0.8,0.7197487677872112,1.0890853540414975,-0.033620184823627386
2025-11-19,0.2753303224297296,0.009837554767727852,0.011620265431702137,0.9,0.9950790902169409,1.099799290858611,-0.024113370465403183
2025-11-20,0.28769665551958823,0.008618216961622238,-0.0006794115761294961,0.55,1.282775745736529,1.1092775997614688,-0.01570296776212765
2025-11-21,-0.08903828775005998,0.0005525555461645126,-0.005429820157587528,0.9,1.193737457986469,1.1098905372514531,-0.01515908897789131
2025-11-24,0.32129651860744296,0.01121480017900467,0.0028521916829049587,0.85,1.515033976593912,1.1223377378472963,-0.004114294952669462
2025-11-25,0.36787515006002397,0.013021700084209442,0.020367523655295372,0.45,1.882909126653936,1.1369524832627338,0.0
2025-11-26,-0.11976940327514028,-0.005614576395601034,-0.005947725381702185,0.95,1.7631397233787958,1.1305689766872868,-0.005614576395601034
2025-11-27,0.07021509151612393,-0.003986626397818327,-0.0036046630702912807,0.9,1.8333548148949197,1.1260618205602708,-0.009578819574948105
2025-11-28,0.0029796958754275725,0.00027922395383939147,0.0005169706419110298,0.4,1.8363345107703473,1.1263762439940752,-0.009302270256983602
2025-12-01,-0.14892799884399377,-0.004239531699568033,-0.0045861778780817986,0.8,1.6874065119263535,1.121600936202022,-0.013502364686919122
2025-12-02,0.12672268907563025,0.003496583318337798,-0.003309043822810054,0.7,1.8141292010019838,1.1255227073253782,-0.010052993511703634
2025-12-03,-0.03549427174569665,0.0013824633788317442,0.0045814416371285915,0.85,1.778634929256287,1.127078701250299,-0.008684428028249536
2025-12-04,0.237573837718792,0.005301172379404306,0.010170981287956238,0.55,2.0162087669750792,1.133053539730782,-0.003429293298839564
2025-12-05,0.0021723695131214654,0.0014578253030776978,-0.013756372034549713,0.65,2.0183811364882005,1.1347053338507431,-0.00197646730630463
2025-12-08,-0.08960632600131967,0.0030384166166186333,-0.002048276364803314,1.0,1.928774810486881,1.138153041392081,0.0
2025-12-09,-0.09454981992797118,-0.0037058889865875244,-0.0028503842186182737,0.45,1.8342249905589099,1.133935172570935,-0.0037058889865875244
2025-12-10,0.3381696282643285,0.010480337776243687,0.01502799428999424,0.35,2.1723946188232386,1.1458191961958415,0.0
2025-12-11,0.3000532784918678,0.006351693533360958,0.009005199186503887,0.65,2.4724478973151065,1.1530970885747194,0.0
2025-12-12,-0.12427264703095128,-0.003869222244247794,-0.003617597045376897,0.55,2.348175250284155,1.1486354996698287,-0.003869222244247794
2025-12-15,0.10852751672810315,0.00836886651813984,-0.0038863527588546276,0.65,2.456702767012258,1.1582482768445623,0.0
2025-12-16,-0.08402595252653935,6.861655856482685e-05,8.722585334908217e-05,0.5,2.3726768144857187,1.158327751855283,0.0
2025-12-17,0.28689760036624146,0.002156750066205859,0.0013272622600197792,0.35,2.65957441485196,1.160825975310785,0.0
2025-12-18,-0.06849857394664705,0.00048281392082571983,0.0062661380507051945,0.45,2.591075840905313,1.1613864382513213,0.0
2025-12-19,-0.19779294870035216,-0.010024823248386383,0.007491914089769125,0.7,2.3932828922049607,1.1497437444847787,-0.010024823248386494
2025-12-22,0.19462009312452,-0.005412249825894833,-0.0017373956507071853,0.3,2.587902985329481,1.1435210441038672,-0.015382816226400586
2025-12-23,-0.20468588279751665,-0.0018687730189412832,-0.0016588568687438965,0.7,2.3832171025319644,1.1413840628300544,-0.017222842253422632
2025-12-24,0.06246113240608604,0.0012222654186189175,-0.0029926090501248837,0.4,2.4456782349380504,1.1427791370994145,-0.01602162771930027
2025-12-26,-0.05217467717207117,0.0008668019436299801,-0.00402316777035594,0.4,2.393503557765979,1.143769700276592,-0.0151687133537175
2025-12-29,-0.00469565583721396,0.0024238096084445715,0.002206417266279459,0.65,2.3888079019287654,1.1465419802659702,-0.012781669818447416
2025-12-30,-0.09988706265550583,-0.0030115051195025444,0.007658825255930424,0.3,2.2889208392732594,1.1430891632226747,-0.01575468287385584
2025-12-31,0.013743322484381341,-4.24128957092762e-05,0.005187611561268568,0.55,2.3026641617576407,1.1430406815012086,-0.015796427567843385
2026-01-01,-0.027718599778625654,-0.0015695230104029179,0.005786354653537273,0.7,2.274945561979015,1.1412466528497658,-0.017341157721696532
2026-01-02,0.049225044551474834,0.004076485522091389,0.0039649405516684055,0.45,2.32417060653049,1.1458989283072432,-0.013335363177993886
2026-01-05,0.11864488524491233,0.0112861767411232,0.0039056495297700167,0.45,2.442815491775402,1.1588317461395823,-0.0021996917026045892
2026-01-06,0.11223799263836347,-0.002462366595864296,-0.005360825918614864,0.45,2.5550534844137656,1.155978277557661,-0.0046566418510992635
2026-01-07,-0.06283181148070412,0.0004886174574494362,-0.009915326721966267,0.25,2.4922216729330615,1.156543108724508,-0.004170299710151482
2026-01-08,0.17638870771456344,0.003825143910944462,-0.0071268752217292786,0.6,2.668610380647625,1.1609670525545903,-0.0003611077957500486
2026-01-09,-0.3287376738697245,-0.006107446737587452,0.002243366092443466,0.45,2.339872706777901,1.1538765081170193,-0.006466349086708401
2026-01-12,-0.1250931541437112,-0.010979054495692253,-0.0063368030823767185,0.4,2.2147795526341896,1.1412080350531033,-0.017374409183389616
2026-01-13,0.14661672257034,0.007592155598104,0.0022716904059052467,0.5,2.3613962752045294,1.149872264025033,-0.009914162803231097
2026-01-15,0.08112519822009688,-0.008539590053260326,-0.009119467809796333,0.6,2.4425214734246263,1.140052826276645,-0.01836908997043052
2026-01-16,0.20567244008704155,0.014718238264322281,-0.0013542436063289642,0.55,2.648193913511668,1.1568323954076987,-0.003921212348991676
2026-01-19,0.09871971110693159,-0.0011792033910751343,-0.021427175030112267,0.6,2.7469136246185997,1.1554682547241284,-0.005095791833167773
2026-01-20,-0.11084401914582391,-0.00265283090993762,-0.004322592169046402,0.4,2.636069605472776,1.1524029928225445,-0.007735104469019705
2026-01-21,0.2193090495658809,0.007599174976348877,0.014324287883937359,0.65,2.8553786550386566,1.1611603048082713,-0.00019470990499126373
2026-01-22,-0.0727758215945088,-0.016634590923786163,-0.031190549954771996,0.6,2.7826028334441477,1.1418448781408468,-0.01682606190915903
2026-01-23,-0.23000483382940431,-0.008134267292916775,-0.00016245190636254847,0.75,2.5525979996147434,1.1325568066950011,-0.02482346151701964
2026-01-27,-0.1582132610465298,-0.003004537895321846,0.005378942005336285,0.75,2.3943847385682138,1.1291539968506814,-0.0277534163815204
2026-01-28,-0.39592787353245334,-0.021806906908750534,-0.005524458829313517,0.7,1.9984568650357604,1.104530640755715,-0.04895510712283935
2026-01-29,0.17138055222088835,0.0011828909628093243,-0.001533934148028493,0.55,2.1698374172566486,1.105837180068811,-0.04783012471382897
2026-01-30,0.37078755374815137,0.02125108800828457,-0.001775160781107843,0.6,2.5406249710048,1.1293374233052864,-0.02759547889528524
2026-02-02,0.07217286914765905,-0.0012236684560775757,0.025946859270334244,0.4,2.6127978401524588,1.1279554887241199,-0.028785379634308272
2026-02-03,-0.13408172858569045,-0.003124434035271406,0.005016108509153128,0.7,2.478716111566768,1.124431266204879,-0.0318198756497321
2026-02-04,-0.16600240096038413,-0.0011575818061828613,-0.006924542598426342,0.75,2.312713710606384,1.123129645028817,-0.03294062334678782
2026-02-05,0.08100840336134453,0.00558211375027895,0.0012057858984917402,0.55,2.3937221139677285,1.1293990824636784,-0.027542387903035648
2026-02-06,0.04172869147659064,0.0029163132421672344,0.005457078106701374,0.4,2.435450805444319,1.1326927639635587,-0.02470639689143106
2026-02-09,0.0030438798688324762,-0.010459937155246735,-0.0022232551127672195,0.8,2.4384946853131515,1.120844868836297,-0.03490790668786081
2026-02-10,-0.08715486194477791,-0.004977965261787176,-0.00252465158700943,0.6,2.3513398233683738,1.1152653420153775,-0.03971210160279415
2026-02-11,-0.06426470018804911,-0.010972978547215462,-0.007040926720947027,0.5,2.287075123180325,1.10302755934299,-0.050249320111057316
2026-02-12,0.0035062440972667506,0.002580661326646805,-0.01222275011241436,0.55,2.2905813672775914,1.105874099907612,-0.04779833526151145
2026-02-13,0.09369191262175651,0.008743898943066597,0.011526709422469139,0.5,2.384273279899348,1.115543751280959,-0.039472380131618245
2026-02-16,-0.2424847125424249,-0.002332515548914671,0.0033885021694004536,0.75,2.1417885673569232,1.1129417281356015,-0.04171282574012325
2026-02-17,0.38190592822360236,0.010185175575315952,0.007252195384353399,0.85,2.523694495580526,1.1242772350417582,-0.031952502618712963
2026-02-18,-0.09611922178798624,-0.004936928860843182,-0.017575375735759735,0.6,2.42757527379254,1.1187267583124916,-0.036731684247201635
2026-02-19,-0.426757584384595,-0.007696894463151693,0.0017088312888517976,0.75,2.0008176894079446,1.1101160365206566,-0.04414585881324873
2026-02-20,-0.17661217141615607,-0.004711296409368515,-0.0012312096077948809,0.7,1.8242055179917884,1.1048859508238145,-0.0486491709965019
2026-02-23,-0.02376781484824322,-0.006950847804546356,-0.017017735168337822,0.45,1.8004377031435452,1.0972060567382567,-0.05526186581763415
2026-02-24,0.027899159663865542,0.0024737901985645294,0.008853703737258911,0.7,1.8283368628074108,1.0999203143272214,-0.05292478188108374
2026-02-25,0.1540803942260194,0.00441392045468092,0.004322444088757038,0.8,1.9824172570334302,1.1047752751011493,-0.04874446720370729
2026-02-26,-0.32964509405129133,-0.008013921789824963,-0.017608648166060448,0.55,1.6527721629821388,1.0959216924511563,-0.056367754645675006
2026-02-27,-0.10444000926994053,-0.0050503103993833065,-0.011863529682159424,0.65,1.5483321537121983,1.0903869477308605,-0.061133390387581366
2026-03-02,0.23321593595310663,0.012704761698842049,-0.010223763063549995,0.45,1.7815480896653049,1.1042400540613089,-0.0492053138454559
2026-03-04,-0.03195999894924068,0.0006464896723628044,0.01499705296009779,0.65,1.7495880907160641,1.1049539338520689,-0.04859063490031945
2026-03-05,0.3130837573342055,0.009781679138541222,-0.009184058755636215,0.8,2.0626718480502695,1.1157622386958788,-0.03928425376151112
2026-03-06,-0.09312593943875289,0.001461743377149105,-0.014872637577354908,0.8,1.9695459086115166,1.1173931967587656,-0.03787993388212407
2026-03-09,0.1546398490653065,0.004597415216267109,0.01278709340840578,0.6,2.1241857576768233,1.1225303172440977,-0.03345666845027784
2026-03-10,0.0375204182301835,-0.0026234574615955353,-0.016516264528036118,0.5,2.161706175907007,1.1195854067074564,-0.03599235376538745
2026-03-11,0.09269151069429422,0.0017288890667259693,-0.005453741643577814,0.6,2.254397686601301,1.121521045676379,-0.034325691485572185
2026-03-12,0.2120076910319923,0.012600449845194817,-0.017040472477674484,0.5,2.4664053776332935,1.1356527153627545,-0.02215776079434295
2026-03-13,-0.01735850408933314,0.0014860043302178383,0.007983287796378136,0.55,2.4490468735439603,1.1373403002154072,-0.02070468299261341
2026-03-16,-0.2466925116334799,-0.011125189252197742,-0.001455842750146985,0.6,2.2023543619104804,1.1246871741313593,-0.03159952872811167
2026-03-17,0.17259333708392674,0.008197428658604622,0.014995326288044453,0.6,2.374947698994407,1.1339067170045487,-0.023661134951901364
2026-03-18,0.27277997507319723,0.00962803140282631,-0.03000722825527191,0.5,2.647727674067604,1.1448240064837443,-0.014260913699418398
2026-03-19,0.3025850494662525,0.009510505944490433,0.011217492632567883,0.65,2.9503127235338567,1.1557118620028033,-0.004886036259440174
2026-03-20,0.13221726114271465,-0.00022309832274913788,-0.0271897055208683,0.75,3.0825299846765715,1.1554540246248093,-0.0051080445156947984
2026-03-23,-0.2241816019151221,-0.0022485945373773575,0.01583799161016941,0.7,2.8583483827614495,1.1528558770168473,-0.007345153132077398
2026-03-24,-0.17404018580559438,-0.0052503421902656555,0.017314258962869644,0.75,2.6843081969558553,1.14680298916645,-0.012556930754959894
2026-03-25,0.28888261502567725,0.016585147008299828,-0.01154143176972866,0.45,2.9731908119815325,1.1658228853313333,0.0
2026-03-27,0.025764615140521228,0.0023676156997680664,-0.01686120592057705,0.8,2.9989554271220538,1.1685831058977927,0.0
2026-03-30,-0.153051059520181,-0.007260497659444809,0.013356639072299004,0.6,2.845904367601873,1.160098610992555,-0.007260497659444809
2026-04-01,0.09909891766341378,0.0067389952018857,0.0030146706849336624,0.65,2.9450032852652868,1.1679165099657483,-0.0005704309164492605
2026-04-02,-0.1578188988277197,-0.007273602299392223,0.008462234400212765,0.6,2.787184386437567,1.1594215497533633,-0.007839884128215902
2026-04-06,0.34394414977940757,0.011553901247680187,0.012305528856813908,0.65,3.1311285362169747,1.172817391843646,0.0
2026-04-07,-0.3926907764355291,-0.02734285220503807,0.013125729747116566,0.55,2.7384377597814455,1.1407492192349669,-0.02734285220503818
2026-04-08,-0.08426913429746995,-0.003408243181183934,-0.0031556296162307262,0.65,2.6541686254839756,1.1368612684870685,-0.03065790429664006
2026-04-09,-0.11793412664980517,-0.005350564606487751,0.009184964932501316,0.55,2.5362344988341703,1.1307784188214147,-0.03584443180548913
2026-04-10,0.013719243962229382,0.0016342541202902794,-0.01218585018068552,0.45,2.5499537427964,1.132626398111509,-0.034268756595566385
2026-04-13,0.21497467738488896,0.009483277797698975,0.02558586560189724,0.35,2.7649284201812887,1.1433674088858077,-0.025110458936444924
2026-04-15,-0.1549454308394615,-0.007622691802680492,0.0018256104085594416,0.55,2.609982989341827,1.1346518715106417,-0.03254174144962907
2026-04-16,-0.0585410366240565,0.0010877978056669235,0.01029910147190094,0.6,2.5514419527177705,1.135886143326667,-0.03148934247890356
2026-04-17,-0.4070786794654476,-0.013157970272004604,-0.004019048996269703,0.5,2.144363273252323,1.1209401872203928,-0.044232976918685774
2026-04-20,0.2377612573206651,0.0016755587421357632,0.006814503576606512,0.35,2.382124530572988,1.1228183883505012,-0.042631533127716836
2026-04-21,-0.1593553725069768,-0.003580310847610235,-0.006880433298647404,0.4,2.222769158066011,1.1187983494947937,-0.04605920983481948
2026-04-22,-0.10982357766860293,0.0032883312087506056,8.301842171931639e-05,0.6,2.112945580397408,1.1224773290237362,-0.04292233656321909
2026-04-23,0.07605010079721208,0.006836496293544769,-0.005553922615945339,0.9,2.18899568119462,1.130151141123195,-0.03637927866449897
2026-04-24,0.282174704150348,-0.005383946001529694,0.007126912474632263,0.45,2.4711703853449682,1.1240664684058206,-0.04156736059412447
2026-04-27,0.1549458129884681,0.009935330599546432,0.003340932074934244,0.65,2.6261161983334365,1.135234440385297,-0.03204501546423122
2026-04-28,0.08691685277061742,0.0037894239649176598,0.007688545621931553,0.75,2.7130330511040537,1.139536324979493,-0.028377023648869848
2026-04-29,-0.4444750818935461,-0.009342777542769909,-0.009527239948511124,0.6,2.268557969210508,1.128889890593304,-0.037454680972362486
2026-04-30,-0.12595171857782486,0.0,0.0,0.25,2.142606250632683,1.128889890593304,-0.037454680972362486
2026-05-01,-0.037471718026542956,0.009355559013783932,0.011789156123995781,0.4,2.1051345326061397,1.1394512865848139,-0.02844953143675777
2026-05-04,0.1781638181237995,0.005662184674292803,-0.0016138497740030289,0.4,2.283298350729939,1.1459030701968176,-0.02294843326335705
2026-05-05,0.1578697348682363,0.009167092852294445,0.016950344666838646,0.55,2.4411680855981754,1.156407670041041,-0.013991710829602488
2026-05-06,-0.326819962879647,-0.011481175199151039,-0.003499009180814028,0.8,2.1143481227185283,1.1431307509796578,-0.025312244745383072
2026-05-07,-0.07206264800089168,-0.005780761130154133,-0.0038004941307008266,0.65,2.0422854747176364,1.1365225851677108,-0.030946681834996048
2026-05-08,-0.33359145896009523,-0.014594593085348606,-0.017703961580991745,0.55,1.7086940157575412,1.1199355005048797,-0.045089620691621035
2026-05-11,0.126678809702323,0.004396006464958191,-0.017903106287121773,0.75,1.8353728254598642,1.1248587442054354,-0.0408918284907257
2026-05-12,-0.051845976294878554,-0.003559159580618143,0.0048788986168801785,0.35,1.7835268491649856,1.1208551924291545,-0.04430544752820209
2026-05-13,0.24229478131391516,-0.0012283409014344215,0.010844459757208824,0.8,2.0258216304789007,1.1194784001517086,-0.04547936623628124
2026-05-14,-0.06914523312054233,-0.0018497919663786888,0.0020224163308739662,0.65,1.9566763973583585,1.1174075980005735,-0.04724503083636
2026-05-15,-0.10441883106106734,-0.0037007781211286783,-0.005986571311950684,0.75,1.852257566297291,1.11327232040951,-0.05077096558103744
2026-05-18,-0.07244038430173254,-0.007157038431614637,-0.00038404593942686915,0.75,1.7798171819955586,1.1053045876274865,-0.0575646342607784
2026-05-19,0.15822711629195588,0.005240076221525669,0.0015353905037045479,0.6,1.9380442982875146,1.1110964679146564,-0.05262620111044347
2026-05-20,0.031167754826131266,0.007428373675793409,0.009139887057244778,0.45,1.9692120531136459,1.1193501076681807,-0.04558875452163591
2026-05-21,0.20459070791214287,0.012375220656394958,0.004175560083240271,0.55,2.173802761025789,1.1332023122423338,-0.033777704761896454
2026-05-22,0.10979416194256804,0.007955336011946201,0.01293993555009365,0.8,2.283596922968357,1.142217317405736,-0.026091081741043465
2026-05-25,-0.012146707293043802,-0.003078731708228588,-0.003265273291617632,0.7,2.2714502156753134,1.1387007367329511,-0.02908948600861394
2026-05-26,0.2690150240429963,0.008455300703644753,0.00576387345790863,0.75,2.54046523971831,1.14832879387349,-0.020880145656486437
2026-05-28,0.22253492519516554,0.00015720166265964508,-0.014814697206020355,0.7,2.763000164913475,1.148509313069167,-0.020726226387440483
2026-05-29,-0.20057653047358595,-0.006098472513258457,-0.01214037649333477,0.65,2.5624236344398894,1.1415051605921933,-0.02669830057877165
2026-06-01,-0.22732638715981704,-0.017027689144015312,-0.0012608329998329282,0.6,2.335097247280072,1.1220679655613401,-0.04327137935985814
2026-06-02,0.14415712266154335,0.0030856761150062084,0.0011708881938830018,0.65,2.4792543699416156,1.1255303038820863,-0.040319224706606094
2026-06-03,-0.19501600639229724,-0.004818666726350784,-0.0007718364358879626,0.7,2.2842383635493184,1.1201067484572702,-0.044943606526430924
2026-06-04,0.07330261520188373,0.005351210478693247,-0.0017202465096488595,0.45,2.357540978751202,1.1261006754268699,-0.0398328987459321
2026-06-05,-0.0017819537627309285,0.012104902416467667,-0.009364159777760506,0.35,2.3557590249884712,1.1397320142140304,-0.028210169681749053
2026-06-08,0.1948026819015906,0.007567165419459343,0.005346668418496847,0.55,2.5505617068900617,1.1483565548994414,-0.02085647528278256
2026-06-09,0.11904355729230692,0.0058146589435637,-0.003012248780578375,0.8,2.6696052641823687,1.1550338566117875,-0.015163089629753101
2026-06-10,0.019092999994443482,0.003808957524597645,-0.0063437046483159065,0.65,2.688698264176812,1.159433331511094,-0.011411887669496856
2026-06-11,0.2057902031130975,0.0010988414287567139,0.009436607360839844,0.2,2.8944884672899094,1.1607073648896398,-0.010325586095691786
2026-06-12,0.02983404191037102,-0.005623995326459408,0.010208834894001484,0.85,2.9243225092002803,1.1541795520941134,-0.015891510374206108
2026-06-15,-0.15430955602477972,-0.0027975032571703196,0.001631424529477954,0.65,2.7700129531755007,1.1509507310377707,-0.018644557079343205
2026-06-16,-0.1898256774432866,-0.009224805980920792,0.0021311461459845304,0.4,2.580187275732214,1.1403334338503484,-0.027697370638606778
2026-06-17,-0.2600601648847146,-0.005284192971885204,0.002266238909214735,0.45,2.3201271108474995,1.1343076919335906,-0.032835205359223796
2026-06-18,-0.3411373263775607,-0.013868480920791626,-0.009686877951025963,0.55,1.9789897844699387,1.1185765673497023,-0.04624831186096079
2026-06-19,-0.05665042903649373,0.0021929459180682898,0.004366517998278141,0.7,1.922339355433445,1.1210295452671186,-0.04415678598960571
2026-06-22,0.05848713064662393,0.003940310329198837,-0.008112145587801933,0.65,1.9808264860800688,1.1254467495636717,-0.040390467100345884
2026-06-23,0.05760154581032242,-0.0027056520339101553,0.003204676555469632,0.45,2.0384280318903913,1.1224016822766572,-0.04298683658479541
2026-06-24,0.18130106711670962,-0.0059854076243937016,-0.008222409524023533,0.55,2.219729099007101,1.1156836506899261,-0.04871495046974594
2026-06-26,-0.13437566003308327,-0.0028828491922467947,-0.006394530646502972,0.55,2.0853534389740176,1.1124673029787318,-0.05145736180638072
2026-06-29,0.13537757300290112,-0.00016170949675142765,-0.0020543965511024,0.6,2.220731011976919,1.1122874064510146,-0.051610750159050256
2026-06-30,0.21484906153236027,0.015570278279483318,0.007894070819020271,0.45,2.435580073509279,1.1296060308962217,-0.03684406562175624
2026-07-01,-0.2661830141976496,-0.008093167096376419,0.004146772436797619,0.6,2.1693970593116294,1.120463940535104,-0.04463904753854597
2026-07-02,-0.09112401834787918,-0.0012238803319633007,0.0032623461447656155,0.65,2.0782730409637504,1.119092626755609,-0.04580829501818928
2026-07-03,0.21461171649818694,0.008688337169587612,0.005499751307070255,0.55,2.2928847574619375,1.1288156808208611,-0.03751795576088368
2026-07-06,0.1576712820043581,0.0023491187021136284,-0.0022988985292613506,0.4,2.4505560394662957,1.1314674028479166,-0.0352569711903129
2026-07-07,-0.32206925349474247,-0.007587292231619358,-0.018435828387737274,0.7,2.1284867859715533,1.122882629011958,-0.04257675847830966
2026-07-08,-0.08507891677935123,-0.0003719264641404152,0.004072070587426424,0.35,2.043407869192202,1.1224649992461049,-0.04293284951921472
2026-07-09,-0.07130842641169602,-0.0015618279576301575,0.004218044690787792,0.85,1.9720994427805059,1.120711902028821,-0.044427623752165024
2026-07-10,0.13912892175881464,0.006591794081032276,0.0011866799322888255,0.7,2.1112283645393206,1.128099404111157,-0.038128687418416574
2026-07-13,-0.2343452605211141,0.002104929881170392,4.402776175993495e-05,0.85,1.8768831040182066,1.130473974255801,-0.036104015750723084
2026-07-14,0.09553810197500427,0.0023608626797795296,0.002020233077928424,0.7,1.972421205993211,1.1331428680720836,-0.03382838969431956
2026-07-15,-0.15878651112015246,6.116705480962992e-05,0.0013320408761501312,0.75,1.8136346948730584,1.1332121790840022,-0.033769291822476455
2026-07-16,-0.08718259200314178,-0.00479844119399786,0.007034915499389172,0.6,1.7264521028699167,1.1277745270823454,-0.03840569305550123
2026-07-17,0.011351180818614342,-0.0011237469734624028,0.0008830599253997207,0.8,1.737803283688531,1.1265071938707887,-0.03948628174762869
2026-07-20,0.1222420281233417,0.0038915476761758327,0.0025452207773923874,0.6,1.8600453118118727,1.1308910503232918,-0.03574839681942876
2026-07-21,0.3364687097125737,0.006352959666401148,-0.0058140880428254604,0.55,2.1965140215244463,1.1380755555530897,-0.02962254527616004
2026-07-22,0.202990058738139,-7.907114923000336e-05,-0.009618296287953854,0.7,2.3995040802625853,1.1379855666110015,-0.029699274136691933
2026-07-23,0.11942101054661973,0.0033609734382480383,-0.0031273372005671263,0.3,2.518925090809205,1.1418103058734907,-0.026438119169952534
2026-07-24,0.22825733983118193,0.010887088254094124,0.01517109852284193,0.55,2.747182430640387,1.1542412954429697,-0.015838865052533846
2026-07-27,0.13848937702341618,-0.0014935086946934462,-0.00041706254705786705,0.8,2.8856718076638033,1.1525174260324513,-0.017308718264557377
2026-07-28,-0.14134238886353756,-0.003713458776473999,0.011532304808497429,0.8,2.7443294188002656,1.1482376000817118,-0.020957901829282366
2026-07-29,0.05596337206268764,0.0012636480387300253,0.002841371111571789,0.85,2.800292790862953,1.149688568273051,-0.019720737202094885
2026-07-30,0.13877122977265752,0.018273677676916122,0.015484613366425037,0.6,2.9390640206356107,1.170697606598508,-0.0018074299203610922
2026-07-31,0.14135418130891717,0.0033312467858195305,0.013079899363219738,0.6,3.0804182019445276,1.1745974892376558,0.0
2026-08-03,-0.17779003275741842,-0.005979079753160477,-0.0072141727432608604,0.5,2.902628169187109,1.1675744771716419,-0.005979079753160477
2026-08-04,-0.14579978865390775,-0.01182221993803978,-0.0019154383335262537,0.5,2.7568283805332015,1.1537711549084768,-0.017730613695331354
2026-08-05,0.12145024667630681,0.0010753138922154903,-0.002494173590093851,0.75,2.8782786272095082,1.1550118210597875,-0.016674365778339917
2026-08-06,0.22498345114068882,0.01387297548353672,0.0030472767539322376,0.65,3.103262078350197,1.171035271736545,-0.0030327133624495906
2026-08-07,-0.14567597144004266,-0.004820725880563259,-0.00094735121820122,0.5,2.957586106910154,1.1653900316950323,-0.007838819363218175
2026-08-10,-0.3049175953050088,-0.006847062148153782,-0.004924172069877386,0.75,2.652668511605145,1.1574105337211775,-0.014632208628023835
2026-08-11,-0.08759256524183637,0.0017770188860595226,-0.000471584964543581,0.55,2.565075946363309,1.1594672740985243,-0.012881191453041008
2026-08-12,-0.2243723969125014,-0.010663134977221489,-0.003638140158727765,0.5,2.3407035494508075,1.1471037180531407,-0.02340697254713131
2026-08-13,-0.124025826927551,0.0056859636679291725,0.0036340069491416216,0.5,2.2166777225232566,1.1536261081173373,-0.017854100074681245
2026-08-14,0.16791095741390297,0.007449395954608917,-0.0014635787811130285,0.55,2.3845886799371594,1.1622199257802779,-0.01053770638094187
2026-08-17,0.25535425151899105,0.0097748301923275,-0.0027252945583313704,0.4,2.6399429314561504,1.1735804282009197,-0.0008658804791046304
2026-08-18,-0.034337645781278625,0.0010702491272240877,-0.0017348192632198334,0.55,2.605605285674872,1.174836451629929,0.0
2026-08-19,0.01997073651303442,0.0023369151167571545,0.008734708651900291,0.65,2.6255760221879063,1.1775819446934603,0.0
2026-08-20,-0.29775133077579324,-0.008934646844863892,-0.004462023265659809,0.5,2.327824691412113,1.1670606658867362,-0.008934646844863892
2026-08-21,-0.10220344573923074,-0.006058072205632925,-0.004259213805198669,0.65,2.2256212456728823,1.1599905281044403,-0.014938592314778898
2026-08-24,0.2089739510908535,0.01045258715748787,0.010646349750459194,0.45,2.434595196763736,1.1721154302013124,-0.0046421520954713635
2026-08-25,-0.1737997694751694,-0.0019683102145791054,-0.007847094908356667,0.75,2.260795427288566,1.1698083434273814,-0.00660132511466327
2026-08-26,-0.06317922276061322,-0.0003329664468765259,-0.004538549575954676,0.45,2.197616204527953,1.1694188364997438,-0.006932093541771711
2026-08-27,-0.13843433106714403,-0.009193935431540012,-0.00022533741139341146,0.7,2.0591818734608087,1.1586672752245384,-0.016062295752883426
2026-08-28,-0.04651117553726367,0.002893419936299324,-0.005411406047642231,0.75,2.012670697923545,1.1620197862182107,-0.013215350783338242
2026-08-31,-0.26166688144211736,-0.0023165312595665455,0.0006784286233596504,0.75,1.7510038164814277,1.1593279310592013,-0.015501268269709101
2026-09-01,-0.017928771123902922,-0.005025640595704317,-0.007043278310447931,0.35,1.7330750453575248,1.1535015655451362,-0.020449005062312287
2026-09-02,-0.07031032314630291,0.000746784033253789,-0.0002988017222378403,0.5,1.6627647222112218,1.1543629820966186,-0.019717492019534988
2026-09-03,0.030782312184428357,-0.0038097684737294912,-0.002055918797850609,0.5,1.6935470343956502,1.1499651264001864,-0.023452141413787486
