month,rank_ic
2024-01,-0.038673728030591846
2024-02,-0.015386726119019029
2024-03,-0.07883153261304522
2024-04,-0.014482593037214891
2024-05,0.01678156977076545
2024-06,-0.016182472989195673
2024-07,0.039170577321837825
2024-08,-0.049722746241353685
2024-09,-0.030478477105127764
2024-10,0.01265524391574812
2024-11,-0.034169836399589586
2024-12,-0.03601211913336763
2025-01,0.06388851192650973
2025-02,0.008192076830732298
2025-03,-0.0031592291273828733
2025-04,0.011562519744739999
2025-05,0.016843530889740645
2025-06,-0.026188761218773227
2025-07,0.052092489169580876
2025-08,0.028682465223757732
2025-09,0.005364547125159522
2025-10,-0.013475104327445264
2025-11,-0.06094648385670057
2025-12,0.0037367674342464238
2026-01,-0.05879237595851096
2026-02,-0.0730832040416681
2026-03,0.02527579452833765
2026-04,0.04809034922796944
2026-05,-0.05260924369747899
2026-06,-0.014359532634122416
2026-07,-0.004319640899838196
2026-08,-0.04208887774405198
2026-09,-0.05656746447093202
