embedding_dimension,gamma_low_vix,gamma_high_vix,gamma_high_minus_low,beta_low_vix,beta_high_vix,beta_high_minus_low
0,0.060258687,-0.15502773,-0.21528642,0.1494035,0.1814889,0.032085404
1,-0.0067936536,-0.026511058,-0.019717405,0.21431923,0.036254622,-0.17806461
2,0.046104047,0.32740557,0.28130153,-0.31433704,-0.2126571,0.10167995
3,-0.32270324,-0.4490008,-0.12629756,-0.20719703,-0.1921475,0.015049532
4,-0.087127544,-0.14567772,-0.05855017,-0.1256149,-0.40908176,-0.28346688
5,-0.41171962,0.04782291,0.45954254,-0.336203,-0.34439135,-0.008188337
6,0.22749317,0.32952952,0.10203636,0.11769827,0.3926911,0.27499282
7,0.08872786,-0.10078986,-0.18951772,-0.18400222,0.035747927,0.21975015
8,-0.060691547,-0.12080313,-0.060111586,-0.13887411,0.20975703,0.34863114
9,-0.13380182,0.05657082,0.19037265,0.21616463,0.1476193,-0.06854533
10,0.16002157,-0.2331824,-0.39320397,-0.2472784,-0.40202096,-0.15474255
11,-0.059816554,-0.24724835,-0.1874318,0.14130911,-0.23196258,-0.3732717
12,0.042182785,-0.20980948,-0.25199226,0.036583945,0.2266128,0.19002886
13,-0.2518527,-0.13685514,0.11499755,0.04377547,0.17503819,0.13126272
14,0.079732105,-0.02554538,-0.105277486,-0.3270334,-0.2574324,0.069601
15,-0.10906169,0.14696419,0.25602588,-0.18211675,0.09336456,0.2754813
16,0.03368059,-0.28968447,-0.32336506,-0.28363052,-0.17487383,0.10875669
17,0.02758558,-0.27041337,-0.29799893,-0.0073527647,-0.19973324,-0.19238047
18,0.30539918,-0.001860804,-0.30725998,0.205088,0.07232531,-0.1327627
19,0.31686425,0.14082626,-0.176038,0.13218911,-0.031546757,-0.16373587
20,-0.07090372,-0.100858495,-0.029954776,0.080102414,0.017506437,-0.06259598
21,0.039673913,0.14651535,0.106841445,0.18081167,-0.40276125,-0.5835729
22,0.076571,-0.075279206,-0.15185021,-0.14695892,0.09117542,0.23813434
23,0.36216906,0.25134018,-0.11082888,-0.05435971,-0.5377382,-0.4833785
24,0.20080495,0.23989594,0.03909099,0.30290598,0.45796832,0.15506235
25,-0.24917161,-0.38501194,-0.13584033,-0.17197008,-0.36889943,-0.19692935
26,0.123321235,-0.4325939,-0.5559151,0.06551926,0.13766754,0.07214828
27,0.2246253,-0.03018263,-0.25480795,0.44884807,0.37421125,-0.07463682
28,-0.076261,0.26655847,0.34281945,-0.12644665,0.07555932,0.20200597
29,-0.048232205,0.023786979,0.07201918,0.21226822,0.1102969,-0.10197132
30,-0.16527767,0.12914637,0.29442406,-0.17767262,-0.26039153,-0.08271891
31,0.06777751,0.3719691,0.3041916,0.061443668,-0.09251149,-0.15395516
32,0.067104466,-0.024251545,-0.09135601,-0.27435783,-0.08176759,0.19259024
33,0.22928339,-0.10669554,-0.33597893,-0.12331457,0.07875052,0.20206508
34,-0.027079415,-0.023030726,0.0040486883,-0.12034422,-0.09821152,0.022132702
35,-0.16230755,0.0062582367,0.16856578,0.15390031,0.3268945,0.17299418
36,0.23620242,-0.096594505,-0.33279693,0.40274656,0.23905866,-0.1636879
37,-0.08493734,-0.098249204,-0.013311863,-0.09042575,0.06586587,0.15629162
38,0.08444302,0.0051328316,-0.079310186,0.11948069,0.16891126,0.04943057
39,-0.2827012,-0.032060433,0.25064075,-0.16510306,-0.27938583,-0.11428277
40,0.02557772,0.11978212,0.094204396,-0.13893896,-0.64112145,-0.5021825
41,-0.06114612,-0.27888802,-0.21774189,0.014610178,-0.005444857,-0.020055035
42,0.12767112,0.012882176,-0.11478895,0.121797845,0.43089908,0.30910122
43,0.15580651,0.052369796,-0.103436716,0.30509692,0.13512741,-0.16996951
44,0.3435793,0.31633258,-0.027246714,-0.3356692,-0.06358003,0.27208915
45,-0.0117664,-0.2550783,-0.24331188,0.26122904,0.82590264,0.5646736
46,0.03679166,0.08088247,0.044090807,0.35159644,0.30123726,-0.05035919
47,0.21860652,-0.20615266,-0.42475918,-0.35142818,-0.52891946,-0.17749128
48,-0.22503522,-0.32563818,-0.100602955,-0.17538668,0.022025049,0.19741173
49,-0.29477814,0.05229276,0.3470709,-0.6846247,-0.39333117,0.2912935
50,0.31802616,0.32618365,0.008157492,0.087108195,0.23645331,0.14934511
51,-0.52974004,-0.19545119,0.33428884,0.4906047,0.569017,0.078412294
52,-0.011268994,-0.18042211,-0.16915312,-0.36981937,-0.7837967,-0.41397735
53,0.28637925,0.06179485,-0.2245844,-0.069580525,-0.07897381,-0.009393282
54,-0.3961253,-0.236172,0.15995328,-0.19752938,-0.20213282,-0.0046034455
55,-0.3571012,-0.039538484,0.31756273,0.24176791,0.32255954,0.08079162
56,-0.22041741,-0.057903513,0.1625139,-0.09247541,0.10263369,0.1951091
57,0.06171562,-0.62519425,-0.68690985,0.45997423,0.22543386,-0.23454037
58,-0.03886762,-0.12978786,-0.09092024,0.08648121,0.10068982,0.014208607
59,-0.058010526,-0.08821073,-0.030200206,-0.35739586,-0.32897186,0.028423995
60,-0.18108454,-0.12530342,0.055781126,-0.14336404,-0.2020333,-0.058669254
61,0.06288392,-0.021422345,-0.08430627,0.033309314,-0.30709648,-0.3404058
62,-0.03473308,0.47853437,0.51326746,0.14972076,0.25858852,0.108867764
63,0.023038914,-0.081034884,-0.1040738,0.117668554,0.5051842,0.3875156
64,-0.06871318,-0.011303225,0.057409957,0.2435325,0.5723883,0.3288558
65,0.2563093,-0.031286452,-0.28759575,-0.014847404,0.06056756,0.07541496
66,0.23125193,0.03170602,-0.1995459,-0.011102661,0.35012567,0.36122832
67,-0.2028921,-0.3569471,-0.154055,0.0011734662,-0.10865835,-0.10983182
68,-0.32521495,-0.34099174,-0.015776783,-0.10729082,0.29079884,0.39808965
69,0.27240992,0.0693111,-0.20309882,-0.18657763,-0.15841468,0.028162956
70,0.03815392,-0.11197438,-0.1501283,-0.001806414,-0.00031425213,0.0014921619
71,-0.175228,-0.22020537,-0.044977367,0.2395293,0.30699494,0.06746565
72,0.30065802,0.2873752,-0.013282806,0.41506025,0.111409836,-0.3036504
73,-0.45626977,-0.41427106,0.041998714,-0.09085692,-0.14341834,-0.052561425
74,-0.1708786,0.19031607,0.36119467,0.3415057,0.11827799,-0.22322771
75,0.054245155,0.019142631,-0.035102524,0.06608226,-0.22683838,-0.29292065
76,-0.06363918,0.038475,0.10211418,0.3938578,0.5666018,0.172744
77,0.13330203,-0.25199586,-0.3852979,-0.34684196,-0.061258852,0.2855831
78,-0.27737388,0.23139617,0.50877005,0.2533294,0.27185005,0.018520653
79,0.09501297,0.24794133,0.15292835,0.18828583,0.15245399,-0.03583184
80,-0.08470615,-0.004565703,0.08014045,0.0973799,-0.009987068,-0.10736697
81,0.340924,-0.08513275,-0.42605674,0.1992972,0.15578365,-0.04351355
82,-0.043714315,0.0049867257,0.04870104,0.09816698,0.0372588,-0.06090818
83,0.079649486,-0.1748389,-0.25448838,0.06682549,0.078718215,0.0118927285
84,0.27705082,0.43789557,0.16084474,-0.2023143,-0.3007281,-0.09841381
85,-0.13280965,-0.0042055207,0.12860413,-0.5312403,-0.22785382,0.30338645
86,-0.1164365,0.05966484,0.17610134,-0.22308001,0.2973298,0.5204098
87,0.25415084,0.20658655,-0.047564283,0.22654256,0.4736345,0.24709195
88,0.31183493,0.1222752,-0.18955973,-0.08341356,-0.065357216,0.018056348
89,0.054645702,-0.24643447,-0.30108017,-0.39368117,-0.43761122,-0.043930054
90,-0.30373043,-0.27721968,0.026510745,0.22028643,0.1068994,-0.113387026
91,-0.32760575,-0.24988942,0.077716336,-0.075952865,-0.19788118,-0.12192831
92,0.18194549,0.39756292,0.21561743,-0.5213478,-0.31427044,0.20707738
93,0.22025673,-0.26225722,-0.48251396,0.44303402,0.4229428,-0.020091236
94,-0.069917195,-0.36937353,-0.29945633,-0.36286357,-0.27745005,0.085413516
95,0.49005803,0.22440349,-0.26565456,-0.3650262,-0.39461422,-0.029588014
96,0.35860234,0.4912325,0.13263017,0.27211973,0.15829365,-0.11382608
97,0.2593191,0.40782997,0.14851087,0.13189219,-0.025522476,-0.15741466
98,-0.290615,-0.06665249,0.2239625,-0.44055006,-0.28114986,0.1594002
99,0.2241114,-0.054359708,-0.2784711,0.12100384,-0.20096214,-0.321966
100,-0.205604,-0.26672703,-0.06112303,-0.10463299,-0.3220434,-0.2174104
101,-0.12299827,-0.34368443,-0.22068617,-0.18218571,-0.29847127,-0.11628556
102,-0.14752391,-0.16643418,-0.018910274,-0.1862141,-0.3416459,-0.15543179
103,-0.021917813,0.030918816,0.052836627,0.15287946,0.20230722,0.049427763
104,-0.111143544,0.17729664,0.28844017,0.23910697,0.41834638,0.1792394
105,-0.16709438,-0.24601033,-0.07891595,-0.11314808,-0.07003202,0.043116055
106,-0.016996162,-0.4145567,-0.39756054,-0.012917837,0.16138282,0.17430066
107,-0.11820038,0.04423856,0.16243893,0.13955057,0.026013246,-0.11353732
108,0.12550244,-0.10638941,-0.23189184,-0.14365451,-0.033423282,0.11023123
109,-0.07706368,-0.49487397,-0.4178103,0.06983303,-0.047818176,-0.11765121
110,0.43490347,0.054988224,-0.37991524,0.37028477,0.37154856,0.0012637973
111,0.0103407055,0.09622497,0.085884266,0.17193578,0.1602216,-0.011714175
112,-0.47872075,-0.20433114,0.27438962,0.15199408,0.5175654,0.36557135
113,-0.047731288,0.36315724,0.41088852,0.32522014,0.5885652,0.26334503
114,0.022979444,0.13313589,0.11015644,-0.14676926,-0.011016483,0.13575277
115,-0.6118988,-0.023509817,0.588389,-0.21689096,-0.096134305,0.120756656
116,0.20105746,0.041611847,-0.15944561,-0.11893994,-0.13762754,-0.018687598
117,-0.2476095,0.0048434273,0.2524529,-0.1262727,0.053756237,0.18002893
118,0.17800646,0.09135598,-0.086650476,-0.04704692,0.28920302,0.33624995
119,-0.1263378,-0.05182157,0.07451622,-0.34407514,-0.5115313,-0.16745615
120,0.13709,-0.3638926,-0.50098264,0.22729348,0.17375208,-0.053541392
121,-0.18518256,-0.029539444,0.1556431,0.20549494,0.21374069,0.008245751
122,0.17602806,0.09231119,-0.08371687,-0.22102763,-0.074548826,0.1464788
123,0.14590032,0.20859064,0.06269032,0.18105169,0.29926756,0.118215874
124,-0.38412106,0.027274402,0.41139546,-0.076386124,-0.11023796,-0.03385184
125,-0.07861233,-0.18020023,-0.10158791,0.12367265,0.31956825,0.1958956
126,-0.09876108,0.47619563,0.5749567,0.34489253,0.23683618,-0.10805635
127,0.24410357,0.116318144,-0.12778541,-0.27896932,-0.42696705,-0.14799774
128,0.16872534,0.041589294,-0.12713605,-0.29045054,-0.28026143,0.010189116
129,-0.07980246,-0.12174064,-0.04193818,-0.49832115,-0.8885882,-0.39026704
130,0.209159,-0.059643224,-0.26880223,0.111060254,0.24830885,0.1372486
131,-0.17630534,0.22277372,0.39907905,-0.22888751,-0.259668,-0.03078048
132,-0.29103452,0.13396835,0.42500287,0.11089996,0.33738658,0.22648662
133,-0.013417526,0.102518685,0.11593621,0.09105132,-0.024334006,-0.115385324
134,-0.1696512,-0.097846545,0.07180465,-0.24539655,-0.2740534,-0.02865684
135,0.013070632,-0.1305875,-0.14365813,0.008410881,-0.0035629694,-0.01197385
136,-0.30154726,-0.31534076,-0.013793498,-0.029866166,0.33494493,0.3648111
137,0.31569055,-0.010505859,-0.3261964,-0.45615867,-0.68179387,-0.2256352
138,-0.311862,-0.40906593,-0.09720394,0.46480814,0.59629065,0.13148251
139,-0.08727476,0.25649878,0.34377354,-0.12402643,0.0300422,0.15406863
140,-0.2571084,-0.11848727,0.13862112,-0.05703099,-0.09268509,-0.035654098
141,-0.40450108,-0.20393172,0.20056936,0.104120284,0.27297285,0.16885257
142,-0.26616538,-0.5494475,-0.2832821,0.1666703,0.6028741,0.4362038
143,0.24371,-0.054433305,-0.2981433,0.02064775,0.13657463,0.11592688
144,-0.27189443,-0.46662903,-0.1947346,-0.08160551,0.105523795,0.1871293
145,-0.18506439,0.0070886137,0.192153,-0.09384611,-0.39178726,-0.29794115
146,-0.08828543,-0.05375035,0.03453508,-0.12449007,-0.21762192,-0.093131855
147,-0.3533231,-0.37203047,-0.018707365,0.10881067,0.27870426,0.1698936
148,0.046735168,0.49383244,0.44709727,0.10599261,0.020543264,-0.085449345
149,0.31003678,-0.4172063,-0.72724307,0.4931166,0.20064797,-0.2924686
150,-0.35358492,0.071410835,0.42499575,-0.40227246,0.0046852357,0.4069577
151,0.13924016,0.36929852,0.23005836,0.11943246,-0.06316671,-0.18259916
152,-0.042633846,-0.2917356,-0.24910174,-0.45695108,-0.25219488,0.2047562
153,-0.41886592,-0.6881564,-0.2692905,0.24479291,-0.15062869,-0.3954216
154,-0.2214346,-0.124349356,0.09708524,0.18294604,-0.30393472,-0.48688078
155,0.088393554,-0.40145725,-0.48985082,0.17023385,-0.09662873,-0.26686257
156,0.1403238,0.15110937,0.010785565,0.021489676,0.17926715,0.15777747
157,-0.16193071,0.16893572,0.33086643,-0.068574175,-0.5182831,-0.44970894
158,0.24285355,-0.040190015,-0.28304356,-0.08105335,-0.082203835,-0.0011504889
159,0.015820928,-0.28545165,-0.30127257,-0.012074866,-0.37244663,-0.36037177
160,0.3028525,0.2305688,-0.072283715,0.14130111,-0.101969056,-0.24327016
161,-0.01251913,-0.1665446,-0.15402547,0.061524175,-0.13498224,-0.19650641
162,-0.2965908,0.100119434,0.39671025,0.041464567,0.27987838,0.23841381
163,0.47025394,0.46200445,-0.008249491,0.0078114043,-0.2284614,-0.2362728
164,-0.41500714,-0.06187728,0.35312986,0.23078279,0.31853992,0.087757125
165,-0.15296116,-0.097546525,0.05541464,-0.096859954,0.26375142,0.36061138
166,-0.13670695,0.15800655,0.2947135,0.016643384,0.03387676,0.017233377
167,-0.17327158,-0.4152833,-0.24201171,0.21922818,-0.020931056,-0.24015923
168,-0.29362163,-0.1679077,0.12571393,-0.12507759,0.2632699,0.3883475
169,0.48816156,0.5039512,0.015789628,0.22634615,0.0111438045,-0.21520235
170,0.09071634,0.11820801,0.027491674,-0.2557297,-0.052383795,0.20334591
171,0.0020565384,-0.26600853,-0.26806507,-0.17828213,0.002453622,0.18073575
172,0.19550195,-0.02896416,-0.22446612,0.04498138,-0.053935453,-0.09891683
173,0.28671968,0.13865918,-0.1480605,-0.39400372,-0.22561584,0.16838787
174,0.27757946,-0.1683438,-0.44592327,-0.118609734,-0.19410162,-0.07549188
175,0.28908396,0.04707892,-0.24200504,0.013104196,-0.025156217,-0.03826041
176,-0.25188243,-0.1845054,0.06737703,0.08950822,0.037537754,-0.051970467
177,-0.18532783,0.5859716,0.7712994,0.027340302,0.31261334,0.28527305
178,0.11617933,0.0038641796,-0.112315156,0.32143354,0.10184199,-0.21959156
179,-0.0044324277,-0.22403912,-0.2196067,-0.39402613,-0.6057469,-0.2117208
180,-0.13971004,0.13374822,0.27345824,0.12961005,0.18839052,0.058780476
181,-0.053615056,-0.0843596,-0.030744545,-0.14346349,-0.23761743,-0.09415394
182,-0.13121343,-0.3225464,-0.19133297,0.0063369446,0.13302612,0.12668918
183,0.27238598,0.21752656,-0.05485943,-0.23460476,-0.18602341,0.048581347
184,-0.22556253,-0.19746807,0.028094456,0.27587298,-0.100685894,-0.37655887
185,0.0027894939,-6.129739e-05,-0.0028507912,0.010064702,-0.4292178,-0.43928248
186,0.023766583,-0.24282528,-0.26659188,0.035753805,-0.05939255,-0.09514636
187,-0.44030052,0.13358854,0.5738891,-0.07769109,-0.42953232,-0.3518412
188,-0.4431652,-0.43119544,0.011969775,0.15497482,0.046298224,-0.1086766
189,-0.2085762,-0.24147902,-0.032902822,0.18411279,0.53057045,0.34645766
190,0.08771084,0.035356686,-0.052354157,0.13818856,0.14538567,0.007197112
191,0.16932659,-0.043916024,-0.21324262,0.21617785,0.2067556,-0.009422258
192,-0.018443659,-0.21782964,-0.19938599,0.4743658,0.63793504,0.16356924
193,-0.09650781,-0.043319423,0.053188387,-0.11240481,-0.29973584,-0.18733104
194,0.008186523,0.08025995,0.07207343,0.1307702,0.23461898,0.10384877
195,0.43772417,0.0025911133,-0.43513307,-0.034800854,-0.37266216,-0.3378613
196,0.3162318,0.094583616,-0.22164817,-0.37334177,-0.164422,0.20891976
197,-0.24675837,-0.039377455,0.20738092,0.19493966,0.27274638,0.077806726
198,-0.057931636,-0.1860062,-0.12807457,-0.09262831,0.11033145,0.20295976
199,0.06669663,0.33774123,0.2710446,0.0006398906,-0.09239122,-0.093031116
200,-0.06954616,-0.16193534,-0.09238918,-0.010580935,0.041179676,0.05176061
201,0.12093057,0.1729514,0.052020833,0.19194508,0.23636153,0.044416457
202,-0.03767764,-0.3101016,-0.27242395,-0.025014287,0.17661239,0.20162667
203,0.54709125,0.4664391,-0.08065215,0.094901696,0.006646614,-0.088255085
204,0.21877657,0.13911845,-0.07965812,-0.14182442,0.058252197,0.20007662
205,0.4915273,0.33878285,-0.15274444,0.15980099,0.18849495,0.02869396
206,-0.22563815,-0.15571323,0.06992492,-0.19427446,-0.09844725,0.09582721
207,-0.014311928,-0.28142965,-0.2671177,-0.183825,-0.3225768,-0.13875179
208,-0.32573467,-0.26140353,0.064331144,0.24057701,0.3703769,0.1297999
209,-0.14540693,0.021234408,0.16664134,0.23555881,-0.104097046,-0.33965585
210,0.13506992,-0.2005835,-0.33565342,0.32856,-0.19046755,-0.51902753
211,0.25001514,-0.034078807,-0.28409395,-0.48013008,-0.3677001,0.11242998
212,0.062780805,-0.1581072,-0.22088802,0.1409348,0.15172146,0.0107866675
213,0.12546693,0.14040987,0.014942944,0.28703344,0.5689133,0.28187984
214,0.14011823,-0.16908582,-0.30920404,-0.25506833,-0.5140343,-0.25896594
215,0.5179086,0.025572415,-0.49233615,0.090397365,0.09051448,0.00011711568
216,-0.028264662,-0.16067329,-0.13240863,-0.33881193,-0.4049186,-0.06610668
217,0.20534582,0.4034221,0.19807626,0.13399333,-0.11299817,-0.2469915
218,-0.08151217,-0.025518138,0.05599403,-0.074180886,0.08833779,0.16251868
219,0.045856543,-0.02077578,-0.06663232,0.09899525,0.20064585,0.101650596
220,0.19716792,-0.13207042,-0.32923836,0.12729405,-0.1914208,-0.31871486
221,0.2681264,0.29549935,0.027372956,0.08414342,-0.29670754,-0.38085097
222,0.10681431,0.07521122,-0.03160309,0.011005456,-0.12769215,-0.13869761
223,0.06916628,0.0815005,0.01233422,0.15008567,0.09673484,-0.053350836
224,-0.04622313,0.15911712,0.20534025,0.2900461,0.39659253,0.10654643
225,-0.30424294,-0.32884967,-0.024606735,-0.08989991,-0.25354493,-0.16364501
226,-0.061635874,0.06293221,0.12456808,-0.12923424,-0.09057464,0.038659602
227,0.47595826,0.12562977,-0.3503285,0.24781425,0.5196336,0.27181935
228,0.23327182,0.17610838,-0.057163447,-0.40046287,-0.24597712,0.15448575
229,0.33038846,0.33195937,0.0015709102,-0.43728298,-0.5110316,-0.07374865
230,0.070454516,0.14338788,0.07293337,0.48962423,0.08367854,-0.4059457
231,-0.13804163,-0.006189318,0.13185231,0.013939725,-0.059219785,-0.07315951
232,-0.023320977,-0.24520671,-0.22188574,0.06280652,-0.19584744,-0.25865394
233,-0.47998622,-0.116364926,0.3636213,-0.06193012,0.112699844,0.17462996
234,-0.11305528,-0.08609147,0.026963808,0.07458206,0.3447724,0.27019033
235,0.048955925,0.27248263,0.22352672,-0.20748352,-0.1298713,0.07761222
236,0.041504923,0.08366391,0.042158987,0.30805513,0.4406634,0.13260826
237,0.4854072,0.04824497,-0.43716222,0.19403349,0.021677105,-0.17235638
238,0.19486852,0.101961136,-0.092907384,0.2729832,0.23600125,-0.03698194
239,0.048517723,0.1294609,0.08094318,0.413152,0.20061764,-0.21253437
240,-0.1179324,-0.12514488,-0.0072124824,-0.26097056,-0.022550272,0.2384203
241,0.022843573,0.5227197,0.4998761,0.014461644,0.11777034,0.10330869
242,0.26095745,0.12795387,-0.13300358,0.18272887,0.40156215,0.21883328
243,0.058677386,-0.18501599,-0.24369338,-0.0381424,-0.071399555,-0.033257153
244,0.1089857,-0.09785266,-0.20683837,-0.006654727,0.278015,0.28466973
245,0.15132031,0.10471175,-0.04660856,-0.029719265,-0.1256496,-0.09593034
246,-0.07463693,-0.10180969,-0.02717276,-0.4163704,-0.08723002,0.32914037
247,0.17761855,0.36563888,0.18802033,0.19033967,-0.108331144,-0.29867083
248,-0.3487355,-0.50821894,-0.15948343,-0.09495174,-0.2635798,-0.16862804
249,0.27299052,0.018779568,-0.25421095,0.5565757,0.3328299,-0.22374582
250,-0.004838524,-0.26285008,-0.25801155,-0.024556445,0.050292257,0.074848704
251,0.24002758,0.571948,0.33192042,0.05150967,-0.06323236,-0.11474203
252,0.34585366,0.3035071,-0.042346567,-0.04904364,0.068759084,0.117802724
253,0.32728112,-0.0844825,-0.4117636,-0.034768615,0.013112024,0.04788064
254,0.32565075,0.108375214,-0.21727553,-0.26957482,-0.18667702,0.0828978
255,0.07497873,0.04556682,-0.029411912,-0.0065911547,0.4412287,0.44781983
256,0.20807543,0.4527229,0.24464747,0.12644853,0.11590596,-0.010542564
257,-0.059236027,-0.19602795,-0.13679191,-0.048326425,0.26292634,0.31125277
258,0.19860731,-0.09350811,-0.29211542,0.17070754,-0.031694733,-0.20240226
259,-0.09328019,0.11404408,0.20732427,0.026839519,-0.05183312,-0.07867264
260,-0.0824061,-0.36028144,-0.27787533,-0.042043574,0.0819544,0.12399797
261,0.03491484,0.1684212,0.13350636,-0.1403783,0.31338963,0.45376793
262,0.20752136,0.17583027,-0.03169109,-0.20022866,-0.29184517,-0.09161651
263,0.24771981,0.26804042,0.02032061,-0.3375714,0.0050563915,0.3426278
264,0.2674039,0.1893265,-0.078077406,0.09666395,0.21723257,0.12056862
265,0.2843284,0.03742071,-0.2469077,-0.07156131,-0.13114065,-0.059579343
266,-0.17794833,-0.06602701,0.11192132,-0.23807983,-0.42214814,-0.1840683
267,-0.1303756,-0.087306604,0.04306899,0.37132683,-0.039587643,-0.41091448
268,-0.039364725,0.24593411,0.28529882,0.08869773,0.025366466,-0.06333126
269,0.13945104,-0.0008174171,-0.14026846,-0.12594847,0.20895392,0.3349024
270,0.2350688,0.53833723,0.30326843,0.017500779,-0.13440287,-0.15190364
271,-0.0043267095,-0.023476232,-0.019149523,0.1242173,0.32578295,0.20156565
272,-0.06940526,-0.2620114,-0.19260615,-0.26193368,-0.27848592,-0.01655224
273,-0.014396223,0.13144253,0.14583875,0.13068335,-0.26287517,-0.3935585
274,-0.11831317,-0.29088527,-0.1725721,0.036786728,0.24085195,0.20406523
275,-0.10912593,0.5930631,0.702189,0.3082524,0.19159032,-0.11666207
276,0.2543395,0.12505835,-0.12928113,-0.30982417,0.18124415,0.4910683
277,0.119443305,-0.2823502,-0.4017935,0.021325737,0.14925826,0.12793252
278,0.05282406,-0.18281753,-0.2356416,-0.19062519,-0.046660878,0.14396432
279,-0.040370002,0.056244634,0.09661464,-0.33383235,-0.35349864,-0.019666284
280,-0.12612434,-0.05516484,0.07095949,0.033184778,0.09499136,0.061806586
281,-0.1603655,-0.30538714,-0.14502163,0.077366635,0.107496485,0.03012985
282,0.12856126,0.06525594,-0.06330532,-0.124745026,-0.21731599,-0.09257096
283,0.014370353,0.12483256,0.11046221,0.31362772,0.50297445,0.18934673
284,-0.14509434,-0.25150204,-0.1064077,-0.093918726,-0.18338406,-0.089465335
285,-0.08426356,-0.25732395,-0.17306039,-0.049852032,0.07402524,0.12387727
286,0.16362578,0.2919984,0.12837261,-0.31832245,-0.07608112,0.24224132
287,-0.24903917,-0.59025,-0.34121084,-0.09620709,-0.019833697,0.07637339
288,0.25223348,0.20420176,-0.048031718,0.42381135,0.22945751,-0.19435383
289,0.046441294,0.04911766,0.002676364,-0.017057741,0.13554779,0.15260553
290,0.18936239,0.2392575,0.049895108,0.017256139,0.19057307,0.17331693
291,-0.0070858723,0.06292954,0.070015416,-0.49596515,-0.55438024,-0.058415085
292,-0.18105713,-0.32776317,-0.14670604,-0.2879792,-0.45996404,-0.17198485
293,0.0995741,-0.1848199,-0.284394,0.027013984,-0.024172176,-0.05118616
294,-0.28858903,0.04660044,0.33518946,0.029223062,-0.08115883,-0.110381894
295,-0.2616101,-0.11024777,0.15136233,-0.051455393,-0.102026075,-0.05057068
296,0.23115292,0.44203284,0.21087992,0.23712268,0.06625436,-0.17086832
297,-0.09572043,-0.09993015,-0.0042097196,-0.017562624,0.51638615,0.5339488
298,0.07582023,0.113547616,0.037727386,-0.12869322,-0.02128832,0.1074049
299,0.5113623,0.13877489,-0.37258744,0.14380799,0.13345365,-0.01035434
300,-0.10151353,-0.45746517,-0.35595164,0.23014331,0.15342581,-0.076717496
301,-0.20421235,-0.09826762,0.10594473,0.033544574,0.04765798,0.014113408
302,-0.14961745,-0.03531977,0.11429767,0.19877326,0.24229746,0.04352419
303,0.087950714,0.10386566,0.015914947,0.16368026,0.0973684,-0.06631186
304,-0.004595089,0.31251517,0.31711027,-0.19135264,-0.035063133,0.1562895
305,-0.32032046,-0.82990044,-0.50958,0.09228058,0.07667895,-0.015601635
306,0.27964798,0.34514543,0.06549746,0.059587978,0.11984899,0.06026101
307,-0.2579826,-0.16556151,0.0924211,0.06737794,0.080271624,0.012893684
308,0.40130433,0.7084817,0.3071774,0.4486939,0.3914161,-0.0572778
309,-0.11776138,0.057172507,0.17493388,-0.10390401,-0.25452995,-0.15062594
310,-0.045069817,-0.04045062,0.004619196,0.03953232,-0.012229136,-0.051761456
311,-0.1781742,-0.11416166,0.064012535,-0.09480495,-0.06989437,0.024910577
312,-0.0014246705,0.14634165,0.14776632,0.008100033,0.3912789,0.38317886
313,-0.054691598,-0.049582582,0.005109016,0.044435665,0.19776563,0.15332997
314,0.07729016,0.050114423,-0.02717574,-0.30056277,0.22231235,0.52287513
315,-0.18783312,-0.12592603,0.061907083,-0.020781297,0.10896112,0.12974241
316,0.29475668,0.34840706,0.05365038,0.103821576,-0.04368849,-0.14751007
317,0.18654612,-0.14441028,-0.3309564,0.5215927,0.6554302,0.13383752
318,-0.078335874,-0.20201014,-0.123674266,-0.15554157,0.03206914,0.18761072
319,-0.1331688,-0.08666251,0.046506293,0.059883077,-0.1042988,-0.16418187
320,0.11261254,-0.043412432,-0.15602496,0.18506974,-0.2108973,-0.39596704
321,0.035854053,0.108527474,0.072673425,-0.26220578,-0.35817885,-0.095973074
322,0.012625654,0.20161803,0.18899238,-0.31633413,-0.1751175,0.14121664
323,-0.14151995,-0.11413215,0.027387798,-0.50326276,-0.46080765,0.042455107
324,-0.141626,-0.11639547,0.025230527,-0.20167795,-0.3182385,-0.11656055
325,-0.052537195,-0.25287405,-0.20033684,-0.21697651,-0.29628375,-0.07930724
326,-0.07813494,-0.012953168,0.06518177,-0.20828153,0.09308978,0.3013713
327,0.052566595,0.039338592,-0.013228003,-0.3564393,-0.2962371,0.06020218
328,0.14702025,-0.17395227,-0.3209725,-0.011864068,0.014347567,0.026211634
329,0.12634844,0.06844379,-0.057904646,-0.107687466,-0.20073935,-0.09305189
330,-0.037988666,0.026821943,0.06481061,-0.12934293,-0.30007094,-0.17072801
331,-0.22430278,0.08228644,0.30658922,0.02375814,0.09926287,0.075504735
332,0.12017269,-0.06310064,-0.18327333,-0.1357381,0.12645055,0.26218867
333,0.06888502,-0.11690637,-0.18579139,0.06095175,0.06841511,0.007463362
334,0.33933115,0.1185192,-0.22081195,-0.02175789,0.13773294,0.15949082
335,-0.33080894,-0.57078826,-0.23997933,-0.014638569,0.16330716,0.17794573
336,-0.26199585,0.11988314,0.381879,0.11729069,-0.009310443,-0.12660113
337,0.26880285,-0.00019306285,-0.2689959,0.13722052,0.50865173,0.37143123
338,0.036673836,0.19684908,0.16017523,-0.117702074,-0.31110352,-0.19340146
339,-0.33294338,-0.2394322,0.09351118,-0.19136542,0.20751311,0.3988785
340,0.52242225,0.35099033,-0.17143193,0.26081103,0.43178537,0.17097434
341,-0.19411185,-0.18175527,0.012356579,0.15724851,0.09687041,-0.060378104
342,0.26790622,0.21720105,-0.050705165,0.13510825,0.527088,0.39197975
343,-0.2819554,-0.30792445,-0.025969058,-0.08263128,-0.035123434,0.04750785
344,0.21502341,0.25362074,0.03859733,-0.009436668,-0.134022,-0.12458533
345,-0.26524097,-0.30566227,-0.040421307,0.06614566,0.13599908,0.069853425
346,-0.29491895,-0.1060589,0.18886006,0.18069737,0.20003356,0.019336194
347,-0.061996426,0.04273797,0.10473439,0.13083196,0.096539326,-0.03429263
348,-0.12794824,-0.5970476,-0.4690994,0.33818036,0.13243406,-0.20574631
349,0.049234387,-0.19568554,-0.24491993,0.11866821,0.028990507,-0.08967771
350,0.41026434,0.0421486,-0.36811575,0.22178306,0.50388944,0.2821064
351,0.0922674,-0.02727655,-0.119543955,0.14624336,0.5398134,0.39357004
352,0.06165526,-0.056641825,-0.118297085,-0.011590732,0.21991092,0.23150165
353,0.16407067,0.19672586,0.032655194,0.8637331,0.42308813,-0.44064498
354,-0.004626371,0.15921076,0.16383713,0.57325494,0.55250335,-0.020751595
355,0.31071356,0.0087716775,-0.30194187,0.09631792,-0.15527812,-0.25159603
356,0.0036295909,0.18151307,0.17788348,-0.1668047,-0.09336474,0.07343996
357,-0.278517,-0.40958604,-0.13106903,0.06824855,0.032098897,-0.03614965
358,-0.09540268,0.44391432,0.539317,0.42100716,0.54214734,0.12114018
359,0.18417922,0.32702404,0.14284483,-0.04970173,-0.057194635,-0.0074929036
360,-0.093807064,0.15053962,0.24434668,-0.23771162,-0.20786422,0.029847398
361,-0.271648,-0.49952576,-0.22787777,0.24654663,0.15932666,-0.08721997
362,-0.034593437,-0.25052214,-0.2159287,0.26293352,0.25681663,-0.006116897
363,-0.09087656,-0.017063249,0.073813304,-0.13059331,-0.10493185,0.025661461
364,0.032497905,-0.261529,-0.2940269,-0.48539552,-0.3155778,0.16981772
365,-0.11336303,-0.090095565,0.023267463,0.3691303,0.23815371,-0.1309766
366,-0.05814771,-0.0019717384,0.05617597,-0.28691494,-0.3815741,-0.09465915
367,0.34581646,0.07527389,-0.27054256,0.22901002,0.2563787,0.027368695
368,-0.22387895,0.2672194,0.49109834,0.032647844,-0.16835704,-0.2010049
369,0.12368216,-0.00080969575,-0.12449186,0.14136948,-0.13378963,-0.27515912
370,0.2805086,0.26250076,-0.018007845,0.36681974,0.14787124,-0.2189485
371,0.009628024,-0.37396875,-0.38359678,-0.025759213,-0.45590162,-0.4301424
372,0.1578894,0.032486252,-0.12540314,0.43927592,0.7641544,0.32487845
373,-0.00198911,-0.0027474186,-0.0007583087,-0.32171756,-0.22400238,0.097715184
374,0.12188074,0.11835619,-0.0035245493,0.017167762,0.20576642,0.18859866
375,0.11996088,0.6791272,0.5591663,0.09524515,0.097829014,0.0025838614
376,0.1835214,0.0010140074,-0.1825074,-0.23370387,-0.15612917,0.0775747
377,0.5348871,0.33248702,-0.20240006,0.1845459,0.19497146,0.010425553
378,0.25195578,0.8525175,0.60056174,0.24424046,0.33004698,0.08580652
379,0.2892629,0.43161863,0.14235574,-0.14856917,-0.07511509,0.073454075
380,0.056981474,0.065294005,0.008312531,-0.020930694,-0.078211345,-0.057280652
381,-0.13669494,0.11153351,0.24822845,-0.18828556,-0.062460504,0.12582505
382,-0.25277886,-0.3617259,-0.10894704,-0.28855485,-0.48373747,-0.19518262
383,-0.2138539,-0.48987344,-0.27601954,-0.14321724,0.23623173,0.37944895
384,0.009643936,-0.017693702,-0.027337637,-0.047252577,0.11454425,0.16179682
385,-0.12575658,-0.0098548345,0.11590174,0.49645147,0.17704925,-0.31940222
386,-0.1633239,0.04462555,0.20794944,0.17438734,0.2268287,0.05244136
387,-0.033023976,-0.2593083,-0.22628433,-0.34600496,-0.20970196,0.13630301
388,-0.14078915,0.32289776,0.4636869,-0.022626836,-0.09813791,-0.07551107
389,0.35191655,0.08015086,-0.2717657,-0.28075147,-0.5385791,-0.25782764
390,0.008925643,0.16652842,0.15760277,0.024197826,0.0050317678,-0.019166058
391,0.15546149,0.34305134,0.18758985,-0.10659232,0.041743357,0.14833568
392,-0.044241104,0.14048953,0.18473063,-0.19012585,0.07356741,0.26369327
393,-0.19833949,0.24743395,0.44577342,0.15772232,0.12501852,-0.032703802
394,-0.031879235,-0.039738867,-0.007859632,-0.22208303,-0.22511123,-0.003028199
395,-0.16340207,-0.14783591,0.015566155,-0.083878815,-0.19130377,-0.10742496
396,0.08488457,0.2864315,0.20154692,0.15372315,0.52276224,0.3690391
397,-0.25540707,-0.18685536,0.068551704,0.22831437,0.06774773,-0.16056664
398,0.37307665,0.1229822,-0.25009444,0.15548523,0.39534417,0.23985894
399,0.26366755,0.18846972,-0.07519783,0.0689779,0.05387756,-0.015100341
400,0.22541459,-0.01658858,-0.24200317,-0.18401212,0.06947445,0.25348657
401,-0.18879038,0.0046635745,0.19345395,0.13322388,-0.031219065,-0.16444294
402,-0.0547964,-0.101866186,-0.047069784,-0.05771524,-0.16765793,-0.10994269
403,0.33543116,0.18291833,-0.15251283,-0.062155366,-0.05077312,0.0113822445
404,0.092514366,-0.03144473,-0.123959094,-0.18057264,0.09885507,0.2794277
405,0.085240014,0.439699,0.354459,-0.47646222,-0.06992926,0.40653294
406,0.046807535,-0.033798218,-0.08060575,-0.32349062,-0.38363993,-0.060149312
407,0.08078085,0.2600244,0.17924355,0.03555895,0.029048342,-0.006510608
408,-0.3814053,-0.17488989,0.2065154,0.101225175,0.21250127,0.1112761
409,-0.030266117,0.34737173,0.37763783,-0.26703784,0.1121654,0.37920323
410,0.25603476,-0.093766004,-0.34980077,0.21254891,0.30115664,0.08860773
411,0.07889925,0.27381223,0.19491298,-0.052311465,-0.27946803,-0.22715656
412,0.04291855,-0.06586863,-0.10878718,-0.0294153,-0.17543432,-0.14601903
413,0.41646183,0.27330688,-0.14315495,0.5734139,0.5771011,0.003687203
414,0.17496745,0.32344273,0.14847527,0.1442092,-0.007864597,-0.1520738
415,-0.29603982,-0.51312566,-0.21708584,-0.25169745,0.22217305,0.47387052
416,0.34725174,0.2587922,-0.08845955,0.11724121,0.15912272,0.04188151
417,0.18652129,0.37759122,0.19106993,-0.031218525,-0.18245667,-0.15123814
418,0.017472908,0.27288604,0.25541312,0.080913976,0.07516334,-0.005750634
419,-0.028795874,-0.025003962,0.0037919115,-0.3237126,-0.67430913,-0.35059655
420,0.26712996,0.32755694,0.06042698,-0.10089317,-0.106682196,-0.0057890266
421,-0.03037147,0.5307844,0.5611559,0.2359657,0.22603336,-0.009932339
422,-0.3032424,-0.27736542,0.02587697,0.1700648,0.7975945,0.6275297
423,-0.09182509,0.088910475,0.18073556,0.21780416,0.49727368,0.27946952
424,-0.31298545,-0.50080895,-0.1878235,0.42686856,0.0015421364,-0.4253264
425,0.3306197,0.26485977,-0.06575993,-0.020571776,-0.29697007,-0.2763983
426,0.053577848,0.22667183,0.17309397,-0.06760161,0.08646937,0.15407097
427,0.07145424,0.31298652,0.24153228,-0.43424207,-0.30945522,0.124786854
428,0.021343613,-0.109418854,-0.13076247,-0.49369293,-0.26457497,0.22911796
429,0.060405456,-0.046863623,-0.10726908,-0.13345855,-0.15525748,-0.021798924
430,0.115097165,0.21619418,0.10109702,-0.5667612,-0.39719814,0.16956306
431,0.04052101,0.039388068,-0.0011329427,-0.036248636,0.031650946,0.067899585
432,0.012338171,0.26795435,0.2556162,-0.22610725,-0.38827416,-0.16216691
433,-0.17284822,0.05676407,0.22961229,-0.10694319,-0.11350844,-0.0065652505
434,-0.034141496,-0.12328974,-0.089148246,-0.52972835,0.063658856,0.5933872
435,-0.12835145,-0.1050098,0.023341648,-0.022353359,-0.14022797,-0.117874615
436,0.15444167,-0.008896763,-0.16333844,0.10690539,0.0607067,-0.046198692
437,0.30018786,0.028885985,-0.27130187,0.11634488,-0.16773151,-0.2840764
438,0.22164619,-0.18159883,-0.40324503,0.40517983,0.66865474,0.2634749
439,0.6524535,0.36611325,-0.28634024,-0.3834079,-0.4408805,-0.057472616
440,-0.002578916,-0.26459438,-0.26201546,-0.009538179,0.19524986,0.20478803
441,0.34579647,0.14827807,-0.1975184,0.24158195,-0.117096886,-0.35867882
442,0.20918624,0.23280565,0.023619413,-0.0873915,-0.30390716,-0.21651566
443,0.1744835,-0.04061994,-0.21510343,0.062147,-0.18246908,-0.24461609
444,-0.27186236,-0.0076585514,0.26420382,0.038909554,0.24257144,0.20366189
445,0.53161174,0.45205376,-0.079557985,0.4233111,0.19777837,-0.22553274
446,-0.00892252,-0.44761235,-0.43868983,-0.090938605,-0.12570405,-0.034765445
447,0.34112084,-0.15317668,-0.4942975,0.5733578,0.45997638,-0.113381445
448,0.01408683,-0.12991638,-0.14400321,-0.19578958,-0.40457982,-0.20879024
449,0.08235309,-0.15941876,-0.24177185,0.12804401,0.10907752,-0.018966489
450,0.17643474,0.43080187,0.2543671,-0.0975185,-0.009911718,0.08760679
451,-0.05768551,0.57968116,0.63736665,-0.3912756,0.06636488,0.4576405
452,-0.104527876,-0.17955646,-0.07502858,-0.13059212,-0.25742155,-0.12682943
453,0.26516193,0.4026116,0.13744968,0.09454931,0.36010703,0.2655577
454,-0.074563414,0.18913643,0.26369983,-0.19776845,-0.068730265,0.12903818
455,-0.1907804,0.08679305,0.27757347,0.3480435,0.8961799,0.5481364
456,-0.0360509,0.114236064,0.15028697,-0.20964755,0.041964766,0.2516123
457,-0.351336,-0.2679503,0.083385706,0.10992942,0.035580624,-0.07434879
458,0.2368756,0.3325002,0.095624596,-0.6931242,-0.52471656,0.16840762
459,0.101807155,-0.09897681,-0.20078397,0.09589945,0.10954897,0.013649523
460,0.041670874,0.17591119,0.13424031,-0.15341285,-0.3897626,-0.23634976
461,-0.47696796,-0.07670593,0.40026203,-0.26948416,0.030929266,0.30041343
462,0.1386795,-0.43552026,-0.5741998,-0.21534751,0.122079015,0.33742654
463,0.21401352,0.35068482,0.1366713,-0.07506407,-0.4943991,-0.41933504
464,0.24979287,0.076175384,-0.17361748,0.06724573,0.57055056,0.50330484
465,0.1430215,0.552941,0.40991953,0.2829045,0.074286684,-0.20861782
466,-0.0421687,0.359606,0.4017747,0.23372841,-0.026085686,-0.25981408
467,0.24721256,0.092102155,-0.1551104,-0.23699825,-0.3242564,-0.087258145
468,0.053737704,-0.04236684,-0.09610455,-0.13932587,0.27683532,0.41616118
469,0.08249332,-0.05975355,-0.14224687,0.041238084,0.05991218,0.018674094
470,-0.14371127,-0.35088977,-0.2071785,0.33805537,0.5012523,0.16319692
471,0.17589892,0.4708424,0.29494345,0.05017058,0.07543456,0.025263976
472,0.039380416,0.41282466,0.37344426,0.009834577,0.006468999,-0.0033655781
473,-0.059668582,-0.19167668,-0.13200809,0.26188383,0.052380394,-0.20950343
474,-0.09914246,0.07191516,0.17105761,-0.13961688,-0.017447593,0.122169286
475,0.027901847,-0.3408417,-0.36874357,0.22943692,0.4765289,0.247092
476,0.20711498,-0.15995088,-0.36706585,0.3465273,0.036648713,-0.3098786
477,-0.21124087,-0.034832988,0.17640789,-0.080240324,0.04002577,0.120266095
478,0.05174597,-0.09976544,-0.15151142,0.242052,0.034341604,-0.2077104
479,0.34005806,0.6854254,0.34536734,0.23795573,0.3343539,0.09639816
480,0.019235047,0.18755524,0.1683202,0.12293008,0.4140781,0.291148
481,-0.037859265,-0.34326595,-0.3054067,0.11736674,0.42808026,0.31071353
482,0.3066296,0.02545073,-0.28117886,-0.44182786,0.07832115,0.520149
483,0.15635121,-0.042014915,-0.19836612,0.09363916,-0.08065374,-0.17429289
484,0.032387517,0.33855322,0.3061657,0.139485,-0.10982031,-0.24930531
485,-0.14380491,-0.34105086,-0.19724596,0.24097805,-0.13203931,-0.37301737
486,-0.10695351,0.13739616,0.24434966,-0.1673435,-0.53818166,-0.37083817
487,0.2220706,0.33109286,0.10902226,-0.1854387,-0.22531174,-0.03987305
488,0.037767418,-0.052066557,-0.089833975,0.010165958,0.031489078,0.02132312
489,-0.20050539,-0.1721408,0.028364584,-0.07743618,0.05400474,0.13144092
490,-0.38047722,-0.5815103,-0.20103309,0.18042794,0.19531181,0.014883876
491,-0.04760793,-0.004162545,0.043445382,-0.16493446,0.035275955,0.2002104
492,0.15044425,-0.38194504,-0.5323893,-0.09666163,-0.55754185,-0.46088022
493,-0.19021213,0.1984444,0.38865653,0.1768953,0.4907385,0.3138432
494,-0.1666866,-0.038878597,0.127808,0.041045588,-0.10380657,-0.14485216
495,-0.29883063,0.0016898834,0.3005205,0.33422315,0.11993963,-0.21428353
496,-0.19971798,-0.2760474,-0.076329425,-0.33995202,-0.37748593,-0.03753391
497,-0.08276463,-0.46145245,-0.37868783,-0.11095054,0.16419296,0.2751435
498,-0.10516827,-0.0936769,0.011491366,0.23896256,0.22634575,-0.012616813
499,0.016008303,0.03942169,0.023413386,-0.072717324,-0.20396328,-0.13124596
500,0.21808878,0.2062627,-0.011826083,0.1135089,0.030126425,-0.08338248
501,-0.02948381,-0.16674204,-0.13725823,-0.3320146,-0.60439813,-0.27238354
502,-0.24858591,-0.141705,0.1068809,0.25310895,0.1633718,-0.08973715
503,0.19060504,0.114532486,-0.07607256,0.3068637,0.48578432,0.17892063
504,0.040077865,-0.31485403,-0.3549319,-0.018893143,0.07038253,0.08927567
505,0.13569394,0.24547468,0.10978074,-0.23185527,0.05329945,0.28515473
506,0.09650118,-0.1197602,-0.21626139,-0.5424334,-0.554905,-0.012471616
507,0.071572915,0.22989082,0.15831791,-0.27772784,-0.37388235,-0.09615451
508,-0.26558337,-0.15003756,0.11554581,-0.08069162,-0.20834497,-0.12765335
509,0.24291074,-0.13896345,-0.3818742,-0.40033382,-0.16376698,0.23656684
510,0.38697562,0.59694827,0.20997265,0.22093602,0.2603321,0.039396092
511,0.24351543,0.10824285,-0.13527259,0.17499408,-0.04242959,-0.21742368
512,-0.21530882,-0.31513283,-0.09982401,-0.3472635,-0.36880928,-0.021545798
513,0.2989008,0.09369919,-0.20520163,-0.14395666,-0.6739929,-0.5300362
514,-0.04853096,-0.11724369,-0.06871273,0.041696206,0.06422664,0.022530437
515,0.22316813,-0.020329926,-0.24349806,0.03286405,0.17204462,0.13918057
516,0.74789953,0.3636296,-0.38426992,-0.3017918,-0.478254,-0.1764622
517,-0.29273415,-0.4049129,-0.11217874,-0.22626364,-0.007241706,0.21902193
518,0.24327692,0.38648406,0.14320713,0.23018043,-0.07226006,-0.3024405
519,0.2959094,0.7054893,0.40957987,-0.063687325,0.066786945,0.13047427
520,0.29956594,0.10414381,-0.19542213,0.33582327,0.1169664,-0.21885687
521,-0.10444503,-0.24938473,-0.14493969,0.11112004,-0.2573083,-0.36842835
522,-0.060243312,0.15709302,0.21733633,0.22452138,0.35260114,0.12807976
523,-0.26556453,-0.1945202,0.071044326,-0.20098314,-0.009560987,0.19142215
524,0.42858335,0.2246048,-0.20397855,0.4669674,0.37500378,-0.09196362
525,-0.06974411,-0.43662438,-0.36688027,0.18675901,0.029796008,-0.156963
526,-0.20494977,-0.24670091,-0.041751146,-0.13638765,-0.107903674,0.028483972
527,-0.10994005,0.050981164,0.16092122,-0.19470821,-0.10025624,0.09445197
528,0.10130236,0.4205116,0.31920925,0.14661811,-0.055328075,-0.20194618
529,-0.30938047,0.060523666,0.36990413,0.020380018,-0.11324572,-0.13362573
530,-0.2423368,0.18838175,0.43071854,0.011409972,0.068162456,0.056752484
531,-0.15391213,-0.30651453,-0.1526024,0.6608528,0.82582426,0.16497147
532,-0.17154822,-0.032039773,0.13950844,-0.60472274,-0.17040661,0.43431613
533,0.14587238,0.5497057,0.4038333,0.065096416,0.17111044,0.10601402
534,-0.59303164,-0.61945117,-0.02641952,0.21935838,0.405582,0.18622363
535,0.06095479,0.11462442,0.053669628,0.49239725,0.4413961,-0.05100116
536,0.07143074,0.5093461,0.43791538,-0.06314863,0.2103639,0.27351254
537,-0.041666664,-0.26295707,-0.22129041,0.13194177,0.1748407,0.042898938
538,0.08381049,-0.45138374,-0.5351942,-0.150796,-0.59179753,-0.44100153
539,-0.23719993,0.021064695,0.25826463,-0.08087188,-0.13663423,-0.05576235
540,0.21031705,0.43832198,0.22800493,-0.11775154,0.28147668,0.39922822
541,0.25842565,0.40456524,0.14613959,-0.39681002,-0.1894416,0.20736842
542,0.1270382,0.240398,0.11335981,-0.2923891,-0.66648245,-0.37409335
543,-0.13181305,0.101013675,0.23282672,0.34465912,0.22291407,-0.12174505
544,0.09425036,0.0060692737,-0.088181086,-0.004769537,-0.002288062,0.0024814752
545,-0.22990082,-0.45225385,-0.22235303,-0.42119545,-0.53857034,-0.1173749
546,-0.16423897,-0.18649247,-0.022253498,0.093977354,0.29921588,0.20523852
547,0.045537736,-0.2736589,-0.31919664,-0.15680179,-0.20187132,-0.04506953
548,0.101324864,-0.009283598,-0.11060846,-0.1411792,-0.10522171,0.035957493
549,-0.10511496,-0.27936533,-0.17425036,-0.23396108,-0.27072102,-0.036759943
550,-0.20965005,-0.26043373,-0.05078368,0.050208114,0.0056822253,-0.044525888
551,-0.018010063,-0.38473183,-0.36672178,0.025904154,-0.013077099,-0.03898125
552,-0.05100786,0.05601194,0.1070198,0.008832695,0.12399977,0.115167074
553,0.19516915,0.3597627,0.16459355,-0.09350586,-0.15017621,-0.056670353
554,-0.16067427,-0.46941563,-0.30874136,0.28892967,0.1995436,-0.089386076
555,0.027082063,0.019998007,-0.0070840567,0.32056308,-0.06146404,-0.38202712
556,-0.22772114,-0.22305797,0.0046631694,0.08561775,0.11610188,0.030484132
557,0.34565753,0.49431914,0.14866161,0.092957065,0.5655747,0.47261763
558,-0.06694199,-0.29384327,-0.22690128,-0.020846462,-0.083818085,-0.06297162
559,0.10426063,-0.035691973,-0.1399526,-0.091217875,-0.23326446,-0.14204659
560,-0.10825564,0.58015734,0.68841296,-0.13053046,0.11286891,0.24339938
561,0.048161466,-0.0013582981,-0.049519762,-0.061906416,0.18479322,0.24669963
562,0.37261522,-0.0031748104,-0.37579003,0.39859095,0.4301517,0.03156075
563,0.62823045,0.5854557,-0.042774737,-0.07984254,-0.5160793,-0.43623677
564,0.053667713,-0.13468347,-0.18835118,-0.2899549,-0.19703619,0.09291871
565,-0.13161352,-0.09201455,0.03959897,0.19180708,-0.067810394,-0.25961748
566,-0.07798658,0.07104699,0.14903358,0.04719966,0.35562846,0.3084288
567,-0.39093864,-0.53238964,-0.141451,-0.09760437,0.037369486,0.13497385
568,0.109806776,0.14164951,0.03184274,-0.16102615,-0.36179164,-0.20076549
569,-0.121680364,-0.08825071,0.033429652,-0.031289026,0.07203084,0.10331987
570,-0.1519398,-0.06281631,0.08912349,-0.3750815,-0.22236058,0.15272093
571,-0.13869652,0.08054064,0.21923716,0.029796712,-0.30985668,-0.3396534
572,-0.4151489,-0.074723236,0.34042567,0.18239604,-0.11236476,-0.2947608
573,-0.011064824,0.18692006,0.19798489,-0.07197432,0.160738,0.23271233
574,-0.035350055,0.11451971,0.14986977,-0.033324905,0.20310631,0.23643121
575,-0.054787062,0.60024136,0.6550284,0.09431023,-0.2580864,-0.35239664
576,-0.3751646,-0.13012622,0.24503838,0.3723029,0.19427028,-0.1780326
577,0.40562615,0.09349415,-0.312132,0.10469382,0.44867447,0.34398064
578,-0.18109623,-0.13462208,0.046474144,-0.112389386,0.18127696,0.29366636
579,-0.3880624,-0.22236452,0.16569787,-0.076749586,0.15342708,0.23017666
580,0.28673708,-0.20238319,-0.48912027,0.16309774,0.34978056,0.18668282
581,0.21822307,0.08950675,-0.12871632,-0.11868087,0.088719815,0.20740068
582,-0.12209365,-0.14891537,-0.026821718,0.012073246,-0.43573728,-0.44781053
583,-0.09348071,-0.33572796,-0.24224725,0.040526804,-0.07447662,-0.11500342
584,0.3802393,0.6314963,0.251257,-0.13421616,-0.13321485,0.0010013133
585,-0.14295514,-0.3118296,-0.16887446,0.37917832,0.23439491,-0.1447834
586,0.07500725,0.042686168,-0.032321084,0.034239735,-0.10539007,-0.13962981
587,0.06460151,0.17946966,0.11486815,0.12631851,0.0042798463,-0.12203867
588,-0.1461275,0.15051304,0.29664055,-0.23418497,0.22857018,0.46275514
589,-0.28858566,-0.36020142,-0.071615756,-0.03601402,0.0568685,0.09288252
590,-0.040306963,0.04319004,0.083497,0.0449723,0.5311694,0.4861971
591,0.5092752,0.8503946,0.3411194,-0.054422412,0.06729757,0.121719986
592,-0.21589482,0.23709846,0.45299327,0.02755824,0.31895223,0.291394
593,0.13956974,0.050546687,-0.08902305,0.030723892,0.29892468,0.26820078
594,-0.07402703,-0.027093455,0.046933576,-0.11579528,0.081252836,0.19704811
595,-0.007821434,-0.28971305,-0.2818916,-0.16221717,-0.31562948,-0.15341231
596,-0.24773958,0.00446157,0.25220114,0.39681947,0.36956057,-0.027258903
597,0.107011214,0.2310479,0.124036685,-0.393707,-0.110109925,0.28359708
598,0.16009241,-0.33109418,-0.4911866,0.093265064,-0.3133913,-0.40665635
599,-0.3526489,0.012299421,0.36494833,-0.20297356,-0.1501104,0.052863166
600,-0.14097428,0.10968713,0.2506614,0.007059783,0.20665936,0.19959958
601,0.17498831,-0.14463143,-0.31961975,-0.4555109,-0.38177615,0.07373476
602,0.08136592,0.055086616,-0.026279304,0.034223385,-0.0017836092,-0.036006995
603,0.27873975,0.0713439,-0.20739585,-0.07535423,-0.09966067,-0.024306439
604,-0.3572912,0.14784399,0.5051352,0.112454504,0.11232801,-0.00012649596
605,0.014432616,-0.12494727,-0.13937989,0.35618865,0.5602737,0.20408505
606,-0.22669166,0.032692198,0.25938386,0.10507629,0.35974023,0.25466394
607,-0.23490688,-0.46643883,-0.23153195,0.032465033,0.027525093,-0.00493994
608,-0.3376236,-0.42395285,-0.08632925,0.09205473,0.10727797,0.015223235
609,0.14082988,0.3182868,0.17745693,0.13694066,-0.060766917,-0.19770758
610,0.057161726,-0.48001325,-0.537175,0.27330762,-0.21734661,-0.49065423
611,0.057756424,0.19621673,0.13846031,-0.11495478,-0.31390956,-0.19895479
612,0.20466518,0.06828264,-0.13638255,0.027899755,0.3229207,0.29502097
613,0.014701518,0.02523936,0.010537841,-0.18974657,-0.07382648,0.1159201
614,0.28325823,0.12135877,-0.16189946,-0.054511108,-0.22023447,-0.16572335
615,0.034615055,-0.28628582,-0.32090086,-0.43375155,-0.4743096,-0.04055804
616,-0.2811546,0.009255175,0.29040977,-0.11233768,-0.10749313,0.0048445463
617,0.015989773,-0.17724857,-0.19323835,-0.015909698,0.36517465,0.38108435
618,-0.19966976,-0.20614836,-0.0064785928,0.17502864,0.2477463,0.07271767
619,0.0721704,0.37793756,0.30576715,-0.021686403,0.26282972,0.28451613
620,-0.18808857,-0.26453647,-0.076447904,-0.14718165,0.27596852,0.42315018
621,0.12872185,0.04005036,-0.08867149,-0.07402685,0.047014184,0.12104104
622,0.18936573,0.06580614,-0.12355959,-0.37009293,-0.1891565,0.18093643
623,0.08323053,0.057802815,-0.025427718,0.019888127,0.058435854,0.038547724
624,0.21085893,0.6443208,0.43346184,0.09218805,0.19397329,0.101785235
625,0.18700016,-0.0152167315,-0.2022169,-0.20919296,-0.13241237,0.07678059
626,-0.045882832,-0.13526732,-0.08938448,-0.045024373,-0.07037207,-0.025347695
627,0.02580713,-0.14834659,-0.17415372,-0.32055885,-0.14785421,0.17270464
628,-0.0007227273,0.059586868,0.060309596,0.355319,0.43082535,0.07550636
629,0.44686225,0.46979713,0.022934884,-0.27617416,-0.3509818,-0.074807644
630,0.15145385,0.047841955,-0.1036119,-0.08410767,0.09597825,0.18008593
631,0.18498358,0.46306032,0.27807674,-0.27342668,-0.15392719,0.11949949
632,-0.37448904,-0.72787565,-0.3533866,-0.026391154,0.24828482,0.27467597
633,-0.31001744,-0.44681558,-0.13679814,-0.000630433,0.23723157,0.237862
634,-0.5176854,-0.4661432,0.051542222,0.24634895,-0.047786076,-0.29413503
635,0.022893704,0.13418601,0.11129231,-0.49054858,-0.3804621,0.11008647
636,-0.101005666,-0.029064372,0.071941294,-0.0065440424,0.22003599,0.22658002
637,0.010295873,-0.5148171,-0.525113,0.09512683,0.15780875,0.06268192
638,0.09786534,-0.146359,-0.24422434,0.22322911,-0.04879958,-0.27202868
639,-0.6769706,-0.34836486,0.32860574,-0.05950502,-0.13281412,-0.07330911
640,0.1266249,0.33731747,0.21069257,0.046340767,0.2696492,0.22330844
641,-0.14514168,0.14697699,0.29211867,-0.11132051,0.21756254,0.32888305
642,-0.4012154,-0.5688404,-0.16762498,-0.17995661,0.17422149,0.3541781
643,-0.029781157,0.07454602,0.10432717,-0.23896655,-0.2914526,-0.052486032
644,0.066186674,0.12784354,0.06165687,0.39414355,0.6617774,0.26763383
645,0.16456336,0.25390956,0.0893462,-0.23666048,-0.096925706,0.13973477
646,0.16621085,0.058820114,-0.10739073,0.03379999,0.3108685,0.2770685
647,0.05323074,0.12374279,0.07051205,0.12515815,0.33656827,0.21141012
648,0.021121856,0.030640766,0.00951891,-0.22327414,-0.28365877,-0.06038463
649,-0.2721879,-0.18274736,0.089440525,0.20881239,0.41704917,0.20823678
650,0.23479183,0.3674711,0.13267927,0.07275605,-0.25759986,-0.3303559
651,0.08743312,-0.028867105,-0.116300225,0.03646693,0.5648816,0.52841467
652,-0.15199448,0.07230308,0.22429755,-0.07642479,0.06957174,0.14599654
653,0.122008115,-0.048972983,-0.1709811,0.18471171,0.29831365,0.11360194
654,0.04822192,-0.1974555,-0.24567741,0.0629469,-0.079720065,-0.14266697
655,0.002022254,0.16593719,0.16391493,-0.113584034,-0.33541882,-0.22183478
656,0.11545749,0.15140304,0.03594555,0.17413159,-0.10199401,-0.2761256
657,0.45441428,-0.010703305,-0.46511757,0.26795563,0.1963681,-0.07158753
658,-0.0660152,-0.21814711,-0.15213192,-0.032982204,-0.24552728,-0.21254508
659,-0.17127986,0.10922664,0.2805065,-0.27614114,0.25417072,0.5303118
660,0.09876406,-0.41744196,-0.516206,0.21180925,0.15781614,-0.053993106
661,0.4416757,0.4518353,0.010159612,-0.23590823,0.08001801,0.31592625
662,-0.13826498,-0.2558354,-0.11757043,0.071202725,-0.107614964,-0.17881769
663,0.229246,-0.37876007,-0.60800606,-0.056330275,0.019657375,0.07598765
664,0.38455045,0.2539003,-0.13065016,0.2088227,0.20069936,-0.008123338
665,-0.2830202,0.30217952,0.5851997,-0.2544204,0.004691057,0.25911146
666,0.23195483,0.055910334,-0.1760445,-0.16403529,-0.29545128,-0.131416
667,0.018848319,-0.29125714,-0.31010547,0.20610766,-0.15006894,-0.3561766
668,-0.25580317,-0.11436135,0.14144182,0.06201033,-0.16116668,-0.22317702
669,0.31638274,0.25913003,-0.057252705,-0.054013472,-0.28626397,-0.2322505
670,-0.15505159,-0.26028365,-0.10523206,0.30253273,-0.09108549,-0.39361823
671,0.24472764,0.06136149,-0.18336615,-0.036982868,-0.30160984,-0.26462698
672,-0.12138734,-0.20949438,-0.08810704,0.0016638108,-0.0066918707,-0.008355682
673,0.32487425,0.11449055,-0.21038371,-0.088459045,-0.038393382,0.050065663
674,0.13388899,0.34608224,0.21219325,-0.05801933,-0.2404354,-0.18241608
675,-0.34544244,-0.14566195,0.1997805,-0.15014467,-0.48464534,-0.33450067
676,0.17935638,0.27312636,0.09376998,0.30355158,0.25043574,-0.053115845
677,-0.0031544792,-0.3135569,-0.31040242,-0.45397925,-0.15993631,0.29404294
678,-0.13996398,-0.28949594,-0.14953196,-0.26917732,-0.3638607,-0.09468338
679,-0.25214157,-0.0284923,0.22364926,-0.20781665,0.19337325,0.4011899
680,0.36530083,0.25610563,-0.1091952,-0.14141868,-0.37187287,-0.23045419
681,-0.1414845,-0.18485673,-0.04337223,-0.24775773,-0.5981811,-0.3504234
682,0.0056660827,-0.3871589,-0.39282498,-0.15141179,-0.08140064,0.07001115
683,0.18286017,0.042667747,-0.14019242,0.080374606,-0.15391615,-0.23429075
684,-0.19744632,-0.4424231,-0.24497679,0.3131277,0.093790725,-0.21933697
685,0.4769766,0.48496023,0.007983625,0.2294068,0.09770643,-0.13170037
686,0.05011533,0.2836651,0.23354976,-0.14600581,-0.12596284,0.02004297
687,-0.046990693,-0.07616608,-0.029175386,-0.038225222,0.036195822,0.07442105
688,0.079090655,-0.23736177,-0.31645244,0.064611346,0.27145544,0.20684409
689,-0.16758567,0.052312434,0.2198981,-0.38176474,0.007371065,0.3891358
690,-0.2609209,-0.1477702,0.113150716,0.3903608,0.19613548,-0.19422533
691,-0.25514638,-0.015639065,0.23950732,-0.59653527,-0.78777593,-0.19124067
692,0.18117094,0.03863197,-0.14253896,0.17848621,0.24186681,0.0633806
693,-0.15818262,-0.6100091,-0.45182645,-0.086730495,0.069861874,0.15659237
694,-0.14156866,-0.021830777,0.119737886,-0.3499047,0.16712824,0.5170329
695,0.46470207,0.16298054,-0.3017215,0.07752935,-0.00059053575,-0.07811988
696,0.19088683,-0.24557155,-0.43645838,0.22702812,0.11511824,-0.111909874
697,-0.27356595,-0.07045555,0.2031104,-0.030728865,-0.22750701,-0.19677815
698,-0.5900433,-0.4259026,0.1641407,-0.15658714,-0.31751028,-0.16092314
699,-0.2724736,-0.12422014,0.14825347,-0.1570909,-0.3331399,-0.176049
700,-0.104662396,-0.14691544,-0.04225304,0.116999686,-0.29259714,-0.40959683
701,-0.15656757,-0.034698624,0.12186895,-0.115764365,-0.3448807,-0.22911634
702,0.44813287,0.05897226,-0.3891606,0.2989599,0.31728047,0.01832056
703,-0.3659373,-0.08152865,0.28440863,0.3969224,0.2881661,-0.108756304
704,0.05041767,-0.06021849,-0.11063616,0.11716974,-0.022916334,-0.14008607
705,-0.19076334,-0.042671062,0.14809227,-0.07426874,0.1741934,0.24846214
706,-0.014629378,-0.4061787,-0.39154935,0.036710847,-0.3043428,-0.34105366
707,-0.11074114,-0.016967114,0.09377402,0.14078611,0.10525423,-0.03553188
708,0.107163034,-0.13505805,-0.24222109,-0.026354037,-0.17228596,-0.14593193
709,-0.32440513,0.048644092,0.37304923,0.33507627,0.24452879,-0.09054749
710,0.32925266,-0.10037691,-0.42962956,-0.3071169,0.026232729,0.33334962
711,-0.11371015,0.16935429,0.28306442,0.5385461,0.26109982,-0.27744627
712,-0.37427863,0.12681156,0.50109017,-0.4077978,0.00024641678,0.40804422
713,0.28466222,0.3375022,0.052839994,0.4365878,0.20209008,-0.23449773
714,0.22409551,-0.021968974,-0.24606448,-0.20234607,0.024020826,0.22636689
715,-0.19161876,-0.22016169,-0.028542936,0.23450825,-0.0372411,-0.27174935
716,0.08505225,-0.08253591,-0.16758816,-0.22904295,0.0062443186,0.23528726
717,0.50708485,0.56543165,0.058346808,0.05515136,-0.059342414,-0.11449377
718,-0.38111475,-0.025844632,0.35527012,-0.061988927,-0.15748449,-0.09549556
719,-0.19813064,-0.16432065,0.03380999,-0.072027996,0.19425009,0.2662781
720,0.26174986,0.02734127,-0.23440859,0.16921307,0.4023264,0.23311333
721,0.08875427,0.14605318,0.057298914,0.159629,0.049772035,-0.10985696
722,0.50192267,0.46914238,-0.03278029,-0.07383164,0.10812151,0.18195315
723,0.010206345,0.49410507,0.48389873,-0.20835003,-0.55391186,-0.34556183
724,0.06329614,0.24913001,0.18583387,0.16429707,0.17974226,0.015445188
725,-0.10355574,-0.08896666,0.014589079,0.1265352,-0.14536993,-0.27190512
726,0.12213621,0.019888448,-0.10224777,-0.21886438,-0.5006713,-0.28180695
727,0.024399737,0.31897637,0.29457664,-0.109150715,0.13664958,0.24580029
728,0.31084618,0.13845724,-0.17238894,0.23672882,0.3653652,0.12863639
729,0.12443507,0.1818057,0.057370633,-0.30807745,-0.09912672,0.20895073
730,-0.040606618,0.23069151,0.2712981,-0.48298037,-0.39283141,0.090148956
731,-0.022829784,-0.52917576,-0.506346,0.15482585,-0.01508311,-0.16990896
732,-0.15421802,0.06686647,0.22108449,0.14212821,0.22643459,0.084306374
733,0.010939835,0.17878106,0.16784123,-0.41277403,-0.15596029,0.25681373
734,-0.20803683,-0.02273314,0.18530369,-0.106109954,-0.59245974,-0.4863498
735,-0.08753127,-0.36173305,-0.27420178,-0.19896013,-0.08179909,0.117161036
736,-0.15063272,-0.14261645,0.008016273,0.07105446,-0.05142268,-0.122477144
737,0.096409485,-0.049618524,-0.14602801,-0.3473446,-0.37433758,-0.026992977
738,-0.029068872,0.24156386,0.27063274,-0.18416844,-0.7037437,-0.51957524
739,-0.07967443,-0.23923162,-0.1595572,-0.064333625,-0.027740626,0.036592998
740,0.0014212255,-0.24131066,-0.24273188,0.057181228,0.07176908,0.014587853
741,-0.36541408,0.09591066,0.46132475,-0.038983665,-0.33512485,-0.29614118
742,-0.23411264,0.136518,0.37063062,-0.24824768,-0.6134771,-0.36522943
743,-0.24512959,-0.19831885,0.04681073,-0.34255078,-0.65086955,-0.30831876
744,-0.17360573,0.04470647,0.2183122,0.17554191,0.051175494,-0.12436642
745,-0.20503077,0.035307754,0.24033852,0.18909381,0.06649427,-0.12259954
746,0.16009928,0.29311013,0.13301085,0.18930432,0.61574996,0.42644563
747,-0.05863944,-0.09779044,-0.039151,-0.31693077,-0.7451506,-0.42821985
748,-0.38526592,-0.04867104,0.33659488,-0.086599365,-0.08729798,-0.0006986186
749,-0.35858768,-0.33098274,0.027604938,-0.2865954,-0.85899645,-0.57240105
750,0.08036508,-0.3211846,-0.4015497,0.3654986,0.07945201,-0.2860466
751,-0.006519613,0.09603491,0.10255452,0.7289667,0.7028717,-0.026095033
752,-0.17989142,-0.007446035,0.17244539,-0.070426926,-0.01171735,0.058709577
753,-0.18261616,-0.16727257,0.015343592,0.19535789,0.28545016,0.09009227
754,0.052548114,0.21017388,0.15762576,-0.09544275,-0.007848843,0.087593906
755,0.35494322,0.42751637,0.072573155,0.034985125,0.022263853,-0.012721272
756,0.3550926,-0.16296671,-0.5180593,-0.0040234094,-0.1445091,-0.1404857
757,-0.10157408,0.2647511,0.3663252,0.04412647,0.03474959,-0.00937688
758,0.19119649,-0.04661151,-0.23780799,-0.17667477,0.3507134,0.52738816
759,-0.22609074,-0.014892352,0.21119839,0.3374476,0.30396733,-0.033480287
760,-0.028479375,0.10666124,0.13514061,-0.1508218,0.2959809,0.4468027
761,-0.057640173,0.15427664,0.2119168,0.25767997,0.30871353,0.051033556
762,-0.11332268,0.1000616,0.21338429,-0.28869706,-0.58566034,-0.29696327
763,-0.083865695,0.05105459,0.13492028,-0.16398442,-0.34640232,-0.1824179
764,0.16571,-0.08565901,-0.251369,-0.16460572,-0.23780441,-0.07319869
765,0.22314301,0.29851517,0.07537216,-0.1936799,0.065252505,0.2589324
766,-0.10822758,-0.07708424,0.031143337,0.07549259,-0.058012873,-0.13350546
767,-0.013051784,0.24665907,0.25971085,0.028548552,-0.09967819,-0.12822674
768,-0.099473245,0.17957817,0.27905142,0.28510046,0.2688785,-0.01622197
769,-0.0070612864,0.11462198,0.12168327,-0.51337403,-0.35299036,0.16038367
770,0.04532307,0.36927646,0.3239534,0.19791427,0.01628015,-0.18163413
771,0.16129453,0.028524641,-0.1327699,-0.1456601,0.09319059,0.23885068
772,-0.19796675,-0.2578616,-0.05989486,-0.05068151,-0.055295765,-0.0046142563
773,-0.3269003,0.09351134,0.42041165,-0.080741346,-0.007813678,0.07292767
774,-0.13495916,0.13170756,0.2666667,0.3412744,0.26280978,-0.07846463
775,-0.035880603,-0.26760906,-0.23172846,0.10947912,0.0034742116,-0.10600491
776,0.014107952,-0.34974134,-0.36384928,-0.0004988448,-0.09049417,-0.089995325
777,0.005493885,-0.058016878,-0.06351076,0.26340634,-0.07777496,-0.34118128
778,-0.015719438,0.24047333,0.25619277,-0.11211167,-0.73736054,-0.62524885
779,-0.51091,-0.5891208,-0.07821083,0.045616895,0.01760614,-0.028010756
780,0.019566951,0.20102441,0.18145746,0.061343357,0.06918554,0.007842183
781,-0.25160486,-0.19418268,0.057422176,-0.17471999,0.22329776,0.39801776
782,-0.20347995,-0.22980101,-0.026321068,-0.11470867,-0.16509096,-0.050382294
783,-0.22205362,0.035989128,0.25804275,-0.19947384,-0.11957878,0.079895064
784,-0.11035254,0.17914003,0.28949258,0.11195826,-0.2737482,-0.38570645
785,0.12329305,-0.002885756,-0.1261788,-0.3107757,-0.270295,0.040480703
786,0.06215392,0.015872238,-0.04628168,-0.20600332,-0.38898027,-0.18297695
787,0.32876426,-0.1475197,-0.47628397,-0.18233003,-0.02317889,0.15915114
788,-0.5354274,-0.5288041,0.006623268,0.2849984,0.44856617,0.16356778
789,0.4132752,-0.0780442,-0.49131942,-0.1285635,0.21231826,0.34088176
790,-0.3148869,0.4328006,0.74768746,-0.69013494,-0.32274196,0.367393
791,-0.32821763,-0.109786905,0.21843073,0.19369984,0.08847411,-0.10522573
792,-0.28434816,-0.56761265,-0.2832645,0.16714972,0.15261771,-0.014532015
793,0.06799255,0.09038761,0.02239506,0.039026506,0.4393544,0.4003279
794,-0.053926863,-0.18225901,-0.12833214,0.14820866,0.13377133,-0.014437333
795,-0.15473397,0.15543307,0.31016704,0.03516088,0.24983025,0.21466936
796,0.023255067,-0.13626997,-0.15952504,0.0031799541,0.05398881,0.050808858
797,0.09728784,-0.20945776,-0.3067456,0.05548192,0.40971053,0.35422862
798,0.26984695,0.29459697,0.024750024,-0.02183541,-0.016288385,0.0055470243
799,0.095134236,-0.47048202,-0.56561625,-0.15722682,-0.45882684,-0.30160004
800,-0.21669331,-0.2014214,0.015271917,-0.20108733,-0.10028137,0.10080595
801,0.27637935,0.32927716,0.05289781,0.21880601,0.30419493,0.085388914
802,-0.043284416,-0.3453584,-0.302074,0.6039722,0.16217966,-0.44179255
803,0.08437449,-0.023093123,-0.10746761,-0.22541915,-0.20882228,0.016596869
804,-0.197771,-0.11649469,0.081276305,0.13357098,-0.2663096,-0.3998806
805,0.42019373,0.31777605,-0.10241768,-0.1578478,-0.16840369,-0.010555878
806,0.03239524,-0.33192647,-0.3643217,-0.13871142,-0.1500629,-0.011351481
807,0.09383106,0.17958169,0.085750625,-0.13725007,-0.059144728,0.07810534
808,-0.3013504,0.23674001,0.5380904,-0.14245497,-0.35350072,-0.21104576
809,0.34388965,0.22210638,-0.12178327,0.17018822,-0.031183388,-0.20137161
810,0.17184314,0.099798284,-0.07204486,-0.05243747,0.013631283,0.06606875
811,-0.108939715,-0.12460882,-0.015669107,-0.2512602,-0.34119087,-0.08993068
812,0.060759265,0.3013092,0.24054994,-0.17891908,-0.3401895,-0.16127041
813,-0.43540007,-0.3281148,0.10728526,0.16034843,-0.3889641,-0.54931253
814,-0.036637668,0.009163812,0.04580148,0.19454566,0.21024212,0.015696466
815,0.02607282,-0.0035488678,-0.029621689,0.23333846,0.5192161,0.28587765
816,-0.25308254,-0.24831131,0.0047712326,0.22114533,0.20803604,-0.013109297
817,-0.17436619,-0.15856352,0.015802667,0.25064468,0.6343165,0.38367182
818,0.05901738,-0.3957026,-0.45472,0.15319477,0.22960728,0.076412514
819,-0.08633487,0.12293808,0.20927295,-0.040978856,-0.047421888,-0.006443031
820,-0.14748095,-0.29989377,-0.15241282,0.17678809,0.26681557,0.09002748
821,-0.2828016,0.113497965,0.39629957,0.069639266,0.36490142,0.29526216
822,-0.28874937,-0.24104314,0.04770623,-0.011758101,-0.16841264,-0.15665454
823,-0.07222784,0.14510347,0.21733132,0.23258209,-0.082550876,-0.31513298
824,-0.582221,-0.4998399,0.08238107,-0.1172771,-0.2547564,-0.13747929
825,-0.4686627,-0.5141336,-0.045470864,-0.059361964,-0.0577566,0.0016053654
826,-0.010281601,-0.31731406,-0.30703247,0.05268841,-0.07171016,-0.124398574
827,0.05661821,0.31952694,0.26290873,-0.089819536,-0.109473445,-0.019653909
828,-0.29535955,-0.21511067,0.08024888,-0.11759599,-0.41182807,-0.29423207
829,-0.054397278,0.08100921,0.1354065,0.18707171,-0.15773267,-0.34480438
830,-0.15489075,-0.12217201,0.032718733,0.12201815,0.43021157,0.30819342
831,-0.15234241,0.27154842,0.42389083,0.1188947,0.19209152,0.07319682
