epoch,train_mse,validation_rank_ic
1,0.0009844183647597824,-0.01814884777440388
2,0.0005848695900451387,-0.01907186403973354
3,0.0005020808226511101,0.007383247416613707
4,0.0004378652457720088,0.0013796695148647702
5,0.00041068644004042056,-0.012561612880446294
6,0.0003762514149720121,0.028010204081632652
7,0.0003568048964192331,0.016629239931266623
8,0.0003482084155067518,0.004698408775274812
9,0.0003554802765055825,0.021413153496692785
10,0.0003342299181164827,0.008073052750511968
11,0.00033673554477604915,0.026061954193442077
12,0.00032857577411552874,0.04829908433961821
13,0.00033275196540711005,0.027554167399163484
14,0.0003264643688230058,0.01235989278775026
15,0.00032941820879091386,0.030039491530577844
16,0.00032345925214859097,0.02375865824931216
17,0.00032704368154519794,0.02478795117034259
18,0.0003237084493889888,0.019115872719372103
19,0.00032273422691228505,0.012549643420663519
20,0.0003242317014253255,0.010433939946127055
21,0.0003219610033322351,0.01918245016364897
22,0.00032099995029229156,0.008823615299032783
23,0.00032224167273659735,-0.013012434360993565
24,0.00031638318432204406,-1.0
25,0.00031238322040837857,-0.0061717186157990225
26,0.0003141600897957278,-0.0005439005523337596
27,0.00031224668013204966,0.0009864920838169703
