datetime,open,high,low,close,volume
2022-01-03,1316.35,1339.9,1314.1,1326.15,2660905
2022-01-04,1329.5,1336.7,1307.25,1333.45,3367100
2022-01-05,1329.0,1330.0,1302.0,1310.75,3510253
2022-01-06,1290.0,1297.8,1277.0,1284.9,4409490
2022-01-07,1297.55,1298.5,1282.2,1290.55,3898550
2022-01-10,1304.85,1304.85,1280.0,1288.1,2529949
2022-01-11,1288.65,1348.0,1280.0,1343.65,6772189
2022-01-12,1354.0,1357.1,1331.4,1352.15,3161811
2022-01-13,1340.0,1359.4,1321.15,1334.25,4597580
2022-01-14,1320.0,1342.95,1293.0,1337.2,5636214
2022-01-17,1273.0,1273.0,1243.4,1258.75,11972854
2022-01-18,1269.95,1269.95,1217.0,1219.75,7798926
2022-01-19,1220.0,1220.5,1191.0,1199.2,8463788
2022-01-20,1200.0,1201.4,1170.0,1175.35,6172089
2022-01-21,1175.35,1179.85,1155.0,1167.95,5514741
2022-01-24,1162.5,1164.5,1111.0,1124.9,5878217
2022-01-25,1115.0,1139.65,1088.4,1123.7,4724992
2022-01-27,1115.0,1115.95,1070.2,1077.75,8304159
2022-01-28,1079.0,1102.2,1077.25,1080.45,7654308
2022-01-31,1100.65,1113.95,1092.85,1099.4,7572543
2022-02-01,1116.7,1136.5,1101.25,1132.8,6783466
2022-02-02,1142.9,1173.85,1133.3,1170.95,6982253
2022-02-03,1162.0,1170.85,1151.0,1156.75,4169361
2022-02-04,1160.0,1167.1,1137.35,1163.8,3625429
2022-02-07,1157.0,1171.35,1146.0,1157.35,3824363
2022-02-08,1158.95,1169.85,1148.55,1161.95,3267613
2022-02-09,1172.0,1189.0,1166.0,1180.9,3772945
2022-02-10,1184.95,1191.9,1174.1,1190.35,2053151
2022-02-11,1179.0,1179.0,1158.05,1163.7,3912300
2022-02-14,1135.35,1164.35,1133.6,1146.45,3243780
2022-02-15,1153.5,1174.0,1148.1,1168.55,3000470
2022-02-16,1178.0,1182.65,1160.0,1167.8,1885730
2022-02-17,1174.0,1174.0,1160.0,1163.05,1644047
2022-02-18,1152.85,1170.1,1150.1,1165.0,2166680
2022-02-21,1153.1,1169.5,1150.2,1164.75,1705991
2022-02-22,1132.0,1154.15,1132.0,1149.55,3253749
2022-02-24,1106.0,1134.95,1092.0,1098.55,5468173
2022-02-25,1115.6,1141.0,1115.0,1129.7,3213085
2022-02-28,1119.6,1133.3,1107.0,1126.95,4571760
2022-03-02,1124.65,1124.65,1109.0,1115.55,3867172
2022-03-03,1125.0,1152.0,1120.5,1139.7,3969286
2022-03-04,1128.0,1154.85,1122.65,1138.45,3522280
2022-03-07,1111.0,1161.4,1110.5,1154.2,5249845
2022-03-08,1156.0,1179.6,1155.0,1175.3,3805085
2022-03-09,1180.0,1195.0,1161.1,1182.7,3781326
2022-03-10,1198.2,1198.2,1175.0,1192.15,3834095
2022-03-11,1180.0,1207.15,1176.3,1193.45,2770765
2022-03-14,1193.45,1214.8,1177.65,1202.85,5740570
2022-03-15,1207.0,1214.3,1168.1,1176.85,3003066
2022-03-16,1190.15,1202.95,1185.0,1197.0,1893625
2022-03-17,1215.0,1215.0,1190.8,1196.9,6987601
2022-03-21,1199.9,1209.9,1165.1,1168.05,4046408
2022-03-22,1170.0,1181.75,1162.3,1176.4,4516870
2022-03-23,1190.0,1190.85,1170.0,1180.7,2338858
2022-03-24,1169.0,1194.0,1169.0,1192.1,2351692
2022-03-25,1199.0,1199.0,1175.4,1179.35,2489590
2022-03-28,1184.9,1187.6,1158.2,1163.95,3406110
2022-03-29,1167.0,1175.0,1163.65,1167.7,2443230
2022-03-30,1177.35,1181.95,1162.1,1165.2,3073672
2022-03-31,1174.8,1174.8,1161.0,1163.75,3006568
2022-04-01,1161.0,1174.0,1152.05,1169.65,2479745
2022-04-04,1173.2,1188.95,1168.0,1187.05,2281861
2022-04-05,1190.0,1203.0,1184.1,1195.45,2634434
2022-04-06,1190.0,1194.9,1167.5,1170.5,2838955
2022-04-07,1165.6,1180.75,1163.0,1173.3,3391843
2022-04-08,1179.0,1180.0,1162.55,1165.35,2656070
2022-04-11,1164.0,1164.0,1131.75,1133.5,5678160
2022-04-12,1129.8,1141.7,1119.55,1131.15,2906245
2022-04-13,1135.0,1143.1,1123.0,1125.1,1971539
2022-04-18,1110.0,1112.75,1084.6,1101.75,4391583
2022-04-19,1115.9,1115.95,1058.75,1070.25,3422011
2022-04-20,1075.0,1094.8,1064.7,1089.4,2573082
2022-04-21,1095.0,1105.05,1081.1,1099.2,2547848
2022-04-22,1086.6,1134.95,1081.1,1102.05,9567452
2022-04-25,1096.9,1098.0,1077.3,1089.85,3565757
2022-04-27,1087.0,1099.9,1074.6,1095.6,3288736
2022-04-28,1092.0,1102.3,1073.3,1092.5,5202061
2022-04-29,1094.0,1100.5,1074.35,1079.25,2988130
2022-05-02,1073.0,1082.0,1062.0,1066.9,2584604
2022-05-04,1075.9,1076.0,1035.8,1044.95,3385674
2022-05-05,1059.0,1075.2,1047.1,1072.05,2982018
2022-05-06,1049.9,1056.65,1028.95,1050.2,4075595
2022-05-09,1044.0,1082.9,1034.1,1076.1,4207111
2022-05-10,1073.0,1085.0,1066.6,1072.55,2473452
2022-05-11,1069.0,1079.3,1054.05,1060.9,2895643
2022-05-12,1050.1,1070.95,1043.75,1059.4,3195021
2022-05-13,1070.0,1078.0,1045.1,1052.15,2496506
2022-05-16,1054.0,1066.95,1040.2,1044.55,1415123
2022-05-17,1058.2,1086.0,1045.35,1082.9,2620656
2022-05-18,1083.55,1097.35,1070.8,1073.7,2865803
2022-05-19,1055.1,1058.3,1004.6,1009.4,4729085
2022-05-20,1029.0,1034.5,1016.8,1028.85,2005568
2022-05-23,1023.0,1037.0,1014.75,1018.3,2285466
2022-05-24,1022.05,1022.4,987.0,991.75,3418356
2022-05-25,992.0,992.8,963.0,974.45,3904123
2022-05-26,977.0,986.0,969.05,980.7,4275932
2022-05-30,1019.0,1053.35,1015.65,1039.9,3562963
2022-05-31,1045.0,1045.8,1020.45,1040.75,5185369
2022-06-01,1040.75,1045.45,1011.55,1017.9,2553002
2022-06-02,1017.0,1048.9,1007.3,1039.7,3560043
2022-06-03,1053.95,1069.65,1040.2,1043.0,3556933
2022-06-06,1038.0,1047.35,1021.15,1037.3,1997409
2022-06-07,1030.0,1033.75,1013.15,1022.9,1839197
2022-06-08,1023.1,1033.8,1016.0,1030.2,1665495
2022-06-09,1024.95,1031.7,1011.7,1028.65,1653982
2022-06-10,1012.0,1023.75,1008.2,1015.35,2260400
2022-06-13,996.0,1002.0,982.5,991.8,1738792
2022-06-14,988.0,1000.95,978.15,996.9,2461291
2022-06-15,989.0,1007.0,988.0,989.9,2408342
2022-06-16,1007.0,1007.0,961.65,964.95,3198617
2022-06-17,959.95,963.15,944.05,958.75,4302028
2022-06-20,965.0,966.0,952.1,960.05,1305384
2022-06-21,971.7,999.9,963.65,986.6,2128322
2022-06-22,977.95,979.0,959.15,961.3,2575030
2022-06-23,962.1,977.5,958.6,971.25,2169031
2022-06-24,984.0,984.55,960.0,966.7,1922281
2022-06-28,996.45,1007.0,994.3,1001.95,1056264
2022-06-29,985.1,1000.25,985.0,987.55,3149921
2022-06-30,990.0,996.55,969.95,973.25,3741119
2022-07-01,964.5,981.45,964.2,975.35,2827524
2022-07-04,975.35,989.5,973.45,984.6,2738712
2022-07-05,987.4,1002.65,978.45,982.15,2476016
2022-07-06,982.0,999.0,980.05,986.6,2996996
2022-07-07,997.0,1000.9,984.95,989.85,2984675
2022-07-08,999.0,999.0,979.15,983.55,3141339
2022-07-11,975.0,979.15,940.0,943.55,5786526
2022-07-12,935.0,948.55,924.4,927.8,5304005
2022-07-13,930.0,936.0,905.0,917.75,12874027
2022-07-14,926.15,927.55,892.3,903.0,4915976
2022-07-15,896.0,905.0,877.35,883.15,5591451
2022-07-18,895.0,907.5,888.85,900.3,5155756
2022-07-19,890.0,897.5,885.0,889.7,4636096
2022-07-20,904.6,918.8,895.1,917.4,4826977
2022-07-21,921.0,926.95,913.55,924.45,3497182
2022-07-22,929.4,931.9,909.0,920.25,3513980
2022-07-25,920.25,932.0,914.0,930.65,2120162
2022-07-26,928.5,929.65,911.1,913.5,2779948
2022-07-27,912.1,929.35,911.1,928.45,1742397
2022-07-29,957.0,965.7,947.15,948.4,3617653
2022-08-01,954.0,956.5,945.2,952.15,2489343
2022-08-02,952.15,953.85,941.05,951.05,2545082
2022-08-03,951.0,961.8,950.05,957.2,4119469
2022-08-04,965.0,969.95,945.8,958.1,3512955
2022-08-05,962.9,964.95,955.0,957.75,2565309
2022-08-08,957.75,968.0,950.05,966.05,1746769
2022-08-10,966.05,967.0,948.1,952.05,3271828
2022-08-11,965.0,968.5,958.75,962.35,3594558
2022-08-12,964.0,964.0,954.0,956.4,3022289
2022-08-16,969.0,969.0,952.65,958.2,2784799
2022-08-17,963.0,982.9,955.0,980.6,4648712
2022-08-18,983.45,983.45,968.1,973.5,2829103
2022-08-19,974.5,987.05,966.8,970.05,2880842
2022-08-22,965.0,970.0,955.2,959.45,3616753
2022-08-23,949.95,951.0,939.0,946.9,3753671
2022-08-24,949.9,953.8,944.15,949.15,1494335
2022-08-25,953.9,953.9,942.65,943.8,3315596
2022-08-26,948.55,956.0,943.75,945.65,2194993
2022-08-29,912.6,922.0,900.1,917.5,4974460
2022-08-30,926.9,945.25,923.7,938.95,2998274
2022-09-01,917.3,931.0,916.25,926.05,2953888
2022-09-02,931.2,937.0,919.0,924.45,1750257
2022-09-05,926.0,942.3,922.5,936.0,2279712
2022-09-06,936.0,942.9,927.05,937.8,2108493
2022-09-07,927.0,932.55,923.1,931.7,2709532
2022-09-08,936.4,940.9,928.0,931.05,3214421
2022-09-09,939.0,953.0,934.3,948.5,2206254
2022-09-12,955.15,963.5,953.5,955.55,2517458
2022-09-13,955.0,959.8,950.45,955.4,2442756
2022-09-14,933.3,938.45,926.55,932.0,6761418
2022-09-15,936.5,936.7,916.3,919.9,2995049
2022-09-16,915.1,918.0,893.4,896.9,5095765
2022-09-19,897.95,907.15,887.5,897.8,2686559
2022-09-20,902.3,920.85,902.0,914.0,1836519
2022-09-21,909.0,913.75,898.85,900.95,1819639
2022-09-22,897.6,904.9,889.75,897.65,2315680
2022-09-23,896.5,912.6,892.0,895.85,2569570
2022-09-26,891.25,917.4,882.0,906.7,4182670
2022-09-27,911.25,921.45,907.6,918.75,3545148
2022-09-29,927.0,931.0,916.6,923.05,2928324
2022-09-30,921.9,935.55,910.05,932.35,3229879
2022-10-03,932.35,932.85,916.0,930.25,1598725
2022-10-04,942.5,951.0,937.05,946.0,2331205
2022-10-06,955.5,967.95,955.5,964.55,3713594
2022-10-07,965.0,972.95,955.0,957.7,2172631
2022-10-10,942.2,967.15,942.2,963.25,2758801
2022-10-11,968.1,972.0,936.0,938.6,3134634
2022-10-12,943.3,963.9,943.3,952.0,3502387
2022-10-13,972.05,989.05,969.3,982.1,9698336
2022-10-14,1005.0,1023.0,994.0,1002.55,7424142
2022-10-17,1005.7,1006.8,991.1,994.6,2135525
2022-10-18,1000.0,1013.65,999.1,1009.2,2487712
2022-10-19,1006.5,1006.5,994.0,995.65,2517047
2022-10-20,990.0,1019.3,988.0,1017.4,3931312
2022-10-21,1022.5,1029.9,1011.6,1027.2,2071757
2022-10-24,1032.75,1038.85,1030.0,1031.6,390298
2022-10-25,1036.0,1037.25,1020.9,1026.5,3067778
2022-10-27,1031.0,1037.45,1019.6,1032.05,3313628
2022-10-28,1031.95,1039.75,1025.5,1030.0,2423619
2022-10-31,1039.0,1052.5,1036.4,1041.15,2418259
2022-11-01,1049.0,1061.85,1045.0,1060.05,2275411
2022-11-02,1064.95,1066.35,1042.5,1045.2,2799304
2022-11-03,1034.0,1049.2,1033.1,1045.15,2396164
2022-11-04,1045.15,1049.0,1033.45,1045.35,1709027
2022-11-07,1048.1,1055.7,1038.65,1047.15,2213456
2022-11-09,1060.9,1061.45,1049.2,1053.45,2307653
2022-11-10,1050.0,1062.4,1047.05,1052.45,2321615
2022-11-11,1071.0,1098.7,1069.1,1090.65,3921870
2022-11-14,1095.0,1102.95,1090.05,1099.0,2169943
2022-11-15,1093.5,1106.1,1088.9,1103.9,2172248
2022-11-16,1107.5,1112.45,1099.35,1105.2,2213421
2022-11-17,1095.1,1100.6,1089.1,1092.55,2460852
2022-11-18,1098.05,1106.0,1084.0,1103.15,2623766
2022-11-21,1098.9,1106.35,1092.6,1095.5,1733723
2022-11-22,1091.1,1105.9,1088.0,1103.4,2528543
2022-11-23,1108.95,1111.5,1099.75,1103.4,2217599
2022-11-24,1106.0,1135.0,1103.5,1129.6,3295128
2022-11-25,1135.2,1137.55,1120.65,1128.2,1977429
2022-11-28,1125.0,1132.75,1117.0,1118.8,2368293
2022-11-30,1119.5,1126.9,1117.25,1120.8,4919281
2022-12-01,1130.0,1150.65,1128.4,1136.4,3919502
2022-12-02,1136.4,1140.4,1123.85,1135.55,2944745
2022-12-05,1133.25,1141.95,1127.2,1130.85,2646458
2022-12-06,1121.6,1125.0,1107.0,1120.95,2807894
2022-12-07,1114.0,1116.6,1102.0,1105.9,2399865
2022-12-08,1113.75,1113.75,1098.8,1101.35,1752250
2022-12-09,1075.0,1075.0,1020.7,1027.5,12414762
2022-12-12,1025.0,1039.15,1012.45,1028.4,4275731
2022-12-13,1032.1,1046.9,1031.1,1044.7,2284853
2022-12-14,1045.0,1057.3,1045.0,1056.2,2425507
2022-12-15,1051.55,1051.8,1037.1,1042.35,1906322
2022-12-16,1030.0,1046.45,1022.35,1029.65,5158795
2022-12-19,1029.65,1037.5,1023.35,1033.25,3328155
2022-12-20,1027.0,1033.35,1011.5,1029.7,2629831
2022-12-21,1035.0,1053.25,1035.0,1040.35,2878559
2022-12-22,1046.0,1054.65,1033.6,1039.1,2623405
2022-12-23,1029.5,1044.1,1027.1,1030.6,2177334
2022-12-26,1031.0,1041.75,1029.0,1031.7,1680507
2022-12-27,1039.0,1040.75,1030.35,1036.35,554279
2022-12-28,1030.0,1038.3,1026.5,1035.45,1397806
2022-12-29,1030.0,1046.0,1028.1,1044.45,1277244
2023-01-02,1039.1,1042.5,1031.5,1039.45,701880
2023-01-03,1039.0,1045.8,1033.5,1041.35,2484372
2023-01-04,1036.2,1042.0,1031.5,1036.6,1219170
2023-01-05,1040.7,1049.8,1033.1,1044.1,2294943
2023-01-06,1044.0,1047.9,1025.25,1032.8,1887689
2023-01-09,1044.95,1071.0,1040.05,1067.45,4562242
2023-01-10,1061.0,1072.6,1056.3,1063.85,2297082
2023-01-11,1069.0,1079.6,1050.55,1054.8,3594167
2023-01-12,1061.0,1074.5,1061.0,1071.65,4748542
2023-01-13,1043.9,1084.0,1041.0,1077.8,8253765
2023-01-16,1087.0,1100.45,1078.55,1093.7,4508538
2023-01-17,1097.9,1113.95,1095.0,1111.05,4390338
2023-01-18,1118.95,1125.85,1114.1,1115.15,6905092
2023-01-19,1102.35,1113.35,1098.75,1111.4,2298287
2023-01-20,1111.05,1121.4,1107.05,1107.8,4747128
2023-01-23,1111.0,1122.9,1108.15,1121.2,1696834
2023-01-24,1125.9,1143.7,1121.2,1137.85,4861107
2023-01-25,1134.85,1134.85,1116.75,1122.75,2692236
2023-01-27,1122.75,1134.3,1105.0,1115.6,3864525
2023-01-31,1129.35,1130.25,1119.7,1122.2,2068491
2023-02-01,1137.0,1137.0,1114.45,1132.1,2393911
2023-02-02,1137.8,1155.5,1135.0,1149.6,3048359
2023-02-03,1154.0,1156.65,1138.6,1146.15,1814055
2023-02-06,1135.2,1149.85,1128.0,1145.7,2070057
2023-02-07,1147.85,1153.0,1125.9,1128.25,1931191
2023-02-08,1133.9,1149.0,1132.7,1145.0,2848255
2023-02-09,1144.0,1152.0,1138.0,1146.35,1501083
2023-02-10,1125.8,1130.0,1100.0,1115.65,3185163
2023-02-13,1121.25,1121.25,1105.0,1113.0,2009185
2023-02-14,1121.0,1142.4,1118.0,1125.45,3938046
2023-02-15,1125.0,1134.6,1119.6,1132.9,1648954
2023-02-16,1138.6,1152.15,1124.0,1128.15,2369355
2023-02-17,1121.7,1121.7,1107.55,1109.55,1958807
2023-02-20,1109.55,1134.7,1107.6,1115.7,1706036
2023-02-21,1121.0,1122.05,1103.1,1105.2,1313278
2023-02-22,1095.0,1105.55,1090.05,1092.6,2212194
2023-02-23,1104.8,1111.95,1092.5,1094.35,2139983
2023-02-24,1097.0,1104.5,1082.0,1094.85,1684570
2023-02-27,1090.0,1090.0,1076.0,1083.95,1834553
2023-02-28,1083.5,1096.9,1068.1,1077.6,20793703
2023-03-01,1077.35,1104.0,1077.35,1101.1,1655100
2023-03-03,1115.0,1129.7,1111.05,1119.0,3253620
2023-03-06,1129.0,1148.0,1123.3,1128.0,4090798
2023-03-08,1112.0,1124.0,1107.3,1120.65,3209392
2023-03-09,1121.95,1126.7,1114.05,1116.65,1834324
2023-03-10,1105.15,1118.15,1105.15,1116.3,1193675
2023-03-13,1120.95,1133.6,1095.0,1098.6,3028331
2023-03-14,1098.55,1103.4,1066.0,1084.05,3683534
2023-03-15,1095.05,1097.9,1075.5,1079.65,1528503
2023-03-16,1083.95,1087.55,1069.65,1072.4,1812907
2023-03-17,1088.2,1117.1,1084.05,1108.45,5350483
2023-03-20,1105.0,1108.3,1086.25,1090.85,2066168
2023-03-21,1099.0,1102.4,1077.1,1083.9,2420923
2023-03-22,1091.95,1105.75,1079.05,1081.45,1382328
2023-03-23,1077.0,1080.4,1061.0,1065.9,2178822
2023-03-24,1073.0,1090.0,1047.05,1051.75,2688227
2023-03-27,1053.3,1065.5,1044.8,1051.5,1459772
2023-03-28,1056.8,1063.8,1039.35,1041.1,2964492
2023-03-29,1046.0,1070.0,1042.1,1067.5,2477760
2023-03-31,1083.4,1096.9,1069.4,1085.45,3131391
2023-04-03,1089.95,1099.25,1088.0,1098.15,1540640
2023-04-05,1085.35,1113.0,1066.15,1111.2,3342170
2023-04-06,1109.05,1109.05,1085.45,1091.85,2378151
2023-04-10,1091.85,1105.0,1091.5,1103.1,711602
2023-04-11,1104.0,1109.9,1085.0,1087.0,2318843
2023-04-12,1092.0,1097.45,1080.1,1094.5,2715967
2023-04-13,1089.0,1089.0,1063.0,1071.85,3070998
2023-04-17,1055.0,1055.0,1016.25,1042.0,9508737
2023-04-18,1049.55,1066.4,1045.2,1063.85,3686319
2023-04-19,1073.95,1073.95,1036.45,1038.7,4322609
2023-04-20,1040.0,1047.2,1031.85,1037.5,3057551
2023-04-21,1054.0,1074.0,1037.75,1048.95,7707960
2023-04-24,1057.0,1058.9,1046.0,1054.05,2033622
2023-04-25,1050.45,1058.8,1044.4,1053.45,1237465
2023-04-26,1055.0,1067.0,1048.0,1065.55,1647021
2023-04-27,1065.55,1075.0,1061.0,1071.25,1654369
2023-04-28,1059.95,1068.75,1053.75,1064.1,2628978
2023-05-02,1064.1,1074.8,1064.0,1067.55,1904867
2023-05-04,1058.65,1067.95,1057.25,1066.8,479651
2023-05-05,1066.8,1069.95,1052.1,1055.55,1641446
2023-05-08,1058.0,1077.5,1055.0,1075.75,1388858
2023-05-09,1071.0,1082.6,1066.05,1079.0,2981816
2023-05-10,1084.15,1088.8,1072.1,1078.3,2091080
2023-05-11,1082.15,1092.6,1080.05,1088.1,2652921
2023-05-12,1086.0,1103.4,1077.45,1095.5,1584861
2023-05-15,1098.95,1105.95,1092.8,1099.75,1523460
2023-05-16,1100.2,1105.3,1088.1,1090.7,1166283
2023-05-17,1090.5,1093.95,1062.7,1074.55,3602270
2023-05-18,1081.95,1085.0,1073.0,1079.9,1515743
2023-05-19,1088.6,1104.0,1082.45,1095.35,1984411
2023-05-22,1095.35,1121.9,1088.95,1119.85,1864757
2023-05-23,1120.0,1131.35,1104.0,1107.35,2137684
2023-05-24,1099.05,1115.0,1098.0,1111.95,1302735
2023-05-25,1111.95,1118.25,1103.05,1116.0,1124281
2023-05-26,1115.0,1140.35,1114.0,1139.2,1635067
2023-05-29,1143.25,1147.95,1124.4,1126.2,1288667
2023-05-30,1129.0,1144.0,1128.05,1135.85,1983700
2023-05-31,1134.8,1153.35,1132.1,1145.1,5967693
2023-06-01,1148.0,1155.15,1137.65,1141.9,1445587
2023-06-02,1148.0,1151.1,1131.6,1137.05,1336409
2023-06-05,1144.0,1148.5,1136.0,1138.3,1435676
2023-06-06,1130.0,1132.3,1113.75,1128.6,1943603
2023-06-07,1133.8,1133.8,1116.2,1129.05,2459039
2023-06-08,1129.05,1131.25,1118.3,1126.75,1384960
2023-06-09,1129.1,1131.0,1105.95,1109.75,1824214
2023-06-12,1112.95,1140.95,1111.5,1139.65,1670696
2023-06-13,1144.95,1144.95,1129.3,1131.3,2014656
2023-06-14,1138.0,1138.4,1126.05,1135.85,836661
2023-06-15,1140.0,1147.0,1136.55,1143.6,2109520
2023-06-16,1150.0,1154.2,1132.7,1150.0,2899963
2023-06-19,1148.2,1153.6,1135.45,1138.0,1273205
2023-06-20,1133.0,1170.55,1133.0,1170.05,3498876
2023-06-21,1175.0,1175.2,1161.75,1174.0,2003465
2023-06-22,1170.15,1170.15,1159.35,1161.65,967450
2023-06-23,1161.9,1170.55,1151.0,1167.0,1695051
2023-06-26,1167.25,1175.9,1163.05,1166.9,1186623
2023-06-27,1167.0,1174.4,1160.7,1167.0,1499144
2023-06-28,1173.45,1173.85,1166.5,1171.0,1416377
2023-06-30,1170.35,1194.0,1165.1,1184.85,2924357
2023-07-03,1190.0,1193.9,1174.6,1183.0,1738015
2023-07-05,1193.4,1197.0,1187.6,1195.0,663948
2023-07-06,1194.8,1197.95,1175.0,1182.35,2327291
2023-07-07,1178.15,1182.9,1153.85,1157.95,2148821
2023-07-10,1160.0,1160.0,1120.95,1122.0,3932212
2023-07-11,1131.75,1131.75,1112.0,1113.85,4966599
2023-07-12,1119.7,1124.5,1102.65,1106.35,3811010
2023-07-13,1100.0,1124.4,1088.0,1112.0,11925248
2023-07-14,1114.2,1157.05,1112.55,1150.0,6594347
2023-07-17,1151.95,1172.0,1144.75,1155.1,3148093
2023-07-18,1158.95,1170.0,1146.5,1165.3,2418541
2023-07-19,1165.0,1174.9,1157.05,1167.95,2233780
2023-07-20,1160.0,1161.65,1148.0,1155.95,1978795
2023-07-21,1110.0,1139.8,1097.95,1119.2,5065468
2023-07-24,1120.0,1126.9,1111.0,1111.6,2668023
2023-07-25,1118.5,1118.5,1105.25,1111.5,2490591
2023-07-26,1110.2,1120.85,1110.1,1114.0,1965724
2023-07-27,1115.0,1122.65,1108.95,1115.5,1762692
2023-07-28,1114.05,1118.45,1097.45,1103.5,2027529
2023-07-31,1108.0,1119.45,1096.0,1114.5,2523124
2023-08-01,1120.0,1140.0,1112.0,1138.0,2706795
2023-08-02,1137.0,1137.0,1121.75,1127.0,2694380
2023-08-03,1126.0,1135.55,1115.1,1123.4,1603021
2023-08-07,1154.55,1155.6,1144.0,1151.0,1646670
2023-08-08,1154.9,1156.9,1137.0,1140.0,1662564
2023-08-09,1140.95,1146.0,1125.0,1141.5,1552779
2023-08-10,1140.0,1144.8,1128.65,1135.0,1668655
2023-08-11,1160.0,1186.85,1156.15,1167.55,7265361
2023-08-14,1170.65,1177.0,1154.05,1170.0,1709250
2023-08-16,1175.75,1186.25,1171.3,1175.5,2559927
2023-08-17,1176.85,1180.95,1164.0,1173.45,2323172
2023-08-18,1173.0,1177.8,1158.65,1173.0,3402466
2023-08-21,1172.95,1188.9,1170.25,1176.5,1656864
2023-08-22,1182.0,1187.0,1176.15,1179.5,1800197
2023-08-23,1192.95,1193.8,1178.65,1182.85,2271412
2023-08-24,1188.95,1188.95,1169.0,1172.95,2457012
2023-08-25,1165.0,1170.75,1150.0,1153.0,2099476
2023-08-28,1155.0,1159.6,1139.4,1151.0,2569232
2023-08-29,1153.9,1163.25,1148.45,1159.0,1788636
2023-08-30,1166.0,1175.05,1161.65,1170.0,1492093
2023-08-31,1179.5,1188.1,1165.95,1175.0,4456563
2023-09-01,1173.0,1188.0,1171.3,1185.1,1666661
2023-09-05,1236.75,1241.65,1225.6,1233.6,2829685
2023-09-06,1239.85,1242.35,1222.7,1236.0,1755813
2023-09-07,1238.0,1256.95,1230.45,1255.2,2567175
2023-09-08,1259.0,1269.5,1254.3,1262.0,2267178
2023-09-11,1276.55,1284.3,1271.15,1278.8,2650379
2023-09-12,1285.0,1291.75,1265.55,1280.0,2132068
2023-09-13,1282.0,1282.0,1266.2,1274.0,2259054
2023-09-14,1280.85,1290.65,1276.6,1285.0,2652005
2023-09-15,1294.0,1310.0,1291.05,1301.0,4268961
2023-09-18,1302.0,1311.1,1290.0,1303.0,2755873
2023-09-20,1281.5,1303.85,1281.5,1295.15,2181898
2023-09-21,1284.0,1284.0,1259.4,1279.05,3101432
2023-09-22,1272.45,1283.5,1265.1,1274.8,1313114
2023-09-25,1270.0,1276.8,1256.8,1266.05,1239423
2023-09-26,1264.0,1268.8,1257.3,1261.0,899587
2023-09-27,1258.5,1267.65,1253.3,1261.1,1657119
2023-09-28,1261.1,1264.75,1238.65,1248.35,1801558
2023-09-29,1235.1,1249.25,1227.25,1237.0,2326356
2023-10-03,1232.5,1256.7,1222.8,1239.0,2144688
2023-10-04,1234.0,1244.65,1226.75,1241.8,2245039
2023-10-06,1252.0,1255.8,1232.05,1235.7,2470453
2023-10-09,1236.0,1266.65,1234.85,1249.9,3419484
2023-10-10,1255.55,1264.75,1248.25,1260.05,1526861
2023-10-11,1266.0,1274.45,1241.0,1243.95,2179217
2023-10-12,1245.0,1248.45,1215.2,1223.4,3910843
2023-10-13,1211.0,1266.45,1209.15,1257.0,5706294
2023-10-16,1263.0,1279.3,1261.15,1272.0,2495102
2023-10-17,1278.9,1279.0,1271.1,1277.5,1678832
2023-10-18,1278.0,1281.4,1267.4,1271.35,1733980
2023-10-19,1266.8,1274.7,1265.0,1265.7,2274151
2023-10-20,1252.0,1261.2,1245.55,1257.0,1616330
2023-10-23,1248.0,1260.45,1233.0,1234.95,1638783
2023-10-25,1231.2,1252.65,1227.15,1230.0,1410604
2023-10-26,1215.0,1238.1,1215.0,1230.15,4612507
2023-10-27,1237.0,1270.0,1234.25,1267.5,2670554
2023-10-30,1270.0,1274.45,1256.0,1262.1,1155675
2023-10-31,1272.0,1279.85,1256.7,1275.5,2516995
2023-11-01,1280.0,1285.85,1255.3,1257.8,1569395
2023-11-02,1266.0,1275.0,1265.8,1273.5,1360909
2023-11-03,1282.6,1287.25,1263.0,1266.0,2043050
2023-11-06,1276.25,1279.5,1265.15,1269.4,1172952
2023-11-07,1269.0,1277.6,1267.15,1275.0,1383384
2023-11-08,1280.0,1280.75,1266.0,1267.5,933723
2023-11-09,1267.65,1275.8,1261.9,1270.2,1482398
2023-11-10,1262.3,1271.0,1250.75,1256.0,1467442
2023-11-12,1264.95,1265.4,1256.5,1260.1,130344
2023-11-13,1260.0,1263.5,1253.3,1261.0,729594
2023-11-15,1275.0,1283.0,1269.05,1278.2,2379381
2023-11-16,1283.8,1317.95,1278.05,1313.0,3922109
2023-11-17,1313.4,1325.7,1306.45,1308.95,2872223
2023-11-20,1314.95,1331.5,1314.95,1322.85,2821135
2023-11-21,1335.6,1335.6,1322.1,1326.05,1506727
2023-11-22,1326.6,1335.6,1320.45,1330.0,1532956
2023-11-23,1333.95,1335.25,1325.7,1328.75,1305078
2023-11-24,1328.9,1331.8,1306.0,1308.4,1794840
2023-11-28,1309.15,1319.9,1295.35,1319.9,2140734
2023-11-29,1324.0,1338.8,1322.7,1330.2,1828597
2023-11-30,1337.0,1346.75,1329.7,1340.0,4091049
2023-12-01,1346.0,1346.0,1328.15,1338.8,1850454
2023-12-04,1350.0,1350.0,1331.85,1335.0,1535712
2023-12-05,1347.0,1347.0,1308.7,1319.7,3884098
2023-12-07,1331.0,1337.0,1325.4,1329.0,1979881
2023-12-08,1333.0,1369.85,1330.0,1364.95,4496741
2023-12-11,1370.1,1382.95,1366.05,1375.0,2799411
2023-12-12,1377.0,1387.0,1370.0,1372.0,2682139
2023-12-13,1379.35,1382.8,1357.8,1367.15,1890574
2023-12-14,1391.0,1419.0,1382.0,1413.5,5092256
2023-12-15,1422.0,1496.9,1422.0,1492.1,7351867
2023-12-18,1489.85,1509.9,1481.0,1503.05,3049960
2023-12-19,1501.5,1504.65,1477.8,1487.2,2571510
2023-12-20,1485.0,1503.05,1435.1,1437.95,4350169
2023-12-21,1421.15,1447.0,1420.1,1424.25,2832082
2023-12-22,1431.0,1467.05,1423.0,1459.95,2297577
2023-12-26,1462.7,1467.35,1442.2,1459.6,1357682
2023-12-27,1465.45,1476.0,1457.7,1470.0,1400862
2023-12-28,1470.6,1482.55,1469.0,1472.0,1923675
2023-12-29,1473.95,1481.85,1457.55,1468.5,1478442
2024-01-01,1460.0,1495.5,1455.05,1481.4,1217355
2024-01-02,1484.05,1488.8,1461.4,1470.0,1437940
2024-01-03,1460.0,1465.0,1435.9,1438.0,1641683
2024-01-04,1437.0,1444.45,1417.2,1420.5,3366216
2024-01-05,1425.0,1438.8,1421.9,1433.0,1768723
2024-01-08,1435.0,1452.6,1430.6,1439.9,2019995
2024-01-09,1460.6,1480.4,1452.35,1468.75,3101771
2024-01-10,1474.9,1508.0,1466.05,1490.0,4267463
2024-01-11,1500.0,1500.0,1474.0,1486.0,2256149
2024-01-12,1505.0,1555.0,1499.2,1554.9,5834224
2024-01-15,1610.0,1619.6,1575.5,1588.0,9465866
2024-01-16,1587.0,1587.0,1538.0,1555.0,4435945
2024-01-17,1520.0,1584.65,1516.55,1573.95,3776391
2024-01-18,1577.0,1584.15,1537.1,1569.95,3175483
2024-01-19,1570.0,1590.0,1558.2,1570.5,2359796
2024-01-20,1580.0,1580.0,1537.35,1544.8,956806
2024-01-23,1558.9,1567.9,1517.7,1522.0,3155682
2024-01-24,1530.1,1581.2,1524.0,1576.75,2126580
2024-01-25,1570.0,1570.0,1536.8,1549.5,2637243
2024-01-29,1565.0,1588.6,1550.25,1575.0,2476076
2024-01-30,1580.0,1592.45,1555.0,1559.8,1931744
2024-01-31,1559.3,1580.85,1546.55,1570.8,7011565
2024-02-01,1576.0,1597.0,1566.35,1578.0,2836410
2024-02-02,1584.8,1613.6,1575.05,1583.95,2329325
2024-02-05,1584.95,1588.5,1551.45,1555.1,1445162
2024-02-07,1615.0,1617.75,1612.3,1615.0,182725
2024-02-08,1626.0,1647.65,1617.35,1634.55,3473815
2024-02-09,1640.0,1646.2,1615.25,1624.9,3329874
2024-02-12,1639.0,1685.0,1639.0,1660.0,4873004
2024-02-13,1675.0,1675.0,1649.2,1665.5,3112862
2024-02-14,1649.75,1676.9,1625.45,1666.0,1360922
2024-02-15,1678.0,1696.0,1650.1,1662.0,2551739
2024-02-16,1675.0,1677.0,1650.3,1670.0,1770293
2024-02-19,1670.0,1682.95,1660.5,1675.0,758519
2024-02-20,1661.0,1672.45,1645.0,1660.0,2233029
2024-02-21,1655.55,1664.8,1632.1,1635.5,2869937
2024-02-22,1644.0,1691.3,1639.0,1683.0,3811982
2024-02-23,1697.0,1697.35,1663.5,1664.35,2169732
2024-02-26,1665.75,1668.85,1639.5,1649.5,1838582
2024-02-27,1649.0,1673.4,1648.0,1659.25,2043778
2024-02-28,1664.7,1672.0,1644.2,1648.0,931669
2024-02-29,1642.15,1677.3,1636.65,1670.0,3528116
2024-03-01,1675.45,1679.2,1639.1,1648.5,2366937
2024-03-02,1656.0,1663.0,1643.0,1646.3,72910
2024-03-04,1649.0,1654.0,1635.0,1638.25,1785144
2024-03-05,1624.0,1629.9,1607.35,1617.4,3315093
2024-03-06,1613.0,1649.35,1603.85,1648.0,2359060
2024-03-07,1650.0,1654.55,1630.25,1635.7,3172552
2024-03-11,1655.0,1659.5,1632.05,1636.0,2902357
2024-03-12,1635.9,1665.0,1633.1,1635.0,2410697
2024-03-13,1638.75,1651.25,1610.45,1624.5,2555640
2024-03-14,1634.0,1682.85,1610.0,1677.0,3498377
2024-03-15,1677.0,1677.0,1642.85,1648.6,3924177
2024-03-18,1649.9,1663.3,1634.8,1639.3,1179349
2024-03-19,1641.55,1641.55,1594.3,1595.0,1912169
2024-03-20,1604.75,1619.1,1578.2,1592.0,1807014
2024-03-21,1608.0,1619.9,1583.35,1600.0,2677786
2024-03-22,1560.0,1571.45,1508.65,1557.9,7340629
2024-03-26,1562.25,1592.2,1555.55,1563.0,4431818
2024-03-27,1569.0,1576.75,1540.0,1549.0,2586326
2024-03-28,1554.95,1561.05,1531.0,1543.55,5299879
2024-04-01,1549.0,1569.0,1548.0,1558.0,999760
2024-04-02,1559.0,1565.0,1525.1,1531.95,2016611
2024-04-03,1525.35,1558.45,1518.0,1534.6,3295251
2024-04-04,1540.8,1552.5,1518.7,1539.95,3382715
2024-04-05,1542.45,1547.7,1523.8,1545.4,2761022
2024-04-09,1540.0,1561.8,1534.55,1543.0,2425282
2024-04-10,1541.05,1552.15,1536.2,1539.0,1823274
2024-04-12,1537.0,1542.95,1516.2,1521.3,4308971
2024-04-15,1507.1,1530.5,1494.0,1508.35,3276206
2024-04-16,1486.35,1501.6,1467.3,1474.1,2422557
2024-04-18,1477.05,1480.9,1452.1,1468.0,5160483
2024-04-19,1442.0,1455.5,1435.0,1449.9,5206161
2024-04-22,1452.2,1473.3,1450.5,1472.0,1931757
2024-04-23,1474.9,1501.45,1471.1,1485.55,2762276
2024-04-24,1490.0,1496.95,1476.3,1482.0,1318131
2024-04-25,1479.95,1515.05,1479.95,1502.0,4540920
2024-04-26,1516.85,1531.45,1464.95,1477.0,4319207
2024-04-29,1415.0,1436.0,1381.0,1388.3,11352816
2024-04-30,1376.4,1397.9,1362.45,1367.45,7546429
2024-05-02,1358.0,1377.9,1358.0,1362.2,6497651
2024-05-03,1370.0,1370.0,1333.55,1347.2,5946089
2024-05-06,1358.0,1365.0,1348.5,1360.0,2488011
2024-05-07,1347.95,1348.9,1326.15,1329.9,5067600
2024-05-08,1330.95,1334.0,1307.3,1314.0,6812326
2024-05-10,1320.1,1322.9,1303.6,1319.35,3348296
2024-05-13,1316.2,1321.9,1301.65,1314.4,2312074
2024-05-14,1322.9,1326.95,1308.7,1319.25,3183101
2024-05-15,1320.0,1340.3,1318.25,1335.0,2962462
2024-05-16,1345.5,1357.8,1328.5,1347.15,5030028
2024-05-17,1351.0,1351.0,1330.2,1331.95,2482957
2024-05-18,1336.9,1340.0,1333.05,1339.2,106643
2024-05-21,1314.0,1349.85,1314.0,1342.0,4902321
2024-05-22,1348.95,1352.9,1340.0,1342.0,2379053
2024-05-23,1346.0,1358.45,1338.0,1352.45,3319127
2024-05-24,1359.0,1360.0,1340.85,1342.5,1743490
2024-05-27,1350.2,1359.6,1338.0,1352.1,1935859
2024-05-28,1357.0,1363.3,1345.6,1359.0,2139598
2024-05-29,1363.0,1366.6,1346.95,1347.95,3820044
2024-05-30,1347.5,1351.55,1325.1,1338.55,4142425
2024-05-31,1332.0,1340.9,1315.75,1324.0,10311414
2024-06-03,1350.55,1354.75,1309.85,1316.5,5370579
2024-06-04,1325.0,1325.0,1235.0,1319.95,5407440
2024-06-05,1319.95,1356.9,1316.1,1347.15,2996400
2024-06-06,1354.0,1399.8,1350.9,1396.0,5918870
2024-06-07,1407.05,1438.65,1398.0,1428.5,5851145
2024-06-10,1440.0,1442.0,1397.5,1418.3,3268418
2024-06-11,1424.05,1437.95,1415.4,1428.0,2257958
2024-06-12,1472.0,1472.0,1434.5,1437.0,5774316
2024-06-13,1447.7,1457.7,1437.1,1445.2,4205744
2024-06-14,1444.15,1446.0,1424.4,1431.2,3056365
2024-06-18,1431.05,1439.75,1427.05,1438.9,2206513
2024-06-19,1440.05,1451.9,1430.3,1444.0,3111353
2024-06-20,1448.9,1448.9,1429.55,1445.0,3153335
2024-06-21,1462.95,1481.95,1439.2,1440.45,6436488
2024-06-24,1437.8,1443.95,1426.6,1439.15,1976429
2024-06-25,1440.85,1450.1,1426.45,1445.0,2072270
2024-06-26,1447.95,1453.3,1438.2,1442.0,1907149
2024-06-27,1436.5,1460.55,1423.5,1455.0,6604088
2024-06-28,1465.9,1468.7,1442.0,1461.0,4877919
2024-07-01,1464.65,1478.6,1455.0,1467.0,3688305
2024-07-02,1474.95,1492.45,1473.0,1479.0,3750845
2024-07-03,1489.0,1489.0,1471.2,1482.1,2060415
2024-07-04,1486.95,1534.55,1485.0,1520.0,6807025
2024-07-05,1523.0,1529.25,1505.55,1517.1,3050694
2024-07-08,1527.95,1540.0,1506.2,1537.95,2931926
2024-07-09,1533.45,1546.3,1525.0,1530.0,2652142
2024-07-11,1516.0,1534.0,1508.05,1516.75,3293244
2024-07-12,1529.5,1566.0,1510.5,1561.75,6403513
2024-07-15,1580.0,1636.4,1567.4,1568.0,10132424
2024-07-16,1565.0,1583.0,1555.0,1567.4,3517952
2024-07-18,1559.0,1599.25,1557.0,1589.0,4364154
2024-07-19,1610.25,1616.45,1588.6,1592.0,5721441
2024-07-22,1588.6,1594.5,1570.9,1577.95,2692784
2024-07-23,1574.0,1600.75,1551.1,1596.0,2876586
2024-07-24,1594.0,1598.0,1576.85,1586.0,2475432
2024-07-25,1569.45,1594.0,1562.85,1586.5,2922368
2024-07-26,1603.65,1640.0,1594.0,1638.8,2790235
2024-07-29,1640.2,1645.0,1620.0,1628.05,1632456
2024-07-30,1629.0,1633.0,1618.0,1630.15,1774805
2024-07-31,1628.0,1645.0,1619.2,1640.85,1976397
2024-08-01,1640.25,1655.5,1636.1,1639.5,1770668
2024-08-02,1624.8,1639.0,1601.15,1605.0,1680841
2024-08-05,1577.15,1595.7,1537.0,1557.95,3251599
2024-08-06,1564.0,1605.0,1564.0,1583.0,2126967
2024-08-07,1603.7,1615.0,1590.0,1598.0,1889092
2024-08-08,1597.0,1602.0,1554.55,1558.0,2333414
2024-08-09,1580.05,1602.0,1575.85,1589.05,2009789
2024-08-12,1591.0,1600.5,1573.85,1583.25,1269765
2024-08-13,1578.55,1608.4,1577.65,1594.0,1958700
2024-08-14,1600.1,1629.75,1598.25,1623.9,3923614
2024-08-16,1635.15,1674.0,1632.7,1668.7,3074092
2024-08-19,1664.9,1685.0,1659.05,1677.2,1616854
2024-08-20,1680.0,1695.05,1669.2,1688.65,2761668
2024-08-21,1685.0,1688.85,1673.75,1679.0,1404028
2024-08-22,1687.0,1687.0,1673.0,1675.0,1742719
2024-08-23,1676.05,1685.95,1657.15,1662.9,2149769
2024-08-26,1671.0,1734.0,1667.1,1731.95,2666896
2024-08-27,1725.85,1756.85,1705.1,1706.0,3526602
2024-08-28,1712.6,1737.75,1693.05,1714.0,2495839
2024-08-29,1714.0,1756.0,1697.25,1750.45,5086439
2024-08-30,1752.0,1766.3,1742.2,1749.1,4764324
2024-09-02,1761.1,1812.0,1760.0,1800.0,4430826
2024-09-03,1806.0,1817.15,1787.05,1788.2,2534697
2024-09-04,1766.95,1795.65,1765.0,1785.0,2630320
2024-09-05,1794.0,1797.7,1767.3,1794.6,2873670
2024-09-06,1788.0,1795.75,1740.05,1754.0,3324759
2024-09-09,1758.85,1766.3,1741.15,1748.5,1394387
2024-09-11,1778.2,1796.85,1773.7,1783.2,2296041
2024-09-12,1800.8,1814.2,1777.1,1795.6,3337215
2024-09-13,1804.0,1820.0,1795.65,1809.25,1582109
2024-09-16,1819.0,1824.25,1808.2,1812.0,832873
2024-09-17,1812.0,1828.0,1807.2,1811.0,828618
2024-09-18,1808.0,1808.05,1740.1,1758.1,2625045
2024-09-19,1775.0,1776.0,1721.5,1741.85,4126616
2024-09-20,1748.05,1766.1,1721.4,1763.0,4634407
2024-09-23,1763.5,1764.0,1732.5,1750.7,1536986
2024-09-24,1751.0,1783.5,1738.35,1779.05,1901651
2024-09-25,1777.0,1784.05,1755.0,1780.0,2232802
2024-09-26,1782.25,1808.4,1778.9,1782.0,4248626
2024-09-27,1805.05,1828.55,1796.55,1809.0,4083078
2024-09-30,1805.25,1820.7,1789.15,1796.0,2108903
2024-10-01,1790.0,1822.45,1790.0,1816.45,1632408
2024-10-03,1780.0,1809.3,1770.0,1779.0,3443970
2024-10-04,1778.0,1807.9,1767.25,1782.25,2977861
2024-10-07,1784.95,1804.2,1767.9,1773.65,3401228
2024-10-08,1774.05,1794.0,1743.0,1784.0,2342290
2024-10-09,1793.1,1825.0,1790.15,1812.0,2485196
2024-10-10,1818.0,1839.95,1797.0,1812.0,3747312
2024-10-14,1846.05,1865.5,1832.4,1865.0,1735072
2024-10-15,1829.95,1882.75,1829.95,1866.0,5465070
2024-10-16,1869.0,1885.0,1854.05,1857.0,2134214
2024-10-17,1869.0,1877.05,1851.45,1865.75,2376891
2024-10-18,1866.0,1873.9,1843.0,1856.55,2357965
2024-10-21,1875.65,1888.5,1840.0,1840.1,1276702
2024-10-22,1829.8,1852.0,1819.5,1822.25,2070554
2024-10-23,1799.6,1865.0,1799.6,1845.0,2510891
2024-10-24,1845.0,1862.95,1837.7,1842.8,1614992
2024-10-25,1858.85,1871.55,1840.2,1852.0,4039899
2024-10-28,1846.0,1876.8,1845.15,1875.0,2404483
2024-10-29,1873.6,1875.9,1851.2,1872.0,1707221
2024-10-30,1869.45,1869.45,1835.3,1853.75,1725188
2024-10-31,1840.0,1843.9,1756.55,1772.5,3609323
2024-11-01,1777.0,1781.3,1751.0,1757.0,239959
2024-11-04,1762.0,1782.1,1745.0,1761.15,2722820
2024-11-05,1768.85,1783.35,1761.5,1773.65,1813306
2024-11-06,1789.75,1853.0,1783.0,1843.0,3431943
2024-11-07,1850.1,1862.55,1814.2,1826.35,2165355
2024-11-08,1839.05,1854.15,1828.05,1838.0,1514721
2024-11-12,1891.0,1892.95,1864.45,1868.35,2681118
2024-11-13,1865.85,1879.6,1859.1,1864.35,1248545
2024-11-14,1870.0,1897.0,1846.35,1865.0,2450474
2024-11-18,1858.0,1865.05,1815.0,1835.65,2435420
2024-11-19,1838.0,1865.0,1817.3,1824.0,2336730
2024-11-21,1831.5,1839.55,1820.2,1833.3,1816608
2024-11-22,1849.0,1902.0,1836.5,1897.1,2756254
2024-11-25,1919.0,1919.95,1878.5,1896.0,6491615
2024-11-26,1890.7,1914.95,1889.15,1900.0,2074501
2024-11-27,1896.55,1917.0,1887.1,1891.1,1620147
2024-11-28,1891.0,1900.5,1835.0,1844.0,3613779
2024-11-29,1843.0,1872.3,1833.95,1850.0,2477791
2024-12-02,1848.05,1878.55,1835.45,1872.75,2004638
2024-12-03,1883.9,1896.3,1872.05,1888.95,2926538
2024-12-04,1882.0,1911.0,1877.6,1894.6,3715220
2024-12-05,1887.0,1938.1,1884.0,1920.0,3839564
2024-12-06,1925.9,1939.35,1915.3,1915.55,2211790
2024-12-09,1915.0,1926.05,1901.0,1909.95,1366422
2024-12-10,1918.0,1942.8,1912.2,1937.0,2672359
2024-12-11,1927.0,1934.8,1916.0,1930.0,1372159
2024-12-13,1938.0,1975.0,1912.35,1965.0,2548807
2024-12-16,1972.0,1980.0,1950.25,1954.25,1361976
2024-12-17,1950.0,1963.2,1938.0,1948.05,1968286
2024-12-18,1949.0,1971.95,1946.75,1958.85,3455587
2024-12-19,1911.35,1946.2,1911.35,1936.15,1857437
2024-12-20,1954.45,1957.65,1896.4,1917.7,3769676
2024-12-23,1918.5,1939.4,1899.15,1900.8,2054008
2024-12-24,1908.6,1923.65,1889.25,1892.05,1308697
2024-12-26,1903.15,1908.9,1886.3,1900.0,1060903
2024-12-27,1899.25,1902.9,1882.7,1891.0,1325389
2024-12-30,1887.9,1968.95,1865.65,1910.65,6255602
2024-12-31,1916.35,1927.8,1878.55,1924.8,1965379
2025-01-01,1917.4,1936.95,1907.9,1911.6,876323
2025-01-02,1911.95,1976.3,1910.05,1966.45,3485864
2025-01-03,1980.0,1992.1,1941.0,1943.0,2824687
2025-01-06,1951.25,1973.4,1930.0,1948.6,1784682
2025-01-07,1962.0,1981.0,1908.9,1916.75,2485343
2025-01-08,1906.3,1938.5,1894.55,1932.9,2364413
2025-01-09,1926.5,1944.45,1920.0,1934.0,2735383
2025-01-10,1939.8,2002.35,1935.25,1997.1,4794393
2025-01-14,1824.85,1831.0,1809.4,1819.95,3511127
2025-01-15,1835.0,1843.55,1812.55,1825.7,3313899
2025-01-16,1832.0,1837.95,1785.3,1790.15,5351395
2025-01-17,1775.0,1793.1,1750.05,1789.45,2400831
2025-01-20,1790.1,1799.0,1762.6,1794.95,3395731
2025-01-21,1794.9,1820.75,1791.8,1804.05,4002310
2025-01-22,1808.2,1831.45,1804.05,1828.0,3004008
2025-01-23,1816.05,1828.95,1804.2,1806.95,3745473
2025-01-24,1800.05,1829.4,1791.1,1796.0,3161098
2025-01-27,1773.3,1779.75,1707.3,1710.55,4164715
2025-01-28,1711.6,1730.5,1691.0,1694.5,5072018
2025-01-29,1697.85,1724.1,1696.0,1720.65,3728547
2025-01-30,1722.0,1732.95,1697.85,1717.9,2542490
2025-01-31,1710.0,1738.2,1709.3,1730.0,2026488
2025-02-01,1728.85,1731.95,1688.0,1694.7,567142
2025-02-03,1668.6,1700.6,1661.5,1693.0,2647606
2025-02-04,1695.15,1735.9,1692.05,1732.45,3641882
2025-02-05,1732.0,1746.8,1710.0,1712.0,2673743
2025-02-06,1723.85,1728.45,1712.85,1724.1,2039724
2025-02-07,1723.15,1731.0,1700.65,1724.0,2425147
2025-02-10,1724.0,1740.0,1712.1,1734.0,1819029
2025-02-11,1742.8,1749.0,1715.0,1723.9,1694957
2025-02-13,1716.6,1729.95,1700.25,1704.8,1832514
2025-02-14,1711.0,1723.4,1699.95,1711.6,1457309
2025-02-17,1711.15,1720.15,1694.1,1709.6,1119780
2025-02-18,1705.05,1728.5,1701.25,1725.0,1508546
2025-02-19,1723.0,1731.6,1703.45,1710.0,1290773
2025-02-20,1707.0,1714.55,1683.55,1690.9,1673534
2025-02-21,1690.0,1704.15,1685.15,1695.65,1220458
2025-02-24,1690.0,1690.0,1637.6,1642.75,4453384
2025-02-25,1635.05,1651.95,1631.25,1635.1,1945055
2025-02-27,1620.05,1660.0,1615.2,1621.0,2218777
2025-02-28,1612.0,1614.95,1562.45,1576.7,4901077
2025-03-03,1575.45,1603.4,1568.45,1573.8,1769804
2025-03-04,1559.95,1560.0,1523.0,1536.5,3234502
2025-03-05,1532.0,1581.4,1531.05,1573.0,3106995
2025-03-06,1583.0,1594.7,1575.15,1582.65,2004576
2025-03-07,1582.65,1587.0,1555.6,1558.6,2086555
2025-03-10,1557.9,1572.45,1547.0,1549.8,1847242
2025-03-11,1529.9,1573.95,1522.6,1567.0,1831837
2025-03-12,1555.95,1565.0,1507.1,1537.6,3103987
2025-03-13,1540.6,1547.95,1529.15,1532.0,1975074
2025-03-17,1529.15,1547.55,1519.05,1545.0,1992258
2025-03-18,1547.55,1560.95,1530.65,1560.95,2921903
2025-03-19,1558.8,1561.35,1525.1,1547.0,4508632
2025-03-20,1548.0,1582.1,1547.05,1555.0,4588731
2025-03-21,1540.0,1592.05,1521.5,1565.0,8069369
2025-03-24,1591.0,1610.9,1560.0,1602.85,2468140
2025-03-25,1623.0,1658.95,1618.95,1621.05,4881018
2025-03-26,1625.75,1644.95,1622.0,1625.65,3087874
2025-03-27,1626.0,1645.0,1613.55,1637.25,3376111
2025-03-28,1616.15,1625.55,1581.6,1591.0,2194547
2025-04-01,1578.0,1585.0,1526.1,1534.5,4068100
2025-04-02,1515.05,1538.55,1506.4,1531.0,3122252
2025-04-03,1500.0,1500.0,1465.0,1468.4,3924278
2025-04-04,1449.0,1456.2,1419.1,1427.0,4385423
2025-04-07,1345.0,1383.75,1302.75,1377.95,6345692
2025-04-08,1382.05,1424.25,1372.0,1402.9,3818160
2025-04-09,1380.55,1388.7,1357.05,1380.7,3275585
2025-04-11,1360.0,1425.0,1360.0,1393.5,4646382
2025-04-16,1416.0,1436.1,1405.5,1434.0,2543229
2025-04-17,1418.1,1442.1,1384.0,1439.0,3536429
2025-04-21,1434.0,1499.0,1430.0,1478.0,2815873
2025-04-22,1491.0,1499.9,1464.5,1485.9,2592114
2025-04-23,1556.0,1600.0,1543.7,1594.4,13061428
2025-04-24,1596.0,1603.3,1576.1,1590.3,3145611
2025-04-25,1588.0,1618.0,1568.1,1576.4,3785587
2025-04-28,1565.0,1569.4,1537.1,1550.0,2587010
2025-04-29,1555.0,1580.8,1548.1,1570.0,2220782
2025-04-30,1571.1,1587.9,1554.0,1556.5,3674075
2025-05-02,1566.9,1581.0,1557.1,1572.4,1886578
2025-05-05,1579.5,1597.7,1563.3,1569.0,1007726
2025-05-06,1576.4,1583.8,1565.1,1570.0,2046369
2025-05-07,1551.1,1578.4,1545.0,1565.3,5444252
2025-05-08,1561.7,1598.0,1555.8,1572.1,2769917
2025-05-09,1565.1,1577.7,1557.3,1572.5,2015291
2025-05-12,1598.1,1675.0,1594.0,1663.0,4010279
2025-05-13,1685.0,1688.1,1615.2,1619.9,3064752
2025-05-14,1629.0,1642.3,1617.0,1641.3,1556552
2025-05-15,1648.0,1702.6,1625.0,1692.0,4917802
2025-05-19,1661.0,1664.0,1638.1,1651.0,1628980
2025-05-20,1660.0,1666.0,1636.4,1640.0,2404454
2025-05-21,1645.1,1657.5,1628.4,1649.0,1415512
2025-05-22,1638.4,1640.7,1614.0,1640.0,2193317
2025-05-23,1638.0,1670.8,1622.5,1649.5,1453134
2025-05-26,1652.1,1675.8,1645.6,1673.8,1070231
2025-05-27,1673.8,1675.5,1641.5,1654.9,2731845
2025-05-28,1664.0,1666.8,1647.0,1660.0,1772635
2025-05-29,1670.0,1675.5,1655.6,1665.5,2362768
2025-05-30,1664.0,1664.7,1627.3,1631.5,4399718
2025-06-02,1626.0,1635.2,1605.7,1628.0,1863927
2025-06-03,1646.8,1651.7,1617.0,1630.5,2362173
2025-06-04,1631.0,1644.6,1622.2,1625.4,1651118
2025-06-05,1634.9,1653.9,1624.6,1632.3,1406415
2025-06-06,1632.0,1639.8,1622.0,1638.0,1258979
2025-06-09,1647.9,1658.0,1639.0,1648.5,1294296
2025-06-10,1653.3,1684.9,1649.0,1670.7,3050346
2025-06-11,1676.5,1725.4,1666.0,1721.3,5074605
2025-06-12,1725.0,1726.0,1695.0,1702.4,3589592
2025-06-13,1667.2,1711.0,1664.6,1697.4,1973951
2025-06-17,1731.2,1737.5,1726.4,1728.0,901662
2025-06-18,1727.9,1745.0,1710.0,1719.7,1789535
2025-06-19,1719.7,1719.7,1697.2,1706.8,2505292
2025-06-20,1714.0,1742.6,1709.1,1736.9,2713624
2025-06-23,1729.8,1729.8,1699.2,1699.9,2214455
2025-06-24,1719.0,1732.6,1689.2,1691.0,3591527
2025-06-25,1701.0,1720.7,1701.0,1713.9,1297604
2025-06-26,1710.0,1726.9,1702.7,1722.0,2956780
2025-06-27,1733.3,1752.5,1710.8,1728.7,6455827
2025-06-30,1725.9,1734.8,1713.3,1732.0,1851385
2025-07-01,1728.6,1745.0,1714.0,1718.0,1614152
2025-07-02,1723.0,1738.5,1711.0,1715.0,2056319
2025-07-03,1716.0,1730.5,1706.5,1710.0,1825545
2025-07-04,1715.1,1729.0,1706.2,1725.9,765369
2025-07-07,1725.5,1725.5,1703.3,1707.0,1364379
2025-07-08,1700.1,1718.9,1687.5,1700.1,2129197
2025-07-09,1710.2,1714.3,1671.0,1673.0,2880442
2025-07-10,1675.0,1679.9,1649.0,1660.1,2728631
2025-07-11,1645.0,1655.5,1630.0,1633.3,2520445
2025-07-14,1638.5,1642.4,1607.0,1613.5,3323437
2025-07-15,1590.5,1621.4,1550.0,1567.0,14407324
2025-07-16,1567.0,1574.0,1560.0,1562.0,5185433
2025-07-18,1544.0,1550.0,1530.0,1549.1,3884194
2025-07-21,1548.8,1550.7,1526.0,1530.8,3356987
2025-07-22,1533.1,1539.8,1518.3,1520.5,3213003
2025-07-23,1524.1,1536.0,1518.0,1528.8,3463660
2025-07-24,1530.0,1537.9,1501.6,1510.1,4645997
2025-07-25,1501.1,1512.2,1486.6,1490.0,2726120
2025-07-28,1490.7,1494.2,1463.5,1468.0,4390446
2025-07-29,1466.1,1477.5,1461.0,1475.0,6218681
2025-07-30,1480.5,1484.3,1468.8,1478.0,1618292
2025-07-31,1465.0,1482.7,1459.5,1465.2,2299265
2025-08-01,1465.0,1466.9,1450.0,1450.2,2136657
2025-08-04,1452.1,1475.4,1440.6,1470.4,2378402
2025-08-05,1479.9,1485.4,1471.2,1480.9,2598915
2025-08-06,1480.9,1483.7,1456.4,1459.9,1732769
2025-08-07,1458.0,1479.2,1451.0,1479.1,1488098
2025-08-08,1474.8,1482.2,1459.0,1476.3,2811975
2025-08-11,1475.0,1531.0,1465.6,1484.1,2366244
2025-08-12,1490.0,1509.9,1489.0,1498.0,3418469
2025-08-13,1500.0,1507.5,1489.0,1498.8,2908553
2025-08-14,1501.0,1516.2,1485.8,1489.0,4220250
2025-08-18,1498.1,1501.9,1475.9,1481.6,2775988
2025-08-19,1476.3,1482.6,1469.2,1479.7,2507131
2025-08-20,1468.0,1500.3,1458.0,1496.0,9931699
2025-08-21,1500.0,1505.0,1486.1,1495.0,2112742
2025-08-22,1489.6,1491.5,1464.0,1467.1,2796020
2025-08-25,1480.0,1509.7,1476.2,1505.0,2754881
2025-08-26,1501.9,1506.5,1485.0,1489.3,4086886
2025-08-28,1488.0,1488.0,1446.0,1450.2,4347488
2025-08-29,1449.8,1462.6,1439.2,1453.7,3395548
2025-09-01,1446.0,1472.5,1446.0,1469.0,2094502
2025-09-02,1469.0,1477.4,1459.7,1465.0,1293250
2025-09-03,1475.0,1475.0,1452.6,1465.2,1777329
2025-09-04,1465.1,1465.9,1440.9,1444.2,2183748
2025-09-05,1448.0,1452.3,1402.8,1420.1,3890594
2025-09-08,1423.9,1428.6,1401.0,1403.3,2913048
2025-09-09,1410.2,1431.8,1409.1,1425.0,2894547
2025-09-10,1434.9,1471.9,1432.1,1464.2,3190299
2025-09-11,1463.9,1470.4,1458.3,1468.3,1972258
2025-09-12,1475.0,1480.0,1463.0,1466.0,2100241
2025-09-15,1467.2,1468.3,1452.0,1465.4,1719976
2025-09-16,1463.9,1485.2,1461.1,1483.0,1719661
2025-09-18,1492.6,1502.9,1486.1,1491.9,2775452
2025-09-19,1493.8,1493.8,1464.0,1470.0,3191547
2025-09-22,1423.0,1449.2,1415.0,1442.0,4399808
2025-09-23,1444.2,1444.2,1420.4,1431.4,3097456
2025-09-24,1425.1,1444.7,1420.0,1440.2,2871070
2025-09-25,1440.2,1442.5,1416.0,1427.4,2707994
2025-09-26,1420.0,1426.5,1392.0,1395.1,2559157
2025-09-29,1397.1,1402.6,1383.0,1388.0,2978712
2025-09-30,1392.1,1405.0,1381.9,1385.9,2775004
2025-10-01,1386.1,1396.8,1382.0,1391.0,2246969
2025-10-03,1396.5,1399.8,1380.4,1392.8,2782958
2025-10-06,1393.5,1421.0,1390.8,1416.9,1961374
2025-10-07,1422.0,1441.9,1417.2,1435.5,1588849
2025-10-08,1433.2,1458.7,1427.2,1452.5,1728868
2025-10-09,1453.2,1491.1,1452.5,1484.5,2676082
2025-10-10,1491.0,1498.5,1473.9,1492.8,2116078
2025-10-13,1490.0,1502.2,1476.5,1494.1,1802942
2025-10-14,1515.4,1535.0,1490.2,1492.0,5684937
2025-10-15,1497.9,1509.4,1486.1,1496.1,1700452
2025-10-16,1499.9,1519.9,1498.0,1514.3,2014500
2025-10-17,1499.0,1501.3,1479.2,1484.9,3194152
2025-10-20,1489.9,1509.9,1489.1,1496.0,2348047
2025-10-21,1499.0,1503.0,1481.0,1486.5,272047
2025-10-23,1510.0,1547.5,1505.5,1524.9,4962725
2025-10-24,1525.0,1532.6,1516.4,1524.9,1484882
2025-10-27,1531.4,1549.5,1526.8,1534.5,1389006
2025-10-28,1535.0,1542.0,1512.0,1522.0,1931407
2025-10-29,1530.0,1559.0,1522.0,1556.5,2585507
2025-10-30,1557.7,1559.9,1538.1,1549.9,2174570
2025-10-31,1549.8,1558.2,1537.6,1540.0,1720736
2025-11-03,1540.1,1549.7,1528.2,1544.0,2249284
2025-11-04,1536.4,1541.9,1525.0,1525.0,1659071
2025-11-06,1529.1,1531.9,1514.3,1527.0,2445830
2025-11-07,1515.1,1518.8,1490.5,1511.0,2234071
2025-11-10,1518.0,1544.9,1511.4,1540.0,1555561
2025-11-11,1547.8,1572.5,1541.2,1571.5,2267606
2025-11-12,1575.0,1600.0,1573.5,1593.0,2326588
2025-11-13,1599.4,1605.0,1580.0,1597.3,1940729
2025-11-14,1590.0,1598.0,1574.1,1596.9,2538611
2025-11-17,1594.0,1607.7,1585.5,1605.5,1993807
2025-11-19,1665.0,1669.5,1660.2,1662.0,1472012
2025-11-20,1662.6,1668.4,1642.6,1644.4,2681231
2025-11-21,1636.0,1643.5,1606.0,1608.8,2951487
2025-11-24,1614.3,1640.0,1602.9,1612.0,6387956
2025-11-25,1618.3,1618.9,1592.6,1598.9,2279462
2025-11-26,1601.1,1627.5,1601.1,1620.0,1236438
2025-11-27,1619.1,1633.2,1614.0,1630.2,2101353
2025-11-28,1629.0,1636.9,1619.0,1623.8,1838155
2025-12-01,1630.0,1646.5,1628.0,1642.5,2031408
2025-12-02,1651.0,1652.9,1624.0,1634.6,2314007
2025-12-03,1635.5,1654.6,1628.8,1639.2,2354099
2025-12-04,1650.0,1672.0,1645.1,1655.5,3923954
2025-12-05,1662.7,1691.0,1651.0,1681.0,3384743
2025-12-08,1683.0,1695.4,1676.9,1685.0,2697274
2025-12-09,1687.0,1687.0,1656.4,1657.9,2814245
2025-12-10,1663.3,1671.0,1657.0,1665.9,1479117
2025-12-11,1667.5,1677.4,1649.0,1672.4,1404583
2025-12-12,1677.4,1677.9,1660.0,1670.0,1280428
2025-12-15,1673.2,1688.0,1660.0,1686.4,1685199
2025-12-16,1681.0,1682.0,1645.4,1651.8,1918179
2025-12-17,1651.0,1664.5,1646.3,1655.1,1391059
2025-12-18,1657.0,1673.9,1651.2,1663.0,1814331
2025-12-22,1651.9,1673.5,1644.0,1665.0,1331776
2025-12-23,1675.1,1686.9,1656.2,1674.8,1604957
2025-12-24,1676.0,1680.0,1665.1,1675.5,985772
2025-12-26,1668.0,1676.4,1650.5,1661.2,917446
2025-12-29,1659.7,1660.8,1625.4,1630.6,1514386
2025-12-30,1630.8,1635.7,1611.1,1621.5,3319492
2025-12-31,1624.5,1631.7,1616.8,1620.1,1358265
2026-01-01,1622.9,1645.7,1618.4,1632.0,771756
2026-01-02,1632.0,1643.0,1625.1,1640.0,945492
2026-01-05,1625.0,1633.5,1580.1,1605.0,3222385
2026-01-06,1600.3,1626.0,1597.3,1615.4,2097938
2026-01-07,1620.8,1654.5,1616.7,1654.5,3804084
2026-01-08,1653.3,1660.6,1635.4,1643.0,3260133
2026-01-09,1647.1,1675.0,1647.1,1662.1,3265110
2026-01-12,1659.2,1677.2,1641.5,1667.0,4158020
2026-01-13,1685.0,1697.6,1626.0,1664.0,7022258
2026-01-14,1665.0,1677.9,1649.2,1669.9,2464630
2026-01-16,1670.0,1700.9,1664.8,1696.5,3047708
2026-01-20,1690.2,1693.0,1681.8,1685.0,859106
2026-01-21,1687.6,1694.9,1668.9,1680.9,1722269
2026-01-22,1690.6,1709.0,1681.5,1700.0,1846216
2026-01-23,1712.7,1721.0,1698.8,1706.6,1865562
2026-01-27,1720.0,1725.5,1700.5,1720.2,2594184
2026-01-28,1705.1,1734.4,1691.0,1722.8,2693732
2026-01-29,1722.8,1725.0,1696.1,1719.9,2227582
2026-01-30,1713.2,1713.2,1683.0,1691.4,4444077
2026-02-01,1692.4,1710.1,1613.1,1674.3,1844521
2026-02-02,1670.0,1688.5,1653.6,1675.0,1912359
2026-02-03,1780.0,1780.1,1689.1,1692.2,3144345
2026-02-04,1642.0,1645.0,1586.0,1617.6,5794997
2026-02-05,1613.7,1631.8,1600.2,1607.4,3171629
2026-02-06,1612.0,1612.0,1574.1,1592.6,3324463
2026-02-09,1600.4,1619.9,1594.4,1595.1,1857145
2026-02-10,1595.0,1602.4,1567.8,1569.5,3208389
2026-02-11,1574.0,1578.1,1546.1,1549.0,2934504
2026-02-12,1529.0,1535.0,1469.5,1470.9,5351586
2026-02-13,1423.0,1476.8,1396.0,1458.0,7175775
2026-02-16,1451.1,1467.0,1446.8,1465.6,2380573
2026-02-17,1464.0,1510.7,1458.0,1483.7,2835684
2026-02-18,1483.2,1483.2,1443.4,1464.9,2027292
2026-02-20,1443.0,1455.0,1431.0,1438.8,2387226
2026-02-23,1438.2,1441.6,1415.5,1425.0,2617191
2026-02-24,1402.3,1406.7,1322.5,1343.0,9966359
2026-02-25,1355.0,1391.4,1354.0,1375.9,5679326
2026-02-26,1391.0,1405.0,1368.0,1373.0,2310606
2026-02-27,1398.0,1404.8,1382.0,1382.0,8611838
2026-03-02,1351.0,1386.0,1350.0,1370.8,2068329
2026-03-04,1356.0,1382.0,1356.0,1364.0,3055980
2026-03-05,1378.2,1378.2,1332.5,1355.7,2209545
2026-03-06,1356.0,1380.8,1354.2,1358.0,1857939
2026-03-09,1330.0,1372.7,1328.0,1362.4,2247114
2026-03-10,1361.0,1364.4,1345.0,1362.5,1657682
2026-03-11,1367.2,1376.0,1346.9,1350.6,1816036
2026-03-12,1350.0,1363.4,1341.0,1357.0,2605645
2026-03-13,1350.0,1356.7,1321.0,1329.1,2186891
2026-03-16,1312.8,1337.7,1302.4,1328.3,3598562
2026-03-17,1328.6,1328.6,1297.7,1320.8,2278230
2026-03-18,1326.5,1378.4,1326.5,1358.0,2560307
2026-03-19,1341.4,1354.2,1309.2,1318.0,1658462
2026-03-20,1334.9,1352.5,1328.9,1339.9,5011788
2026-03-23,1314.8,1365.0,1310.0,1357.1,5157267
2026-03-24,1380.0,1394.0,1360.0,1375.0,3538016
2026-03-25,1348.0,1411.4,1348.0,1385.6,4006941
2026-03-27,1377.0,1407.4,1359.8,1360.1,8937069
2026-03-30,1350.0,1359.2,1336.2,1345.1,5526648
2026-04-01,1399.7,1399.7,1349.0,1356.0,2352540
2026-04-02,1347.0,1412.8,1341.2,1395.0,6505653
2026-04-06,1397.0,1422.3,1394.1,1400.0,2120971
2026-04-07,1391.0,1446.5,1388.1,1440.5,3454766
2026-04-08,1449.9,1466.0,1431.9,1453.9,4171825
2026-04-09,1458.9,1469.0,1436.0,1465.8,3093468
2026-04-10,1452.0,1457.6,1421.1,1451.0,3413195
2026-04-13,1441.0,1447.8,1417.5,1428.5,2237437
2026-04-15,1445.0,1474.9,1437.1,1450.3,3971394
2026-04-16,1460.0,1468.7,1435.1,1448.5,5212978
2026-04-17,1443.3,1458.0,1430.0,1443.0,3314651
2026-04-20,1445.9,1451.9,1424.0,1424.4,2332264
2026-04-21,1430.0,1455.0,1422.4,1439.0,3078178
2026-04-23,1290.0,1294.3,1272.0,1276.2,8244361
2026-04-24,1264.4,1264.8,1198.1,1202.5,10857559
2026-04-27,1209.0,1232.0,1201.0,1230.2,6048690
2026-04-28,1227.9,1232.7,1192.3,1199.8,6633195
2026-04-29,1200.0,1210.8,1192.1,1198.0,4766621
2026-04-30,1200.0,1213.7,1184.0,1201.4,5056431
2026-05-04,1208.0,1213.5,1191.4,1200.0,3298036
2026-05-05,1200.0,1205.4,1190.0,1200.3,2453734
2026-05-06,1208.0,1212.0,1186.4,1190.9,3523762
2026-05-07,1195.0,1196.0,1181.1,1182.4,3708285
2026-05-08,1179.8,1202.8,1176.8,1199.0,2791825
2026-05-11,1196.9,1206.3,1191.1,1195.0,2500397
2026-05-12,1183.0,1184.0,1142.6,1147.0,3911236
2026-05-13,1146.3,1154.6,1137.1,1145.0,2627312
2026-05-14,1139.0,1143.2,1103.4,1123.9,5814992
2026-05-15,1121.9,1152.0,1121.8,1131.0,3707601
2026-05-18,1129.0,1149.5,1121.4,1146.5,2584186
2026-05-19,1156.0,1198.3,1152.3,1180.0,5746403
2026-05-20,1166.2,1181.0,1162.4,1172.2,1403991
2026-05-21,1173.7,1180.6,1163.2,1168.0,2221428
2026-05-22,1169.9,1176.0,1159.9,1167.0,2041541
2026-05-25,1168.0,1178.0,1162.1,1167.1,1408571
2026-05-26,1165.7,1173.7,1160.0,1162.9,1192672
2026-05-27,1155.3,1169.8,1153.7,1166.9,995262
2026-05-29,1180.0,1191.7,1177.0,1182.0,12418365
2026-06-01,1190.1,1212.8,1190.1,1194.1,5942251
2026-06-02,1210.0,1257.0,1202.2,1244.9,7610509
2026-06-03,1228.8,1230.0,1176.8,1177.5,4754496
2026-06-04,1166.4,1176.5,1158.2,1173.6,2004754
2026-06-05,1179.0,1182.5,1147.0,1155.1,1963171
2026-06-08,1141.9,1159.0,1132.3,1151.8,1533365
2026-06-09,1158.7,1159.0,1136.4,1148.3,2209673
2026-06-10,1140.8,1152.0,1130.0,1130.9,1592400
2026-06-11,1112.9,1114.0,1089.5,1113.9,3405790
2026-06-12,1120.0,1122.5,1100.5,1110.0,2199913
2026-06-15,1123.5,1128.0,1113.0,1122.3,2352846
2026-06-16,1141.0,1161.9,1137.5,1160.5,8238900
2026-06-17,1169.0,1173.6,1159.3,1165.0,2242198
2026-06-18,1152.0,1168.8,1136.1,1159.6,3337813
2026-06-19,1110.0,1136.0,1091.4,1135.9,9840379
