Date,Actual_Price,Predicted_Price,Actual_Normalized,Predicted_Normalized,Absolute_Error
2023-07-10,19355.900390625,19342.44284859426,0.3721750750308277,0.3709421680710461,13.457542030741024
2023-07-11,19439.400390625,19324.33688552354,0.379824891832931,0.36928339800497834,115.06350510146149
2023-07-12,19384.30078125,19370.361045710066,0.37477696467621,0.37349988176423077,13.93973553993419
2023-07-13,19413.75,19369.793587785403,0.3774749422618695,0.37344789434906245,43.95641221459664
2023-07-14,19564.5,19374.334866178677,0.39128583906327163,0.37386394162757597,190.16513382132325
2023-07-17,19711.44921875,19453.166472010722,0.40474852891536384,0.38108606549381263,258.2827467392781
2023-07-18,19749.25,19560.89164538828,0.4082116313290032,0.3909552611981617,188.35835461171882
2023-07-19,19833.150390625,19631.3695631228,0.415898129747041,0.39741206550071007,201.78082750219983
2023-07-20,19979.150390625,19709.473159211982,0.4292738573291617,0.4045674930655927,269.6772314130176
2023-07-21,19745.0,19835.325170192962,0.4078222693959619,0.41609737124739854,90.3251701929621
2023-07-24,19672.349609375,19791.675422773053,0.40116643491832726,0.41209841829865135,119.32581339805256
2023-07-25,19680.599609375,19727.08742528142,0.40192225514128954,0.4061812165210983,46.48781590642102
2023-07-26,19778.30078125,19698.876809248202,0.4108731062334401,0.4035967129938096,79.42397200179767
2023-07-27,19659.900390625,19724.403090378026,0.4000259050648325,0.4059352923265298,64.50269975302581
2023-07-28,19646.05078125,19674.365736972493,0.3987570790229231,0.4013511415862374,28.314955722493323
2023-07-31,19753.80078125,19642.32387362763,0.4086285492076731,0.3984156399744261,111.47690762237107
2023-08-01,19733.55078125,19677.00907619404,0.4067733541149474,0.4015933099789397,56.54170505595903
2023-08-02,19526.55078125,19680.49628163108,0.3878091376115298,0.4019127888142051,153.9455003810799
2023-08-03,19381.650390625,19588.797547046226,0.37453415027219505,0.39351184844823117,207.1471564212261
2023-08-04,19517.0,19474.738540598904,0.38693414687045835,0.38306238133503423,42.261459401095635
2023-08-07,19597.30078125,19473.44557330364,0.39429086861450946,0.38294392668904775,123.85520794635886
2023-08-08,19570.849609375,19519.5054921628,0.39186755581157895,0.38716368646380594,51.34411721220022
2023-08-09,19632.55078125,19541.57273405679,0.39752028229443925,0.38918536739574283,90.97804719320993
2023-08-10,19543.099609375,19581.716402746184,0.3893252514252512,0.39286311244051153,38.61679337118403
2023-08-11,19428.30078125,19552.475056669045,0.37880800586534225,0.39018417902090663,124.17427541904544
2023-08-14,19434.55078125,19474.416020835703,0.37938059694334414,0.3830328338248121,39.86523958570251
2023-08-16,19465.0,19423.303407788353,0.3821701891014839,0.3783501736321293,41.69659221164693
2023-08-17,19365.25,19408.633780183198,0.3730316354965759,0.37700622197063804,43.383780183197814
2023-08-18,19310.150390625,19365.469084580065,0.36798370833985494,0.3730517068367156,55.3186939550651
2023-08-21,19393.599609375,19330.853146613663,0.37562887283944946,0.36988038247891986,62.74646276133717
2023-08-22,19396.44921875,19353.322815955835,0.37588993858407593,0.3719389316294761,43.12640279416519
2023-08-23,19444.0,19361.024542966003,0.380246283079398,0.3726445220568726,82.97545703399737
2023-08-24,19386.69921875,19394.884929917967,0.3749966965023932,0.3757466269314935,8.185711167967384
2023-08-25,19265.80078125,19382.011276441088,0.363920637837297,0.37456721267195014,116.21049519108783
2023-08-28,19306.05078125,19302.886669519754,0.3676081243796283,0.3673182456361819,3.164111730246077
2023-08-29,19342.650390625,19277.35800713289,0.3709611819454641,0.3649794481456161,65.29238349210937
2023-08-30,19347.44921875,19289.60339590871,0.3714008245325422,0.36610130420316755,57.84582284128919
2023-08-31,19253.80078125,19303.960127759696,0.3628212629675336,0.3674165900539097,50.15934650969575
2023-09-01,19435.30078125,19265.267196274235,0.37944930787270437,0.3638717536778604,170.03358497576482
2023-09-04,19528.80078125,19335.53706451818,0.3880152703996105,0.370309497615275,193.26371673182075
2023-09-05,19574.900390625,19412.078694980057,0.39223866640400895,0.3773218263669833,162.82169564494325
2023-09-06,19611.05078125,19467.193887519414,0.3955505689861134,0.38237118116864477,143.8568937305863
2023-09-07,19727.05078125,19511.590208254223,0.40617785939382567,0.3864385311124616,215.4605729957766
2023-09-08,19819.94921875,19592.146679598773,0.41468871002947405,0.3938186777952124,227.8025391512274
2023-09-11,19996.349609375,19682.659521720914,0.43084955640193767,0.4021109731302075,313.6900876540858
2023-09-12,19993.19921875,19814.80636628814,0.43056093471168255,0.4142175497998517,178.39285246186046
2023-09-13,20070.0,19896.662598922092,0.4375970054520526,0.4217167735574574,173.337401077908
2023-09-14,20103.099609375,19979.506644361118,0.4406294120142076,0.42930649536289067,123.59296501388235
2023-09-15,20192.349609375,20034.6998262203,0.4488060126080724,0.4343629951227459,157.64978315469853
2023-09-18,20133.30078125,20102.806264307997,0.443396279463939,0.44060253733130494,30.49451694200252
2023-09-20,19901.400390625,20112.164227757374,0.4221508243188199,0.44145986315200547,210.76383713237374
2023-09-21,19742.349609375,20017.209867250942,0.4075794549919469,0.43276066000907054,274.8602578759419
2023-09-22,19674.25,19887.266656429194,0.4013405383929822,0.4208559683029214,213.01665642919397
2023-09-25,19674.55078125,19779.949692180984,0.4013680943386111,0.4110241705034401,105.39891093098413
2023-09-26,19664.69921875,19715.71537620597,0.4004655476519108,0.4051393711068263,51.01615745597155
2023-09-27,19716.44921875,19682.32281432041,0.40520660177776513,0.4020801258256592,34.126404429589456
2023-09-28,19523.55078125,19691.815801155266,0.3875342938940889,0.4029498217560954,168.26501990526594
2023-09-29,19638.30078125,19607.868106583304,0.398047066086201,0.3952589896071801,30.432674666695675
2023-10-03,19528.75,19604.3696629005,0.3880106180971017,0.39493848118483355,75.61966290049895
2023-10-04,19436.099609375,19553.401938380768,0.37952249216986145,0.3902690948926659,117.30232900576812
2023-10-05,19545.75,19489.096096099263,0.3895680658292664,0.38437774264406155,56.65390390073662
2023-10-06,19653.5,19502.510641379813,0.3994395360140164,0.38560671047495654,150.98935862018698
2023-10-09,19512.349609375,19569.952728251214,0.3865081033214828,0.39178538843085775,57.60311887621356
2023-10-10,19689.849609375,19559.670022199865,0.4027696899367321,0.39084334271202303,130.17958717513466
2023-10-11,19811.349609375,19628.119509551012,0.41390086049308605,0.3971143132321926,183.23009982398798
2023-10-12,19794.0,19718.602498546334,0.4123113834474956,0.4054038735857368,75.39750145366634
2023-10-13,19751.05078125,19753.87356554409,0.4083766091333525,0.40863521730965946,2.822784294090525
2023-10-16,19731.75,19749.304463900822,0.4066083763105983,0.40821662101599254,17.554463900822157
2023-10-17,19811.5,19737.731884066132,0.4139146384659005,0.40715640406194353,73.7681159338681
2023-10-18,19671.099609375,19761.892988715575,0.4010519167027269,0.4093699133350537,90.79337934057548
2023-10-19,19624.69921875,19715.674440595,0.39680096475269955,0.4051356208083279,90.97522184500122
2023-10-20,19542.650390625,19673.262753699724,0.38928409644151984,0.40125009224524977,130.61236307472427
2023-10-23,19281.75,19608.956901858954,0.3653818186944726,0.39535873912087727,327.20690185895364
2023-10-25,19122.150390625,19455.924375378796,0.35076016871356264,0.3813387296318207,333.77398475379596
2023-10-26,18857.25,19288.69846405013,0.3264914326765942,0.36601839925781987,431.4484640501287
2023-10-27,19047.25,19073.925194425763,0.34389820144784733,0.34634203798099183,26.67519442576304
2023-10-30,19140.900390625,19030.238279071895,0.3524779419475679,0.34233967990786507,110.6621115531052
2023-10-31,19079.599609375,19057.81903434124,0.34686189708064186,0.34486647901054934,21.780575033761124
2023-11-01,18989.150390625,19053.941598844427,0.33857543057368544,0.34451124941518896,64.79120821942706
2023-11-02,19133.25,19020.519200237464,0.35177705468115117,0.34144927065554653,112.73079976253575
2023-11-03,19230.599609375,19058.20878089735,0.36069569752516406,0.344902185474663,172.39082847765167
2023-11-06,19411.75,19114.76877606866,0.3772917131169089,0.35008390525176925,296.9812239313396
2023-11-07,19406.69921875,19224.323210896524,0.3768289879519988,0.3601206879618426,182.37600785347604
2023-11-08,19443.5,19287.616984868608,0.38020047579315785,0.3659193200049584,155.8830151313923
2023-11-09,19395.30078125,19341.510807302573,0.37578472497349313,0.37085677950657425,53.789973947426915
2023-11-10,19425.349609375,19354.202377509155,0.3785376355156984,0.37201951228515373,71.14723186584524
2023-11-13,19443.55078125,19376.124079208275,0.38020512809566664,0.3740278596143589,67.42670204172464
2023-11-15,19675.44921875,19384.72260517707,0.4014504043060738,0.37481560989495066,290.72661357292964
2023-11-16,19765.19921875,19474.751373594565,0.4096728121861788,0.3830635570244454,290.44784515543506
2023-11-17,19731.80078125,19564.25899956062,0.4066130286131071,0.39126375991105045,167.5417816893787
2023-11-20,19694.0,19609.721230933974,0.40314992619946777,0.39542876280231964,84.27876906602614
2023-11-21,19783.400390625,19615.952940518062,0.411340304766147,0.395999678211687,167.44745010693805
2023-11-22,19811.849609375,19652.80489399819,0.4139466677793262,0.399375854174832,159.04471537681093
2023-11-23,19802.0,19691.32514080339,0.41304430002733783,0.40290487011772536,110.67485919660976
2023-11-24,19794.69921875,19712.83683739841,0.41237544207434707,0.40487565500460354,81.86238135159147
2023-11-28,19889.69921875,19729.220543096144,0.42107882645997363,0.4063766411977443,160.47867565385604
2023-11-29,20096.599609375,19779.73044469789,0.4400339172930856,0.411004084239009,316.86916467711126
2023-11-30,20133.150390625,19911.318562912533,0.44338250149112457,0.423059473432728,221.8318277124672
2023-12-01,20267.900390625,20009.8807879034,0.4557275651328423,0.43208920953797136,258.0196027216007
2023-12-04,20686.80078125,20115.566013447933,0.4941049453317734,0.4417715162937157,571.2347678020669
2023-12-05,20855.099609375,20323.920029339166,0.5095235705193772,0.4608597803841401,531.1795800358341
2023-12-06,20937.69921875,20515.422575027154,0.5170908984193059,0.4784042042362304,422.2766437228456
2023-12-07,20901.150390625,20663.433196866914,0.5137424931559789,0.4919641340786203,237.71719375808607
2023-12-08,20969.400390625,20745.756617193336,0.519995187727758,0.4995061590369396,223.64377343166416
2023-12-11,20997.099609375,20822.96767900168,0.5225328398115769,0.5065798174552594,174.13193037332167
2023-12-12,20906.400390625,20895.57113206229,0.5142234696615005,0.5132313517679994,10.829258562709583
2023-12-13,20926.349609375,20903.16986619755,0.5160511088085973,0.5139275065471924,23.17974317745029
2023-12-14,21182.69921875,20911.385153816802,0.5395364686769744,0.5146801466102326,271.3140649331981
2023-12-15,21456.650390625,21012.803286011866,0.5646343881687739,0.5239715254330319,443.84710461313443
2023-12-18,21418.650390625,21183.507264902135,0.5611530344145232,0.5396104974797464,235.14312572286508
2023-12-19,21453.099609375,21282.862827758447,0.5643090848625842,0.548712914894365,170.23678161655334
2023-12-20,21150.150390625,21356.288717215128,0.5365545217035683,0.555439796365923,206.1383265901277
2023-12-21,21255.05078125,21280.46725009968,0.546164926143692,0.5484934450713137,25.416468849678495
2023-12-22,21349.400390625,21269.267923302297,0.554808725270264,0.5474674235347046,80.13246732270272
2023-12-26,21441.349609375,21305.33814673597,0.5632326136359409,0.5507719816338486,136.01146263903138
2023-12-27,21654.75,21374.511928274853,0.5827831991901748,0.5571093080563776,280.23807172514717
2023-12-28,21778.69921875,21504.613231375526,0.5941387538752205,0.5690284833190731,274.0859873744739
2023-12-29,21731.400390625,21646.09331337135,0.5898054919577305,0.5819901205455953,85.30707725364846
2024-01-01,21741.900390625,21716.368970634834,0.5907674449687734,0.5884283948415601,25.531419990165887
2024-01-02,21665.80078125,21748.979627678822,0.5837956117899665,0.5914160062449458,83.178846428822
2024-01-03,21517.349609375,21728.868913413342,0.5701953211444422,0.5895735717552408,211.51930403834194
2024-01-04,21658.599609375,21654.695262064255,0.5831358795072814,0.582778184397593,3.9043473107449245
2024-01-05,21710.80078125,21661.99937945249,0.587918267551579,0.583447347989462,48.80140179751106
2024-01-08,21513.0,21695.971206206283,0.5697968335410952,0.5865596623738847,182.97120620628266
2024-01-09,21544.849609375,21644.857715960756,0.5727147218876498,0.5818769218170659,100.00810658575574
2024-01-10,21618.69921875,21628.02183724333,0.579480422278376,0.5803345099860391,9.322618493330083
2024-01-11,21647.19921875,21642.613526224894,0.582091437594064,0.5816713213338502,4.585692525106424
2024-01-12,21894.55078125,21650.042414080952,0.6047524452448305,0.5823519157187871,244.50836716904814
2024-01-15,22097.44921875,21749.641554187445,0.6233408988533096,0.5914766483590468,347.80766456255515
2024-01-16,22032.30078125,21891.901215145364,0.6173723526039889,0.6045097063788958,140.3995661046356
2024-01-17,21571.94921875,21959.71686109033,0.575197441014923,0.610722607789618,387.7676423403318
2024-01-18,21462.25,21832.40138174635,0.565147393987721,0.5990586545793974,370.1513817463492
2024-01-19,21622.400390625,21711.605326701734,0.5798195035573801,0.5879919756391807,89.20493607673416
2024-01-23,21238.80078125,21690.52640747574,0.5446761893408876,0.586060839465945,451.7256262257397
2024-01-24,21453.94921875,21530.01220165294,0.5643869214622499,0.5713553991224776,76.06298290293853
2024-01-25,21352.599609375,21510.99488308952,0.555101820328316,0.5696131356125684,158.39527371451913
2024-01-29,21737.599609375,21456.962698624266,0.5903734307332236,0.5646630001326087,280.6369107507344
2024-01-30,21522.099609375,21580.02125833719,0.5706304903637234,0.5759369574707474,57.921648962190375
2024-01-31,21725.69921875,21560.265252880545,0.5892831815337658,0.5741270194769186,165.43396586945528
2024-02-01,21697.44921875,21616.742908521133,0.5866950698611979,0.5793011957531196,80.70631022886664
2024-02-02,21853.80078125,21633.713921368642,0.6010191514162588,0.5808559878397015,220.08685988135767
2024-02-05,21771.69921875,21700.889268163497,0.5934974518678586,0.5870102285175265,70.80995058650296
2024-02-06,21929.400390625,21724.104257055304,0.6079451773088256,0.5891370597999839,205.2961335696964
2024-02-07,21930.5,21815.57587557763,0.6080459175516115,0.5975171930249858,114.92412442237037
2024-02-08,21717.94921875,21881.06596401437,0.5885731685970437,0.6035170394788134,163.11674526437127
2024-02-09,21782.5,21838.78683051665,0.5944869608245305,0.599643654738583,56.28683051664848
2024-02-12,21616.05078125,21837.67721561573,0.5792377868090728,0.5995419978438179,221.62643436573126
2024-02-13,21743.25,21763.78292077321,0.5908910888546794,0.5927722036130885,20.532920773210208
2024-02-14,21840.05078125,21758.480177927133,0.5997594510446553,0.5922863950942723,81.5706033228671
2024-02-15,21910.75,21793.420307645076,0.6062365297451262,0.5954874201407871,117.32969235492419
2024-02-16,22040.69921875,21841.036339534698,0.6181417718650535,0.599849742545562,199.66287921530238
2024-02-19,22122.25,21928.79458002839,0.6256130118247054,0.6078896762300132,193.45541997161126
2024-02-20,22196.94921875,22009.46441748075,0.6324565488150975,0.6152802089002651,187.48480126924915
2024-02-21,22055.05078125,22082.548072286605,0.6194565841279152,0.6219757366905994,27.49729103660502
2024-02-22,22217.44921875,22082.44915415807,0.6343346475509428,0.621966674348543,135.00006459193173
2024-02-23,22212.69921875,22141.842379424874,0.6338994783316616,0.6274079592895865,70.8568393251262
2024-02-26,22122.05078125,22192.78087969815,0.6255947604840937,0.6320746682149092,70.7300984481517
2024-02-27,22198.349609375,22186.576771547552,0.6325848450035119,0.6315062814990708,11.772837827447802
2024-02-28,21951.150390625,22224.031923270944,0.609937794260272,0.6349377192113932,272.8815326459444
2024-02-29,21982.80078125,22138.997738978163,0.6128374312662153,0.6271473487712009,156.1969577281634
2024-03-01,22338.75,22089.06793720065,0.6454475667666857,0.6225730513273289,249.68206279935112
2024-03-04,22405.599609375,22198.351620115536,0.65157196515005,0.6325850292166468,207.2479892594638
2024-03-05,22356.30078125,22289.181745977352,0.6470554740875991,0.6409063923658069,67.11903527264803
2024-03-06,22474.05078125,22319.518452497996,0.6578430899971519,0.6436856767641552,154.5323287520041
2024-03-07,22493.55078125,22385.896148417058,0.6596295741605174,0.6497668409980062,107.6546328329423
2024-03-11,22332.650390625,22430.31432724328,0.6448887536614982,0.6538361934615231,97.66393661827897
2024-03-12,22335.69921875,22407.363254105145,0.6451680707467362,0.6517335407080094,71.66403535514473
2024-03-13,21997.69921875,22391.96635076149,0.6142023452484018,0.6503229599906601,394.2671320114896
2024-03-14,22146.650390625,22268.357225230608,0.6278484431801663,0.6389985628004873,121.70683460560758
2024-03-15,22023.349609375,22242.862360235496,0.6165522948194633,0.6366628616435175,219.51275086049645
2024-03-18,22055.69921875,22190.44104861263,0.619515990452258,0.6318603055903329,134.74182986262895
2024-03-19,21817.44921875,22165.58893413532,0.5976888185588314,0.6295834897472636,348.1397153853213
2024-03-20,21839.099609375,22064.211371243375,0.5996723098399717,0.6202958276638253,225.11176186837474
2024-03-21,22011.94921875,21996.433299702905,0.6155078529062459,0.6140863686161075,15.51591904709494
2024-03-22,22096.75,22009.009104523837,0.6232768402264581,0.6152384955983725,87.74089547616313
2024-03-26,22004.69921875,22050.649219974217,0.6148436472557635,0.6190533369733886,45.950001224216976
2024-03-27,22123.650390625,22033.02150065573,0.6257413080131198,0.617438381004223,90.62888996926995
2024-03-28,22326.900390625,22064.894412165926,0.6443619698697367,0.6203584041659316,262.00597845907396
2024-04-01,22462.0,22155.348368340863,0.6567390628248801,0.6286453046900482,306.6516316591369
2024-04-02,22453.30078125,22266.668860588,0.6559420876181863,0.6388438839955637,186.63192066199917
2024-04-03,22434.650390625,22339.637448177604,0.6542334400544869,0.6455288699520751,95.0129424473962
2024-04-04,22514.650390625,22376.612255930457,0.6615626058529089,0.6489163011568932,138.03813469454326
2024-04-05,22513.69921875,22428.189008144942,0.6614754646482257,0.6536414832609447,85.51021060505809
2024-04-08,22666.30078125,22461.328080587267,0.675455991556486,0.6566775052151412,204.97270066273268
2024-04-09,22642.75,22538.284616139947,0.6732983968006903,0.6637278453193634,104.46538386005341
2024-04-10,22753.80078125,22581.25755432573,0.6834722666485102,0.6676647926794754,172.54322692427013
2024-04-12,22519.400390625,22647.880068092752,0.6619977750721906,0.6737683857958026,128.47967746775248
2024-04-15,22272.5,22609.53987276721,0.6393781013398672,0.6702558651922426,337.0398727672109
2024-04-16,22147.900390625,22492.3922368521,0.6279629613957669,0.6595234346108045,344.49184622710163
2024-04-18,21995.849609375,22375.22842933126,0.6140328940762554,0.648789522474621,379.37881995625867
2024-04-19,22147.0,22251.009986827743,0.6278804724935922,0.637409302970495,104.00998682774298
2024-04-22,22336.400390625,22233.156727021476,0.6452323083082991,0.6357736842059649,103.2436636035236
2024-04-23,22368.0,22305.79401700962,0.6481272930117339,0.6424283184743544,62.20598299038102
2024-04-24,22402.400390625,22364.518010759966,0.6512788700919978,0.647808292056127,37.88237986503373
2024-04-25,22570.349609375,22416.200172740282,0.6666654659661757,0.6525431312308101,154.14943663471786
2024-04-26,22419.94921875,22501.933045745805,0.6528865984781993,0.6603975117387175,81.98382699580543
2024-04-29,22643.400390625,22497.72535749871,0.6733579820597451,0.6600120261788296,145.67503312628833
2024-04-30,22604.849609375,22562.025537575606,0.6698261687167453,0.6659028596869792,42.824071799394005
2024-05-02,22648.19921875,22591.601776664036,0.6737976246468234,0.6686124741866404,56.59744208596385
2024-05-03,22475.849609375,22612.2378121853,0.6580078888667893,0.6705030357586088,136.38820281029984
2024-05-06,22442.69921875,22562.88092484215,0.654970830002126,0.6659812256257085,120.1817060921494
2024-05-07,22302.5,22514.229168417503,0.6421265385142754,0.6615240157604501,211.7291684175034
2024-05-08,22302.5,22439.981660197525,0.6421265385142754,0.6547218620371507,137.48166019752534
2024-05-09,21957.5,22398.714707026993,0.6105195110085793,0.6509412077648686,441.214707026993
2024-05-10,22055.19921875,22245.959014753727,0.6194701831660179,0.6369465603233244,190.7597960037274
2024-05-13,22104.05078125,22181.549679528518,0.6239456981794487,0.6310457266129281,77.49889827851803
2024-05-14,22217.849609375,22162.382361034714,0.6343713291668773,0.6292897209235246,55.46724834028646
2024-05-15,22200.55078125,22193.737887990483,0.6327865044237957,0.6321623441204711,6.8128932595172955
2024-05-16,22403.849609375,22208.9791992964,0.6514116396482093,0.6335586703398015,194.8704100786017
2024-05-17,22466.099609375,22291.227391660137,0.6571146467851066,0.6410938033204812,174.87221771486293
2024-05-21,22529.05078125,22367.22031006897,0.6628818914835672,0.6480558620520351,161.8304711810306
2024-05-22,22597.80078125,22442.20927651969,0.6691803933415865,0.654925944154156,155.59150473030968
2024-05-23,22967.650390625,22512.809164161088,0.7030640071864755,0.6613939226775785,454.8412264639119
2024-05-24,22957.099609375,22685.142163220757,0.7020974018729238,0.6771821367106743,271.95744615424337
2024-05-27,22932.44921875,22784.901407638936,0.6998390668743426,0.6863215372390015,147.54781111106422
2024-05-28,22888.150390625,22829.86109422367,0.6957806486742932,0.690440499704309,58.28929640132992
2024-05-29,22704.69921875,22832.879781416363,0.6789738479919591,0.6907170554409194,128.18056266636268
2024-05-30,22488.650390625,22759.82377305723,0.659180626968422,0.6840240604679815,271.1733824322291
2024-05-31,22530.69921875,22642.669641089153,0.6630329123803904,0.6732910347534282,111.97042233915272
2024-06-03,23263.900390625,22591.737766633985,0.730204824283758,0.6686249328495986,672.1626239910147
2024-06-04,21884.5,22831.75861223657,0.6038316472175189,0.6906143400058344,947.2586122365683
2024-06-05,22620.349609375,22530.576566706844,0.67124619459019,0.6630216756658929,89.77304266815554
2024-06-06,22821.400390625,22567.537741847078,0.6896653759612346,0.6664078579247341,253.862648777922
2024-06-07,23290.150390625,22680.10862612858,0.7326097068113653,0.676720991361911,610.0417644964182
2024-06-10,23259.19921875,22906.901086833273,0.7297741284322738,0.6974984856911217,352.29813191672656
2024-06-11,23264.849609375,23085.27762338201,0.7302917865537297,0.7138403758275473,179.57198599298863
2024-06-12,23322.94921875,23187.150579683028,0.7356145574278916,0.7231734231663671,135.7986390669721
2024-06-13,23398.900390625,23253.159629629357,0.7425727915685958,0.7292208140570293,145.74076099564263
2024-06-14,23465.599609375,23315.771076737245,0.7486834119791455,0.73495693501619,149.82853263775542
2024-06-18,23557.900390625,23365.492838228252,0.75713950859296,0.7395121729381551,192.40755239674763
2024-06-19,23516.0,23429.469483810386,0.7533008222190942,0.7453733659718849,86.53051618961399
2024-06-20,23567.0,23442.111232093088,0.7579731654155883,0.7465315343362076,124.88876790691211
2024-06-21,23501.099609375,23481.83162183471,0.7519357293021953,0.7501705008611366,19.26798754029005
2024-06-24,23537.849609375,23480.950608024086,0.7553025648408458,0.7500897871575269,56.89900135091375
2024-06-25,23721.30078125,23501.44583337686,0.7721093655231799,0.7519674484661085,219.8549478731402
2024-06-26,23868.80078125,23576.627481032803,0.785622514964021,0.7588551829744705,292.1733002171968
2024-06-27,24044.5,23684.46936976311,0.8017191237749215,0.7687350715059631,360.03063023689174
2024-06-28,24010.599609375,23803.421762912465,0.7986133539808977,0.7796328441498475,207.17784646253494
2024-07-01,24141.94921875,23896.069430705535,0.8106468922892398,0.7881207206260046,245.87978804446539
2024-07-02,24123.849609375,23997.547505296927,0.8089887043142892,0.7974175910458168,126.30210407807317
2024-07-03,24286.5,24079.46530007828,0.823889850315149,0.8049224547932374,207.03469992172177
2024-07-04,24302.150390625,24172.53601121704,0.825323654161408,0.8134490882046508,129.61437940796168
2024-07-05,24323.849609375,24258.297947120504,0.8273116188103449,0.8213061312975276,65.55166225449648
2024-07-08,24320.55078125,24306.19509220626,0.8270093980819875,0.8256942077675851,14.355689043739403
2024-07-09,24433.19921875,24345.245258590297,0.8373296365241212,0.8292717720661427,87.95396015970255
2024-07-10,24324.44921875,24391.097792623266,0.8273665517668907,0.8334725323687102,66.64857387326629
2024-07-11,24315.94921875,24395.406845479076,0.8265878279008085,0.8338673044038905,79.45762672907586
2024-07-12,24502.150390625,24389.207291725295,0.8436465686574637,0.8332993349371691,112.94309889970464
2024-07-15,24586.69921875,24434.63358557325,0.8513924733998441,0.8374610454274134,152.06563317674954
2024-07-16,24613.0,24507.785341926334,0.85380200822996,0.8441628123118823,105.21465807366621
2024-07-18,24800.849609375,24552.102802528243,0.8710117698834383,0.8482229375183381,248.74680684675695
2024-07-19,24530.900390625,24672.236232978463,0.8462804876162717,0.8592289103896242,141.3358423534628
2024-07-22,24509.25,24670.76634396519,0.844296996335131,0.8590942471360801,161.51634396519148
2024-07-23,24479.05078125,24661.23011097699,0.8415303078201115,0.8582205892277937,182.17932972699055
2024-07-24,24413.5,24640.5611651222,0.8355249010201444,0.8563270125896889,227.06116512219887
2024-07-25,24406.099609375,24604.143140864082,0.8348469173968478,0.8529905908667048,198.04353148908194
2024-07-26,24834.849609375,24577.866976106496,0.8741266653477677,0.8505833112660175,256.9826332685043
2024-07-29,24836.099609375,24681.4453789655,0.8742411835633679,0.8600726023621352,154.65423040949827
2024-07-30,24857.30078125,24752.800859400384,0.876183519860777,0.8666098041963017,104.49992184961593
2024-07-31,24951.150390625,24806.81432386262,0.8847815117011086,0.8715582246511884,144.33606676237832
2024-08-01,25010.900390625,24866.867491485413,0.8902554824068056,0.8770599699290369,144.03289913958724
2024-08-02,24717.69921875,24923.112867336502,0.8633939823947607,0.8822128659916271,205.41364858650195
2024-08-05,24055.599609375,24882.098957302926,0.80273600974251,0.8784553941581563,826.4993479279256
2024-08-06,23992.55078125,24672.10209694725,0.7969598183084556,0.8592166215744703,679.5513156972484
2024-08-07,24297.5,24497.245710722742,0.8248976106124319,0.8431972285050657,199.74571072274193
2024-08-08,24117.0,24465.981300401516,0.8083611802797417,0.8403329529196386,348.9813004015159
2024-08-09,24367.5,24395.42148446369,0.8313106306860518,0.8338686455482074,27.92148446369174
2024-08-12,24347.0,24422.85723485219,0.829432531950206,0.8363821600907253,75.85723485218841
2024-08-13,24139.0,24437.16003352123,0.8103767008743079,0.8376925048760613,298.1600335212315
2024-08-14,24143.75,24379.6297806664,0.8108118700935891,0.8324218953560834,235.87978066640062
2024-08-16,24541.150390625,24337.661367391112,0.8472195369841946,0.8285769771161922,203.48902323388756
2024-08-19,24572.650390625,24410.941386792605,0.8501053960173233,0.8352904947650066,161.70900383239496
2024-08-20,24698.849609375,24464.018688646946,0.8616670834904496,0.8401531490827987,234.83092072805448
2024-08-21,24770.19921875,24536.12492845842,0.8682037474499753,0.8467591314162874,234.07429029158084
2024-08-22,24811.5,24601.55148602033,0.8719875008672957,0.852753157516178,209.94851397967068
2024-08-23,24823.150390625,24654.98478083264,0.873054846423633,0.8576484259766206,168.16560979235874
2024-08-26,25010.599609375,24700.38895744008,0.8902279264611768,0.8618081102053303,310.21065193492177
2024-08-27,25017.75,24793.185250873652,0.8908830064413531,0.8703096029560016,224.56474912634803
2024-08-28,25052.349609375,24853.921434376538,0.8940528348622283,0.8758739224417023,198.42817499846205
2024-08-29,25151.94921875,24903.300611765422,0.9031776104943219,0.8803977746676128,248.64860698457778
2024-08-30,25235.900390625,24971.848277680852,0.9108687612148685,0.8866777397749759,264.05211294414767
2024-09-02,25278.69921875,25040.91699489346,0.914789757556197,0.8930054407741703,237.78222385653862
2024-09-03,25279.849609375,25109.269448774692,0.9148951501014919,0.8992675216144772,170.58016060030786
2024-09-04,25198.69921875,25169.29305780358,0.9074605917577749,0.9047665588943825,29.406160946418822
2024-09-05,25145.099609375,25196.810345422236,0.902550086459774,0.9072875434353824,51.71073604723642
2024-09-06,24852.150390625,25214.00955715075,0.8757116690255613,0.9088632418648881,361.8591665257518
2024-09-09,24936.400390625,25157.869385213726,0.8834301967570248,0.9037199840139081,221.46899458872576
2024-09-10,25041.099609375,25139.99348080338,0.8930221709218251,0.9020822906736556,98.8938714283795
2024-09-11,24918.44921875,25155.041247366302,0.8817856078201765,0.9034608853741009,236.59202861630183
2024-09-12,25388.900390625,25129.687469458015,0.9248857908043508,0.9011381098502735,259.2129211669853
2024-09-13,25356.5,25233.10349185627,0.9219174428690475,0.9106125245299002,123.3965081437309
2024-09-16,25383.75,25290.715504193788,0.9244139399691351,0.9158906244099307,93.03449580621236
2024-09-17,25418.55078125,25332.926382040194,0.9276021986653336,0.9197577559378465,85.62439920980614
2024-09-18,25377.55078125,25383.260354144793,0.923846001193642,0.9243690812734437,5.709572894793382
2024-09-19,25415.80078125,25401.515673225575,0.9273502585910129,0.9260415345265207,14.285108024425426
2024-09-20,25790.94921875,25417.142997766234,0.96171932230922,0.9274732251833238,373.80622098376625
2024-09-23,25939.05078125,25524.820414241916,0.9752875836413188,0.9373380456595239,414.2303670080837
2024-09-24,25940.400390625,25636.079167092743,0.9754112275272246,0.9475309687366418,304.32122353225714
2024-09-25,26004.150390625,25720.839140890617,0.9812516565228424,0.9552962174995734,283.3112497343827
2024-09-26,26216.05078125,25804.056793848835,1.0006648202183561,0.9629201671981529,411.9939874011652
2024-09-27,26178.94921875,25920.08220796875,0.9972657764315682,0.9735497859095961,258.8670107812504
2024-09-30,25810.849609375,25997.447351884523,0.9635424880885199,0.9806375604943149,186.5977425095225
2024-10-01,25796.900390625,25965.57373518755,0.9622645363763047,0.9777174727272218,168.67334456255048
2024-10-03,25250.099609375,25939.510853022675,0.9121696165702036,0.9753297329200825,689.4112436476753
2024-10-04,25014.599609375,25784.23103083295,0.890594384751098,0.9611038383953574,769.6314214579506
2024-10-07,24795.75,25611.33633291282,0.8705445713507312,0.9452641645612976,815.5863329128188
2024-10-08,25013.150390625,25435.418265915658,0.8904616151948861,0.9291475060617953,422.2678752906577
2024-10-09,24981.94921875,25367.731765453704,0.8876031331726744,0.9229464362592872,385.7825467037037
2024-10-10,24998.44921875,25319.33139203522,0.8891147736185989,0.9185122567406669,320.8821732852193
2024-10-11,24964.25,25287.727757307748,0.8859816268136582,0.9156169032562869,323.4777573077481
2024-10-14,25127.94921875,25257.26624649687,0.900978860754795,0.9128261849662451,129.31702774687074
2024-10-15,25057.349609375,25274.737968308,0.8945109077246298,0.9144268492904659,217.38835893299984
2024-10-16,24971.30078125,25265.02350060959,0.8866275811235289,0.9135368624854026,293.72271935959
2024-10-17,24749.849609375,25210.532538540218,0.8663394266869437,0.9085446962913781,460.6829291652175
2024-10-18,24854.05078125,25093.82140401906,0.8758857725002163,0.897852255598534,239.77062276906145
2024-10-21,24781.099609375,25034.675815331626,0.8692023820769526,0.8924336577768399,253.57620595662593
2024-10-22,24472.099609375,24970.950107015517,0.8408934791805465,0.8865954542534566,498.85049764051655
2024-10-23,24435.5,24828.996203415685,0.8375404216147107,0.8735904080632515,393.49620341568516
2024-10-24,24399.400390625,24711.253835240976,0.834233171335115,0.8628034913401097,311.8534446159756
2024-10-25,24180.80078125,24618.575763365745,0.8142062615778685,0.854312829406964,437.77498211574493
2024-10-28,24339.150390625,24472.497135254624,0.8287133933431783,0.8409298983440581,133.34674462962357
2024-10-29,24466.849609375,24427.290701295722,0.8404125026750251,0.8367883302235553,39.5589080792779
2024-10-30,24340.849609375,24433.22562278894,0.82886906654251,0.8373320555188604,92.37601341394111
2024-10-31,24205.349609375,24405.06284153183,0.8164552919714321,0.834751934354135,199.7132321568315
2024-11-01,24304.349609375,24346.181450988075,0.8255251346469794,0.8293575409324243,41.831841613075085
2024-11-04,23995.349609375,24342.593215606088,0.7972162317505733,0.8290288062819451,347.24360623108805
2024-11-05,24213.30078125,24228.794585867246,0.8171837351834774,0.8186031934695792,15.493804617246496
2024-11-06,24484.05078125,24236.99708020067,0.841988380682513,0.8193546614812075,247.05370104933172
2024-11-07,24199.349609375,24336.17430129075,0.8159056045365503,0.8284407401911575,136.82469191575
2024-11-08,24148.19921875,24304.599273787695,0.8112194833672415,0.825548007545412,156.40005503769498
2024-11-11,24141.30078125,24259.949736944767,0.8105874859648974,0.821457459316105,118.64895569476721
2024-11-12,23883.44921875,24216.237932374475,0.7869645253030877,0.8174528210280563,332.78871362447535
2024-11-13,23559.05078125,24095.900004279432,0.7572449011382549,0.8064281131924662,536.8492230294323
2024-11-14,23532.69921875,23911.86081895081,0.7548307140056301,0.7895674419089656,379.1616002008086
2024-11-18,23453.80078125,23780.275089676004,0.7476024673847055,0.7775122715769485,326.4743084260044
2024-11-19,23518.5,23665.74283939671,0.7535298586502945,0.7670194484324064,147.24283939670931
2024-11-21,23349.900390625,23617.525627558294,0.7380836775170623,0.7626020491836394,267.6252369332942
2024-11-22,23907.25,23539.055052814278,0.7891450237020032,0.7554130010261841,368.1949471857224
2024-11-25,24221.900390625,23659.26692462346,0.8179715847198652,0.766426160269037,562.6334660015382
2024-11-26,24194.5,23850.45957571926,0.8154613096469634,0.7839421932605493,344.0404242807417
2024-11-27,24274.900390625,23974.32435632014,0.8228271570613204,0.7952900121806625,300.5760343048605
2024-11-28,23914.150390625,24074.23748702912,0.7897772000390597,0.8044435109357322,160.08709640412053
2024-11-29,24131.099609375,24004.798945782906,0.8096529099647711,0.7980819286658061,126.30066359209377
2024-12-02,24276.05078125,24025.456954824727,0.8229325496066149,0.7999745033324663,250.5938264252727
2024-12-03,24457.150390625,24083.035054083703,0.8395239128958509,0.8052494962803045,374.11533654129744
2024-12-04,24467.44921875,24180.396411719008,0.8404674356315709,0.8141692154361626,287.05280703099197
2024-12-05,24708.400390625,24257.71002620377,0.8625420742315211,0.8212522691740889,450.6903644212289
2024-12-06,24677.80078125,24387.756713223596,0.8597387041005671,0.8331664408078872,290.0440680264037
2024-12-09,24619.0,24469.273524781725,0.8543516956648418,0.8406345686487404,149.72647521827457
2024-12-10,24610.05078125,24511.267722331675,0.8535318168150281,0.8444818491039314,98.78305891832497
2024-12-11,24641.80078125,24542.3706155926,0.856440579491277,0.8473313273729308,99.4301656573989
2024-12-12,24548.69921875,24569.680064284254,0.8479111196455935,0.8498332708394887,20.980845534253604
2024-12-13,24768.30078125,24566.630955206216,0.8680298229100323,0.8495539280148587,201.66982604378427
2024-12-16,24668.25,24643.949737052848,0.8588637133594956,0.8566374551584339,24.300262947152078
2024-12-17,24336.0,24678.37474581604,0.8284247716529227,0.8597912876189036,342.37474581603965
2024-12-18,24198.849609375,24594.077638111256,0.8158597972503101,0.8520684441352058,395.2280287362555
2024-12-19,23951.69921875,24495.348347123363,0.7932172198748668,0.8430234023500687,543.649128373363
2024-12-20,23587.5,24338.497817238316,0.7598512641514341,0.8286536081113451,750.9978172383162
2024-12-23,23753.44921875,24103.314109620205,0.7750546308806514,0.8071073532835851,349.8648908702053
2024-12-24,23727.650390625,24015.96755725078,0.7726910822714876,0.7991051362306336,288.3171666257804
2024-12-26,23750.19921875,23945.046549845843,0.7747568835200906,0.7926077384573598,194.8473310958434
2024-12-27,23813.400390625,23901.26255520521,0.7805470318616712,0.7885964865068791,87.86216458020863
2024-12-30,23644.900390625,23896.024241799794,0.7651099763987446,0.7881165806637245,251.12385117479425
2024-12-31,23644.80078125,23826.87101598502,0.7651008507284389,0.7817811374450716,182.07023473501977
2025-01-01,23742.900390625,23767.800311403804,0.7740882045018116,0.7763694000987547,24.89992077880379
2025-01-02,24188.650390625,23776.945217867997,0.8149254001848962,0.7772072067948439,411.7051727570033
2025-01-03,24004.75,23932.585438809765,0.7980774445188306,0.7914661190971601,72.16456119023496
2025-01-06,23616.05078125,23969.70675441512,0.7624669317696309,0.7948669725562503,353.6559731651214
2025-01-07,23707.900390625,23840.57527145102,0.7708816944650019,0.7830366469507497,132.67488082601994
2025-01-08,23688.94921875,23773.764687795843,0.7691454909556736,0.7769158238920226,84.8154690458432
2025-01-09,23526.5,23717.61831244423,0.754262775230137,0.7717719977178674,191.11831244422865
2025-01-10,23431.5,23635.340389924157,0.7455593908445104,0.7642341410216253,203.84038992415663
2025-01-13,23085.94921875,23552.446346303903,0.7139019037500651,0.7566398386541942,466.4971275539028
2025-01-14,23176.05078125,23369.374894435176,0.7221565198783078,0.7398678258578968,193.32411318517552
2025-01-15,23213.19921875,23295.5368901836,0.7255598580981808,0.7331031886655917,82.33767143360092
2025-01-16,23311.80078125,23271.07651918411,0.734593198092506,0.7308622622337644,40.7242620658908
2025-01-17,23203.19921875,23287.727512350688,0.7246437123733782,0.7323877358540927,84.5282936006879
2025-01-20,23344.75,23270.737769718617,0.7376118266818461,0.7308312278463054,74.01223028138338
2025-01-21,23024.650390625,23313.164280597604,0.7082860378178515,0.7347181145023136,288.5138899726044
2025-01-22,23155.349609375,23219.922599591224,0.7202599908671392,0.7261758177595719,64.57299021622384
2025-01-23,23205.349609375,23213.227328031586,0.724840719491153,0.725562433317996,7.877718656585785
2025-01-24,23092.19921875,23231.788656193563,0.7144744948280672,0.7272629214622219,139.58943744356293
2025-01-27,22829.150390625,23186.187378402778,0.6903753888979567,0.7230851798928646,357.03698777777754
2025-01-28,22957.25,23061.516776858345,0.702111179845738,0.711663536031512,104.26677685834511
2025-01-29,23163.099609375,23019.61322997536,0.7209700038038613,0.7078245604984199,143.486379399641
2025-01-30,23249.5,23062.007776588656,0.7288855386530997,0.7117085187618926,187.49222341134373
2025-01-31,23508.400390625,23130.437193808604,0.7526045872551863,0.7179776505655726,377.9631968163958
2025-02-01,23482.150390625,23259.060986814395,0.750199704727579,0.7297614643725903,223.0894038106053
2025-02-03,23361.05078125,23328.13788264895,0.7391052157871594,0.7360899146527375,32.91289860105098
2025-02-04,23739.25,23324.053657411616,0.7737537755253163,0.735715740103706,415.19634258838414
2025-02-05,23696.30078125,23461.253089954043,0.7698190012111732,0.7482852074606174,235.0476912959566
2025-02-06,23603.349609375,23526.304806231423,0.7613033193383039,0.7542448926364778,77.04480314357716
2025-02-07,23559.94921875,23533.72853320349,0.7573272111057177,0.7549250142092345,26.22068554650832
2025-02-10,23381.599609375,23532.35467884654,0.7409877878908022,0.7547991491296722,150.75506947153917
2025-02-11,23071.80078125,23464.04691240739,0.712605700697239,0.7485411623102667,392.24613115738975
2025-02-12,23045.25,23315.109068552323,0.7101732622240029,0.7348962854193501,269.85906855232315
2025-02-13,23031.400390625,23227.8743335317,0.7089044361820933,0.7269043124650054,196.47394290670127
2025-02-14,22929.25,23161.499049928607,0.6995459718162904,0.7208233692344506,232.24904992860684
2025-02-17,22959.5,23097.22354073063,0.7023173126338189,0.7149347959383257,137.72354073062888
2025-02-18,22945.30078125,23075.92672808879,0.7010164572784834,0.7129836975529511,130.6259468387907
2025-02-19,22932.900390625,23057.065272822172,0.6998804007927857,0.7112557133923441,124.16488219717212
2025-02-20,22913.150390625,23041.881437116273,0.6980710129863004,0.709864652775537,128.73104649127345
2025-02-21,22795.900390625,23031.501695986866,0.6873292043629877,0.7089137172295106,235.60130536186625
2025-02-24,22553.349609375,22967.842536848464,0.665108018234011,0.7030816105805917,414.4929274734641
2025-02-25,22547.55078125,22841.25539163461,0.6645767610744524,0.6914843833903255,293.70461038461144
2025-02-27,22545.05078125,22763.48934978731,0.6643477246432521,0.6843598807130016,218.43856853730904
2025-02-28,22124.69921875,22702.210045278076,0.6258373959533972,0.6787458034284992,577.510826528076
2025-03-03,22119.30078125,22510.39104573542,0.6253428204097731,0.6611723877918043,391.09026448542136
2025-03-04,22082.650390625,22386.064727403296,0.6219851105414287,0.6497822852897597,303.4143367782963
2025-03-05,22337.30078125,22286.19964539669,0.6453147972104738,0.6406331884960161,51.10113585331055
2025-03-06,22544.69921875,22312.438314175084,0.6643155163951142,0.6430370329186006,232.2609045749159
2025-03-07,22552.5,22417.135546286503,0.6650301816343454,0.6526288250783565,135.3644537134969
2025-03-10,22460.30078125,22477.88712856536,0.6565833896255484,0.6581945553163344,17.58634731535858
2025-03-11,22497.900390625,22471.506546387882,0.6600280617638645,0.6576100010079695,26.393844237118174
2025-03-12,22470.5,22479.972693097654,0.6575177866909623,0.6583856234193408,9.472693097653973
2025-03-13,22397.19921875,22463.513165130265,0.6508023669542731,0.6568776908013814,66.3139463802654
2025-03-17,22508.75,22422.156791900168,0.6610220440883332,0.6530888443485712,86.59320809983183
2025-03-18,22834.30078125,22444.47983653593,0.6908472397331724,0.6551339605393347,389.8209447140689
2025-03-19,22907.599609375,22574.84192787762,0.6975624805351501,0.6670770278052387,332.75768149737996
2025-03-20,23190.650390625,22691.23414701117,0.7234940568495778,0.6777402512011899,499.41624361382856
2025-03-21,23350.400390625,22878.36395084164,0.7381294848033024,0.6948840681774369,472.0364397833582
2025-03-24,23658.349609375,23051.572701572484,0.7663421208247192,0.7107525138254862,606.7769078025158
2025-03-25,23668.650390625,23267.09050990603,0.7672858224951511,0.7304970856978505,401.5598807189708
2025-03-26,23486.849609375,23411.53299995494,0.7506302216443517,0.7437301226716684,75.31660942006056
2025-03-27,23591.94921875,23426.557148176627,0.7602588774250865,0.7451065535878787,165.39207057337262
2025-03-28,23519.349609375,23472.54189424731,0.7536076952499606,0.7493194264397587,46.807715127688425
2025-04-01,23165.69921875,23480.81279948971,0.7212081659053677,0.7500771618875659,315.1135807397113
2025-04-02,23332.349609375,23358.71374861701,0.7364757701961484,0.7388911095416157,26.364139242010424
2025-04-03,23250.099609375,23351.558224503144,0.7289404716096455,0.7382355592590517,101.45861512814372
2025-04-04,22904.44921875,23329.217463131463,0.6972738588448946,0.736188819957101,424.76824438146286
2025-04-07,22161.599609375,23204.20198402367,0.6292180094648618,0.7247355802852236,1042.6023746486717
2025-04-08,22535.849609375,22848.064623369766,0.6635047632156061,0.692108208244661,312.2150139947662
2025-04-09,22399.150390625,22762.355018741986,0.650981122731437,0.684255959459233,363.204628116986
2025-04-11,22828.55078125,22668.474551380354,0.6903204559414109,0.6756551405776483,160.07622986964634
2025-04-15,23328.55078125,22777.587519916182,0.7361277421815504,0.6856514785421124,550.9632613338181
2025-04-16,23437.19921875,23040.78315998138,0.7460815223337633,0.7097640345853591,396.41605876862013
2025-04-17,23851.650390625,23225.94414436237,0.7840512892590421,0.7267274790094509,625.7062462626309
2025-04-21,24125.55078125,23499.32298499438,0.8091445564483328,0.7517729646191069,626.2277962556218
2025-04-22,24167.25,23753.65768440091,0.8129648125468758,0.7750737293721366,413.5923155990895
2025-04-23,24328.94921875,23895.700195325746,0.827778817343052,0.7880868932845406,433.2490234242541
2025-04-24,24246.69921875,24035.443213626553,0.8202435187565491,0.8008893901632728,211.2560051234468
2025-04-25,24039.349609375,24064.593913232697,0.8012472729397058,0.803560019045191,25.24430385769665
2025-04-28,24328.5,23986.644842400507,0.8277376623593209,0.7964187482456648,341.8551575994934
2025-04-29,24335.94921875,24057.167523511103,0.8284201193504142,0.802879653525775,278.78169523889665
2025-04-30,24334.19921875,24111.407555120644,0.8282597938485734,0.8078488308329999,222.79166362935575
2025-05-02,24346.69921875,24151.19550248997,0.8294049760045772,0.8114939866211086,195.50371626003107
2025-05-05,24461.150390625,24194.545147767505,0.8398903711857721,0.8154654458403818,266.6052428574949
2025-05-06,24379.599609375,24268.834719418413,0.8324191312261207,0.8222714531869226,110.76488995658656
2025-05-07,24414.400390625,24298.058188006784,0.8356073899223191,0.8249487487680371,116.3422026182161
2025-05-08,24273.80078125,24332.93649675188,0.8227264168185344,0.8281441101125544,59.13571550188135
2025-05-09,24008.0,24297.48183655206,0.7983751918793913,0.824895946575914,289.48183655205867
2025-05-12,24924.69921875,24155.58953021526,0.8823581988981781,0.8118965435926275,769.1096885347397
2025-05-13,24578.349609375,24461.39854830582,0.8506275275065762,0.8399131060456082,116.95106106917956
2025-05-14,24666.900390625,24511.097653424684,0.8587400694735894,0.8444662683137254,155.8027372003162
2025-05-15,25062.099609375,24577.816328590794,0.894946076943911,0.850578671215519,484.283280784206
2025-05-16,25019.80078125,24775.542211471395,0.8910708878888223,0.868693243443911,244.2585697786053
2025-05-19,24945.44921875,24878.475807719416,0.8842592012771442,0.8781234608580311,66.97341103058352
2025-05-20,24683.900390625,24921.184091052808,0.8602975172057541,0.8820361619769865,237.28370042780807
2025-05-21,24813.44921875,24807.308757964915,0.8721660777097473,0.87160352202009,6.140460785085452
2025-05-22,24609.69921875,24793.57823837056,0.8534996085668902,0.8703456063375208,183.87901962055912
2025-05-23,24853.150390625,24706.747632927818,0.8758032835980416,0.8623906575416804,146.4027576971821
2025-05-26,25001.150390625,24755.05407477631,0.8893622403251229,0.8668162315596735,246.0963158486884
2025-05-27,24826.19921875,24854.891418725245,0.8733341635088709,0.8759627871431215,28.692199975244876
2025-05-28,24752.44921875,24845.263689673033,0.8665775887884501,0.8750807468620472,92.81447092303279
2025-05-29,24833.599609375,24805.325160205426,0.8740121471321671,0.8714217955593815,28.274449169573927
2025-05-30,24750.69921875,24806.408680770444,0.8664172632866098,0.8715210618327192,55.709462020444334
2025-06-02,24716.599609375,24779.712597450933,0.8632932421519748,0.8690753115725041,63.11298807593266
2025-06-03,24542.5,24754.51388645992,0.8473431808701004,0.8667667424380083,212.0138864599212
2025-06-04,24620.19921875,24667.78145067828,0.8544615615779334,0.8588207874137004,47.582231928281544
2025-06-05,24750.900390625,24643.969794903107,0.8664356935619331,0.8566392927498103,106.93059572189304
2025-06-06,25003.05078125,24696.81071194067,0.8895363437997779,0.8614802907736723,306.24006930932956
2025-06-09,25103.19921875,24836.86939473418,0.8987114000859082,0.8743117071199509,266.3298240158183
2025-06-10,25104.25,24950.439897078584,0.8988076669608971,0.8847164201386037,153.81010292141582
2025-06-11,25141.400390625,25017.85042947704,0.9022111841154821,0.8908922072449565,123.54996114796086
2025-06-12,24888.19921875,25070.505685636635,0.879014267002648,0.8957161960268574,182.30646688663546
2025-06-13,24718.599609375,24961.43340559368,0.8634764712969354,0.8857235857212731,242.83379621868153
2025-06-16,24946.5,24829.35569302986,0.8843554681521331,0.8736233425505648,117.14430697014177
2025-06-17,24853.400390625,24855.624431745113,0.8758261872411615,0.8760299418175592,2.2240411201128154
2025-06-18,24812.05078125,24831.17914718198,0.8720379604560444,0.8737903975231494,19.128365931981534
2025-06-19,24793.25,24819.56296453465,0.8703155349195304,0.8727261859160611,26.312964534648927
2025-06-20,25112.400390625,24785.37562631965,0.8995543615135537,0.8695941275412549,327.0247643053517
2025-06-23,24971.900390625,24917.70853880877,0.8866825140800747,0.8817177507440161,54.191851816231065
2025-06-24,25044.349609375,24935.604199206347,0.8933199182823859,0.8833572540205925,108.7454101686526
2025-06-25,25244.75,24978.500075387685,0.9116795143943766,0.8872871413781127,266.2499246123152
2025-06-26,25549.0,25080.332406070396,0.9395532480715014,0.8966164668182797,468.66759392960375
2025-06-27,25637.80078125,25300.808475015256,0.9476886936816349,0.9168152876167952,336.9923062347443
2025-06-30,25517.05078125,25473.456596273594,0.9366262340546412,0.9326323714354017,43.59418497640581
2025-07-01,25541.80078125,25479.668188455344,0.938893694723528,0.9332014437975544,62.132592794656375
2025-07-02,25453.400390625,25471.039533526302,0.9307949307293291,0.9324109332651502,17.639142901301966
2025-07-03,25405.30078125,25414.201481636464,0.9263883055799698,0.9272037394406507,8.90070038646445
2025-07-04,25461.0,25350.026664757894,0.9314911656932365,0.9213243910283204,110.97333524210626
2025-07-07,25461.30078125,25355.851380636504,0.9315187216388654,0.9218580198833586,105.44940061349553
2025-07-08,25522.5,25371.387888660716,0.9371254619007738,0.9232813904238328,151.11211133928373
2025-07-09,25476.099609375,25432.599227399067,0.9328745099507467,0.9288892410532925,43.500381975933124
2025-07-10,25355.25,25446.007933483277,0.9218029246534474,0.9301176739287114,90.75793348327716
2025-07-11,25149.849609375,25397.87740862435,0.9029852556790556,0.925708216470509,248.0277992493502
2025-07-14,25082.30078125,25264.641512432743,0.8967967986688399,0.9135018668018884,182.34073118274318
2025-07-15,25195.80078125,25159.245508606007,0.9071950526453516,0.9038460569701721,36.555272643992794
2025-07-16,25212.05078125,25168.212953687835,0.9086837894481559,0.9046676056175842,43.83782756216533
2025-07-17,25111.44921875,25199.073469203944,0.8994672203088705,0.9074948785531134,87.62425045394411
2025-07-18,24968.400390625,25167.879300675082,0.8863618630763936,0.904637038139464,199.47891005008205
2025-07-21,25090.69921875,25083.30109284041,0.8975662179299044,0.8968884417875425,7.398125909588998
2025-07-22,25060.900390625,25090.13106378558,0.8948362110308195,0.8975141666557367,29.23067316057859
2025-07-23,25219.900390625,25073.790203296132,0.9094029280551836,0.8960171057080359,146.11018732886805
2025-07-24,25062.099609375,25143.61093640804,0.894946076943911,0.9024137023223433,81.51132703304029
2025-07-25,24837.0,25105.873174075336,0.8743236724655425,0.89895637335987,268.87317407533556
2025-07-28,24680.900390625,24966.607231606158,0.8600226734883136,0.8861975835794931,285.70684098115817
2025-07-29,24821.099609375,24820.370127815797,0.8728669649761638,0.8728001338349853,0.7294815592031227
2025-07-30,24855.05078125,24805.63960312903,0.8759773870726966,0.8714506031133971,49.41117812096854
2025-07-31,24768.349609375,24821.495649590735,0.8680342962778289,0.8729032480312136,53.14604021573541
2025-08-01,24565.349609375,24786.81217219885,0.8494365380643323,0.8697257360778263,221.46256282385002
2025-08-04,24722.75,24652.678993058482,0.8638567075596708,0.8574371822154607,70.07100694151814
2025-08-05,24649.55078125,24671.47368468175,0.8571505924279992,0.8591590498534252,21.922903431750456
2025-08-06,24574.19921875,24649.531475191176,0.8502472912438404,0.8571488237116738,75.33225644117556
2025-08-07,24596.150390625,24598.222095107405,0.8522583384706099,0.852448136791071,2.071704482405039
2025-08-08,24363.30078125,24580.125379639285,0.8309259210555193,0.8507902139401617,216.8245983892848
2025-08-11,24585.05078125,24449.497133525147,0.851241452503021,0.8388227630185663,135.55364772485336
2025-08-12,24487.400390625,24505.420157046276,0.8422952537133794,0.8439461269102593,18.019766421275563
2025-08-13,24619.349609375,24489.208363115373,0.8543837249782673,0.8424608903401409,130.14124625962722
2025-08-14,24631.30078125,24538.975563669148,0.8554786264802339,0.8470202911424154,92.32521758085204
2025-08-18,24876.94921875,24574.232356417207,0.8779836030622452,0.850250327137055,302.7168623327925
2025-08-19,24980.650390625,24701.974066488783,0.8874841415892771,0.861953329293162,278.67632413621686
2025-08-20,25050.55078125,24828.78978673239,0.8938880359925909,0.873571497287059,221.7609945176082
2025-08-21,25083.75,24929.871119542702,0.8969295682250513,0.8828320203782123,153.87888045729778
2025-08-22,24870.099609375,24983.56924462156,0.8773560790276973,0.8877515511503045,113.46963524656167
2025-08-25,24967.75,24882.372729853232,0.8863022778173393,0.8784804757133096,85.37727014676784
2025-08-26,24712.05078125,24893.99038635844,0.8628765032080163,0.8795448223472568,181.93960510844045
2025-08-28,24500.900390625,24747.911685426603,0.8435320504418631,0.8661618846129124,247.01129480160307
2025-08-29,24426.849609375,24575.354266823586,0.8367479197758139,0.8503531104792963,148.50465744858593
2025-09-01,24625.05078125,24460.056142532598,0.8549060354022322,0.8397901221145994,164.99463871740227
2025-09-02,24579.599609375,24517.791651320913,0.8507420457221764,0.8450795360691721,61.80795805408707
2025-09-03,24715.05078125,24552.367622871552,0.8631513469254573,0.8482471989208744,162.68315837844784
2025-09-04,24734.30078125,24646.13764532457,0.8649149274457029,0.8568378994393735,88.16313592543156
2025-09-05,24741.0,24701.7997073113,0.8655286735074357,0.8619373554516587,39.20029268869985
2025-09-08,24773.150390625,24729.376340648298,0.8684741177996191,0.8644637769252734,43.77404997670237
2025-09-09,24868.599609375,24762.92941332324,0.8772186571689768,0.8675377273337876,105.67019605176029
2025-09-10,24973.099609375,24814.59562994342,0.8867923799931663,0.8722711056811188,158.50397943158168
2025-09-11,25005.5,24889.948497239347,0.8897607279284696,0.8791745264035986,115.55150276065251
2025-09-12,25114.0,24945.44450611081,0.8997009090425798,0.8842587695307194,168.55549388919098
2025-09-15,25069.19921875,25018.66015398685,0.8955965046215788,0.8909663898097493,50.539064763150236
2025-09-16,25239.099609375,25022.944418502062,0.9111618562729202,0.8913588908717032,216.15519087293796
2025-09-17,25330.25,25104.37385820633,0.9195125603414402,0.8988190141775185,225.87614179366938
2025-09-18,25423.599609375,25183.376696059437,0.9280647448955317,0.9060568253921593,240.22291331556335
2025-09-19,25327.05078125,25271.89981136715,0.919219465283388,0.9141668327556982,55.150969882848585
2025-09-22,25202.349609375,25268.95635227119,0.9077950207342702,0.9138971690090083,66.60674289619055
2025-09-23,25169.5,25201.69799502884,0.9047855178152353,0.9077353233645249,32.19799502884052
2025-09-24,25056.900390625,25150.855327437992,0.8944697527408982,0.9030773941094321,93.95493681299195
2025-09-25,24890.849609375,25070.93298796823,0.8792570814066634,0.8957553431472862,180.08337859323
2025-09-26,24654.69921875,24949.153655223447,0.857622264328503,0.8845985816409392,294.45443647344655
2025-09-29,24634.900390625,24762.65548168281,0.8558084031542206,0.8675126312036612,127.7550910578102
2025-09-30,24611.099609375,24677.020097163335,0.853627904755305,0.859667182061725,65.92048778833487
2025-10-01,24836.30078125,24640.474170832844,0.8742596138386911,0.8563190426450611,195.8266104171562
2025-10-03,24894.25,24758.383400388488,0.8795686067400388,0.8671212463022806,135.86659961151236
2025-10-06,25077.650390625,24852.92833728165,0.8963707551198643,0.8757829402759227,224.72205334335013
2025-10-07,25108.30078125,25000.556232681913,0.8991787775533269,0.8893078067991811,107.74454856808734
2025-10-08,25046.150390625,25079.159726871756,0.8934848960867352,0.8965090323148395,33.00933624675599
2025-10-09,25181.80078125,25069.740312065293,0.9059124486306274,0.8956460766543313,112.06046918470747
2025-10-10,25285.349609375,25124.612710695434,0.9153990302501331,0.900673187995799,160.73689867956637
2025-10-13,25227.349609375,25191.02572010096,0.9100853850462773,0.9067575874596148,36.323889274040994
2025-10-14,25145.5,25183.10986074826,0.9025867680757085,0.9060323793892031,37.60986074825996
2025-10-15,25323.55078125,25138.77176681023,0.918898814279707,0.9019703638684804,184.77901443976953
2025-10-16,25585.30078125,25198.164015967177,0.9428789286264203,0.9074115593836363,387.13676528282303
2025-10-17,25709.849609375,25369.02262184093,0.9542894162680116,0.9230646975153365,340.8269875340702
2025-10-20,25843.150390625,25521.101783885017,0.9665017103535176,0.9369973649291647,322.04860673998337
2025-10-21,25868.599609375,25650.10024812346,0.9688332296492559,0.9488155040809823,218.49936125153909
2025-10-23,25891.400390625,25718.733647582856,0.9709221134756911,0.955103323630323,172.66674304214393
2025-10-24,25795.150390625,25762.642388471493,0.9621042108744644,0.9591260041549827,32.50800215350682
2025-10-27,25966.05078125,25721.278055177623,0.9777611770982861,0.9553364284443331,244.77272607237683
2025-10-28,25936.19921875,25796.635716844015,0.9750263389619807,0.962240288401013,139.5635019059846
2025-10-29,26053.900390625,25821.346384829238,0.9858094815037364,0.9645041456841812,232.55400579576235
2025-10-30,25877.849609375,25907.59903791957,0.9696806644446985,0.9724061456223418,29.749428544568218
2025-10-31,25722.099609375,25855.877734616322,0.955411694780895,0.967667720532092,133.7781252413224
2025-11-03,25763.349609375,25744.087466652032,0.9591907958957069,0.9574261029250877,19.262142722967837
2025-11-04,25597.650390625,25720.853724689707,0.944010332809609,0.9552975535880923,123.20333406470672
2025-11-06,25509.69921875,25617.28137543275,0.9359527237991416,0.945808817090138,107.58215668275079
2025-11-07,25492.30078125,25537.820904688728,0.9343587733857543,0.9385290800338428,45.52012343872775
2025-11-10,25574.349609375,25509.16298434086,0.941875641696934,0.935903596912999,65.18662503414089
2025-11-11,25694.94921875,25546.397399261496,0.9529243233511131,0.9393148119175063,148.5518194885044
2025-11-12,25875.80078125,25648.29685758544,0.9694929619319412,0.9486502872278264,227.50392366456072
2025-11-13,25879.150390625,25792.77434911353,0.9697998349628076,0.9618865308471956,86.37604151147025
2025-11-14,25910.05078125,25844.84764229254,0.972630761039391,0.966657203339431,65.20313895745858
2025-11-17,26013.44921875,25876.254040447406,0.9821035646860821,0.9695344870795342,137.1951783025943
2025-11-18,25910.05078125,25939.18606145822,0.972630761039391,0.9752999772797597,29.13528020821832
2025-11-19,26052.650390625,25903.281976365488,0.9856949632881362,0.9720106398736938,149.36841425951206
2025-11-20,26192.150390625,25969.855353861265,0.9984751961491349,0.9781097313915377,222.29503676373497
2025-11-21,26068.150390625,26072.11201376204,0.9871149891615805,0.9874779315716082,3.9616231370382593
2025-11-24,25959.5,26049.003115991367,0.9771610300746556,0.9853608197818577,89.50311599136694
2025-11-25,25884.80078125,25983.788753909692,0.9703174930842635,0.9793862338801709,98.98797265969188
2025-11-26,26205.30078125,25879.811402943316,0.9996799635641931,0.9698603933237544,325.48937830668365
2025-11-27,26215.55078125,26012.701326637478,1.000619012932116,0.9820350468699319,202.8494546125221
2025-11-28,26202.94921875,26088.98913182018,0.999464526171095,0.9890241215272042,113.96008692981923
2025-12-01,26175.75,26119.002319345418,0.996972681373516,0.9917737668710991,56.74768065458193
2025-12-02,26032.19921875,26117.991183557206,0.9838213379200875,0.9916811320981427,85.79196480720566
2025-12-03,25986.0,26036.177683163794,0.9795888162453832,0.9841858232364851,50.17768316379443
2025-12-04,26033.75,25976.25915792544,0.9839634120813165,0.9786964131631246,57.49084207455962
2025-12-05,26186.44921875,25969.84695964085,0.9979528857251705,0.978108962358623,216.6022591091496
2025-12-08,25960.55078125,26061.175227025196,0.9772572969496449,0.9864759625304045,100.62444577519636
2025-12-09,25839.650390625,25982.63163961322,0.9661810593498366,0.979280225348589,142.9812489882206
2025-12-10,25758.0,25891.105980366072,0.9587006937198794,0.9708951412056857,133.1059803660719
2025-12-11,25898.55078125,25801.224575164837,0.9715771934558675,0.9626606946942478,97.326206085163
2025-12-12,26046.94921875,25849.006623011002,0.9851726528641713,0.9670382265799067,197.94259573899762
2025-12-15,26027.30078125,25953.31166870559,0.9833725696627036,0.9765940887487521,73.98911254440827
2025-12-16,25860.099609375,25982.788381785733,0.9680545057831738,0.9792945852157133,122.68877241073278
2025-12-17,25818.55078125,25914.4143616609,0.964248027657445,0.9730305285932188,95.86358041089989
2025-12-18,25815.55078125,25858.929640045375,0.9639731839400045,0.9679473195432251,43.37885879537498
2025-12-19,25966.400390625,25821.54859606856,0.9777932064117121,0.9645226711804227,144.85179455644175
2025-12-22,26172.400390625,25894.54772296731,0.9966658083426496,0.9712104549826852,277.8526676576912
2025-12-23,26177.150390625,26031.612051278487,0.9971009775619308,0.9837675448232102,145.53833934651266
2025-12-24,26142.099609375,26092.580748041546,0.9938898152226125,0.9893531659118378,49.51886133345397
2025-12-26,26042.30078125,26103.70836797482,0.9847467882499077,0.9903726180547479,61.40758672482116
2025-12-29,25942.099609375,26061.62052032191,0.9755669007265564,0.986516757885411,119.52091094691059
2025-12-30,25938.849609375,25969.16392302989,0.9752691533659956,0.9780463862515216,30.314313654889702
2025-12-31,26129.599609375,25912.137215319875,0.9927446330666088,0.9728219088047105,217.4623940551246
2026-01-01,26146.55078125,25989.273641286098,0.9942976074309768,0.9798887294922627,157.2771399639023
2026-01-02,26328.55078125,26043.742368193663,1.0109714596223875,0.9848788586214445,284.8084130563366
2026-01-05,26250.30078125,26193.25447973209,1.0038026193258058,0.9985763468006612,57.04630151790843
2026-01-06,26178.69921875,26208.794073060926,0.9972428727884484,0.9999999999999998,30.094854310926166
2026-01-07,26140.75,26172.192677575345,0.9937661713367063,0.9966467788004068,31.442677575345442
2026-01-08,25876.849609375,26120.687180506644,0.9695890498722182,0.9919281247060734,243.83757113164393
2026-01-09,25683.30078125,25937.268746766866,0.9518571567294873,0.9751243233140012,253.96796551686566
2026-01-12,25790.25,25750.650953926594,0.9616552636823685,0.9580274140057263,39.5990460734065
2026-01-13,25732.30078125,25746.830944045607,0.9563462707810213,0.9576774454336097,14.530162795606884
2026-01-14,25665.599609375,25728.12605750024,0.9502354714357593,0.9559638052494639,62.526448125241586
2026-01-16,25694.349609375,25702.09346022785,0.9528693903945673,0.9535788399798022,7.743850852850301
2026-01-19,25585.5,25698.09008907804,0.9428971799670316,0.9532120728434326,112.59008907803945
2026-01-20,25232.5,25626.146339333103,0.9105572358814931,0.9466209769679221,393.64633933310324
2026-01-21,25157.5,25404.24426530361,0.9036861429454721,0.9262915133232228,246.7442653036087
2026-01-22,25289.900390625,25254.050051724345,0.9158159481288035,0.9125315346571468,35.850338900654606
2026-01-23,25048.650390625,25262.03779389526,0.893713932517936,0.9132633282412177,213.3874032702588
2026-01-27,25175.400390625,25158.65235833557,0.9053260795798115,0.9037917157617292,16.74803228942983
2026-01-28,25342.75,25187.613740886365,0.9206577424974436,0.9064450004425584,155.13625911363488
2026-01-29,25418.900390625,25284.07169397201,0.9276342279787595,0.9152819545768225,134.82869665298858
2026-01-30,25320.650390625,25385.073457210157,0.9186330962325717,0.9245351879356398,64.42306658515736
2026-02-02,25088.400390625,25353.61944073218,0.8973556117740269,0.9216535416632221,265.2190501071782
2026-02-03,25727.55078125,25173.627920439114,0.9559111015617396,0.9051636954814974,553.922860810886
2026-02-04,25776.0,25450.699055412944,0.9603497560245244,0.9305474490587506,325.3009445870557
2026-02-05,25642.80078125,25613.1108231428,0.948146766544036,0.9454267337250879,29.689958107199345
2026-02-06,25693.69921875,25613.643047255686,0.9528098051355129,0.9454754932096534,80.05617149431419
2026-02-09,25867.30078125,25640.733742473003,0.9687142380658587,0.9479573956701814,226.56703877699692
2026-02-10,25935.150390625,25733.84489381325,0.9749302510217033,0.9564877339933646,201.30549681175034
2026-02-11,25953.849609375,25802.758419373804,0.9766433719531997,0.9628012171757037,151.09119000119608
2026-02-12,25807.19921875,25847.38314672706,0.9632080591120247,0.9668894924942213,40.1839279770611
2026-02-13,25471.099609375,25759.342616510046,0.9324164370883452,0.9588236969574526,288.24300713504635
2026-02-16,25682.75,25530.854254031285,0.9518066971407386,0.9378908333122415,151.89574596871535
2026-02-17,25725.400390625,25559.183671609004,0.9557140944439648,0.9404862207922398,166.2167190159962
2026-02-18,25819.349609375,25599.730203147457,0.9643212119546025,0.9442008739446932,219.61940622754264
2026-02-19,25454.349609375,25695.567124815163,0.9308818929993004,0.952980932551106,241.21751544016297
2026-02-20,25571.25,25530.624511043225,0.9415916723091875,0.9378697855066103,40.62548895677537
2026-02-23,25713.0,25514.60104652565,0.9545780379582671,0.9364018026551799,198.39895347434867
2026-02-24,25424.650390625,25616.901773936275,0.928161011770521,0.9457740400613257,192.25138331127528
2026-02-25,25482.5,25498.613391201183,0.9334608790015626,0.9349371004476665,16.11339120118282
2026-02-26,25496.55078125,25471.033521511334,0.9347481353187954,0.9324103824769694,25.517259738666326
2026-02-27,25178.650390625,25472.077848014145,0.9056238269403722,0.9325060580030542,293.4274573891453
2026-03-02,24865.69921875,25308.959442700543,0.876952939121842,0.9175620350365834,443.26022395054315
2026-03-04,24480.5,25092.21793559258,0.841663077376323,0.8977053545241562,611.71793559258
2026-03-05,24765.900390625,24758.019195101162,0.8678099121491372,0.8670878797905874,7.88119552383796
2026-03-06,24450.44921875,24765.82752600881,0.8389099878994062,0.867803236688476,315.3783072588085
2026-03-09,24028.05078125,24599.19817565593,0.8002121356315055,0.8525375599932301,571.1473944059289
2026-03-10,24261.599609375,24308.186178647502,0.8216086116734476,0.8258766203006707,46.58656927250195
2026-03-11,23866.849609375,24310.70837258157,0.7854437591868575,0.8261076900196527,443.85876320656826
2026-03-12,23639.150390625,24087.817064885618,0.7645831926069826,0.805687598155518,448.6666742606176
2026-03-13,23151.099609375,23880.626643031195,0.7198706289340977,0.7867059362353162,729.5270336561953
2026-03-16,23408.80078125,23497.114321725945,0.7434798116230927,0.7515706188780162,88.31354047594505
2026-03-17,23581.150390625,23454.16829832345,0.7592695474031268,0.7476361373042686,126.98209230155044
2026-03-18,23777.80078125,23525.870122371587,0.7772855888683157,0.7542050692604951,251.93065887841294
2026-03-19,23002.150390625,23732.63869493665,0.7062247099370451,0.7731480836384008,730.4883043116497
2026-03-20,23114.5,23348.85239079621,0.7165175713682619,0.7379876654607884,234.3523907962117
2026-03-23,22512.650390625,23254.73733146756,0.6613793767079483,0.7293653545364378,742.0869408425606
2026-03-24,22912.400390625,22805.750491506955,0.6980023020569399,0.6882316171441756,106.64989911804514
2026-03-25,23306.44921875,22836.479420040596,0.7341029169819666,0.6910468347945622,469.96979870940413
2026-03-27,22819.599609375,23097.658562747616,0.6895003981568852,0.7149746502944316,278.0589533726161
2026-03-30,22331.400390625,22942.600556919515,0.6447742354458981,0.7007690773808453,611.2001662945149
2026-04-01,22679.400390625,22595.13702684191,0.6766561066690351,0.6689363546202969,84.26336378309134
2026-04-02,22713.099609375,22656.812322356724,0.6797434461877356,0.6745867104514816,56.2872870182764
2026-04-06,22968.25,22664.542522079828,0.7031189401430213,0.675294909394301,303.7074779201721
2026-04-07,23123.650390625,22819.917498861752,0.7173558804933988,0.6895295214663102,303.7328917632476
2026-04-08,23997.349609375,22962.86850784297,0.7973994608955339,0.7026259170397491,1034.4811015320302
2026-04-09,23775.099609375,23555.14569698796,0.7770381221617921,0.7568871385130882,219.95391238704178
2026-04-10,24050.599609375,23713.707283572265,0.802277936880109,0.7714136904798046,336.8923258027353
2026-04-13,23842.650390625,23984.275954612312,0.7832267581067194,0.7962017236036958,141.6255639873125
2026-04-15,24231.30078125,23947.68152249689,0.8188327974881224,0.7928491403502826,283.61925875311135
2026-04-16,24196.75,24119.752678881574,0.8156674424350439,0.8086133657786527,76.99732111842604
2026-04-17,24353.55078125,24173.76501302802,0.8300326789738366,0.8135616826801411,179.7857682219801
2026-04-20,24364.849609375,24258.4515028055,0.8310678162820364,0.8213201992359604,106.39810656950067
2026-04-21,24576.599609375,24326.355944568466,0.8504672020047355,0.8275412356375866,250.24366480653407
2026-04-22,24378.099609375,24426.55225652151,0.8322817093674002,0.8367206779212657,48.45264714651057
2026-04-23,24173.05078125,24424.300403790174,0.8134962486411459,0.8365143753959956,251.24962254017373
2026-04-24,23897.94921875,24292.099926068597,0.7882929366040516,0.8244028851478447,394.1507073185967
2026-04-27,24092.69921875,24061.641200057227,0.806134874594586,0.8032895074899635,31.058018692772748
2026-04-28,23995.69921875,24041.791549311725,0.7972482610639993,0.8014709902230315,46.09233056172525
2026-04-29,24177.650390625,24027.625937094646,0.8139176398876129,0.8001732137158422,150.02445353035364
2026-04-30,23997.55078125,24059.944639761314,0.7974178911708572,0.8031340778437663,62.39385851131374
2026-05-04,24119.30078125,24028.220504759265,0.8085719653703312,0.8002276847782468,91.08027649073483
2026-05-05,24032.80078125,24082.457377404462,0.8006473048507872,0.8051965726783037,49.65659615446202
2026-05-06,24330.94921875,24097.671749403853,0.8279620464880126,0.8065904308645842,233.27746934614697
2026-05-07,24326.650390625,24204.916471606666,0.8275682111871745,0.8164156102399611,121.73391901833384
2026-05-08,24176.150390625,24305.512946656894,0.8137802180288924,0.8256317132947106,129.3625560318942
2026-05-11,23815.849609375,24230.937037791555,0.7807714159903634,0.8187994732866846,415.08742841655476
2026-05-12,23379.55078125,24022.344171571087,0.7408000853780445,0.7996893270254601,642.7933903210869
2026-05-13,23412.599609375,23625.541716264164,0.7438278396376907,0.7633364397233915,212.94210688916428
2026-05-14,23689.599609375,23531.312373977522,0.769205076214728,0.7547036588147027,158.28723539747807
2026-05-15,23643.5,23615.64776216392,0.7649816802103298,0.762430009348358,27.85223783607944
2026-05-18,23649.94921875,23651.93611536019,0.7655725226289427,0.7657545513124477,1.986896610189433
2026-05-19,23618.0,23628.973372744273,0.7626455086120825,0.763650829464716,10.973372744272638
2026-05-20,23659.0,23656.0806954983,0.766401706083774,0.7661342552499113,2.919304501698207
2026-05-21,23654.69921875,23667.472831086503,0.7660076918482239,0.7671779408814616,12.773612336502993
2026-05-22,23719.30078125,23717.171722212926,0.7719261363782197,0.7717310835447526,2.1290590370736027
2026-05-25,24031.69921875,23735.44649658109,0.8005463856732893,0.7734053191856656,296.2527221689088
2026-05-26,23913.69921875,23951.578391186315,0.7897358661206162,0.793206150309276,37.87917243631455
2026-05-27,23907.150390625,23952.554084091367,0.7891358980316976,0.7932955379976445,45.40369346636726
2026-05-29,23547.75,23954.5566706396,0.7562095848953427,0.7934790041081154,406.80667063959845
2026-06-01,23382.599609375,23732.48885611184,0.7410794024632825,0.7731343562185249,349.8892467368387
2026-06-02,23483.55078125,23544.008036328436,0.7503280009159938,0.7558667664933358,60.45725507843599
2026-06-03,23405.599609375,23507.28139810382,0.743186537630329,0.7525020712337496,101.68178872881981
2026-06-04,23416.55078125,23450.009363558693,0.7441898245598149,0.7472551182738221,33.45858230869271
2026-06-05,23366.69921875,23416.63712077718,0.7396226949739038,0.7441977345186859,49.937902027180826
2026-06-08,23123.0,23384.699668105983,0.7172962952343445,0.7412717984461048,261.6996681059827
2026-06-09,23242.099609375,23251.517855404185,0.728207555029803,0.7290704036132809,9.418246029184957
2026-06-10,23214.94921875,23299.39319399711,0.7257201836000211,0.7334564822908207,84.44397524711167
2026-06-11,23161.599609375,23316.660859400105,0.7208325819451409,0.7350384520744482,155.06125002510453
2026-06-12,23622.900390625,23271.514238319574,0.7630944558041783,0.7309023636852265,351.38615230542564
2026-06-15,23853.900390625,23503.000090253365,0.7842574220471226,0.7521098410453739,350.90030037163524
2026-06-16,23989.150390625,23691.749971869125,0.7966482929750802,0.7694020807553048,297.40041875587485
2026-06-17,24085.69921875,23865.865808811006,0.8054935725872243,0.7853536287187814,219.833409938994
2026-06-18,24168.0,24025.138366072468,0.8130335234762358,0.7999453159601309,142.86163392753224
2026-06-19,24013.099609375,24144.492811465556,0.7988423904120985,0.8108799224484395,131.39320209055586
2026-06-22,24102.900390625,24098.72989896273,0.8070694505947122,0.8066873727840409,4.170491662269342
2026-06-23,23824.099609375,24121.888482350812,0.7815272362133256,0.8088090365003888,297.7888729758124
2026-06-24,24021.650390625,23940.707852451833,0.7996257665806896,0.7922102505504862,80.94253817316712
2026-06-25,24056.0,23964.206504862173,0.8027726913584445,0.7943630695449222,91.79349513782654
2026-06-29,23946.25,24003.305159007086,0.7927179920287342,0.7979450760289628,57.05515900708633
2026-06-30,23865.75,23972.414802142408,0.7853430189440715,0.795115069191042,106.664802142408
2026-07-01,24005.849609375,23943.71492714308,0.7981781847616165,0.792485742412741,62.13468223192103
2026-07-02,24175.69921875,24001.973272679887,0.8137388841104494,0.7978230558325039,173.72594607011342
2026-07-03,24270.849609375,24122.955249241546,0.8224560464688901,0.8089067678930195,147.89436013345403
2026-07-06,24430.349609375,24225.593425191902,0.8370685707794949,0.8183099205028672,204.7561841830975
2026-07-07,24398.69921875,24359.89945014177,0.8341689337735516,0.8306143095601748,38.799768608230806
2026-07-08,23882.05078125,24391.96575897526,0.7868364080493848,0.8335520507349756,509.91497772526054
2026-07-09,23962.80078125,24138.7228747048,0.7942342847771673,0.8103513121588646,175.92209345479932
2026-07-10,24206.900390625,24047.292731294663,0.8165973661326611,0.8019749786585344,159.6076593303369
2026-07-13,24211.0,24161.6310318522,0.816972950092888,0.8124500331822346,49.36896814779902
2026-07-14,24052.05078125,24181.25446905106,0.8024108853710323,0.8142478259918018,129.20368780105855
2026-07-15,24078.5,24081.89408228988,0.8048340192392509,0.8051449666372015,3.3940822898803162
2026-07-16,24072.75,24039.044202449993,0.8043072354474894,0.8012192932148385,33.70579755000654
2026-07-17,24334.30078125,24044.301670672994,0.828269098453591,0.8017009539184177,289.9991105770059
2026-07-20,24238.5,24206.934788074104,0.8194923508360958,0.8166005174402551,31.56521192589571
2026-07-21,24187.69921875,24270.11024758383,0.8148382589802126,0.8223883101544842,82.41102883383064
2026-07-22,23996.25,24249.35479714249,0.797298720652748,0.8204868084356647,253.10479714248868
2026-07-23,23869.599609375,24136.089323786073,0.7856956992611781,0.8101100405173403,266.4897144110728
2026-07-24,23767.44921875,24009.00922514488,0.7763372348953756,0.7984676516095759,241.56000639488047
2026-07-27,23995.94921875,23915.778797197727,0.7972711647071191,0.7899263858110441,80.17042155227318
2026-07-28,23985.349609375,23965.870112071665,0.7963000860257707,0.7945154802081948,19.479497303334938
2026-07-29,24250.19921875,24005.26198594166,0.8205641697602302,0.7981243498919912,244.93723280834092
2026-07-30,24317.150390625,24158.1475819452,0.8266978727486121,0.8121308984082483,159.0028086798011
2026-07-31,24383.599609375,24258.580966888054,0.8327855895160419,0.8213320600325351,125.01864248694619
2026-08-03,24774.30078125,24318.001363544572,0.8685795103449137,0.8267758342688307,456.2994177054279
2026-08-04,24614.900390625,24600.941466083077,0.853976111704615,0.8526972708004223,13.958924541922897
2026-08-05,24624.650390625,24621.600562835432,0.8548693537862977,0.8545899451172179,3.0498277895676438
2026-08-06,24636.0,24640.475716473815,0.8559091433970065,0.8563191842482982,4.475716473814828
2026-08-07,24570.650390625,24660.821134596496,0.8499221668723627,0.85818312103154,90.17074397149554
2026-08-10,24583.80078125,24635.674976180635,0.8511269342874208,0.8558793664787496,51.874194930634985
2026-08-11,24471.69921875,24607.35819791246,0.840856797564612,0.8532851369436918,135.65897916246104
2026-08-12,24435.94921875,24538.25976573201,0.8375815765984418,0.8469547136204223,102.31054698201115
2026-08-13,24395.849609375,24464.598413236567,0.8339078680289254,0.8402062603032332,68.74880386156656
2026-08-14,24366.0,24424.817876704095,0.8311732088273314,0.8365617834557748,58.8178767040954
2026-08-18,24154.900390625,24381.64121348365,0.8118334083636867,0.8326061719137086,226.74082285865006
