Date,Predicted_Price,Predicted_Normalized,Actual_Price,Actual_Normalized,Absolute_Error
2023-09-08 19:44:19.428481,19474.324,0.9411194,19497.30078125,0.9462916343153194,22.9765625
2023-09-11 19:44:19.428481,19437.232,0.93276995,19331.80078125,0.9090369513204188,105.431640625
2023-09-12 19:44:19.428481,19373.816,0.9184949,19355.900390625,0.9144618655655337,17.916015625
2023-09-13 19:44:19.428481,19310.387,0.90421647,19439.400390625,0.9332580349315411,129.013671875
2023-09-14 19:44:19.428481,19340.643,0.91102713,19384.30078125,0.9208549021194057,43.658203125
2023-09-15 19:44:19.428481,19331.504,0.90897006,19413.75,0.9274840338957122,82.24609375
2023-09-18 19:44:19.428481,19304.713,0.9029395,19564.5,0.9614184354756596,259.787109375
2023-09-19 19:44:19.428481,19299.387,0.90174025,19711.44921875,0.9944972666592222,412.0625
2023-09-20 19:44:19.428481,19229.309,0.8859655,19749.25,1.0030063670968556,519.94140625
2023-09-21 19:44:19.428481,19304.38,0.90286463,19833.150390625,1.0218926659239416,528.76953125
2023-09-22 19:44:19.428481,19423.59,0.9296991,19979.150390625,1.0547578243363618,555.560546875
2023-09-25 19:44:19.428481,19214.582,0.88265055,19745.0,1.002049675841699,530.41796875
2023-09-26 19:44:19.428481,19197.465,0.87879723,19672.349609375,0.9856957950429677,474.884765625
2023-09-27 19:44:19.428481,19221.035,0.884103,19680.599609375,0.9875529015970943,459.564453125
2023-09-28 19:44:19.428481,19040.518,0.8434679,19778.30078125,1.009545809067991,737.783203125
2023-09-29 19:44:19.428481,19025.375,0.84005946,19659.900390625,0.982893428287285,634.525390625
2023-10-02 19:44:19.428481,19089.93,0.8545911,19646.05078125,0.9797758282457818,556.12109375
2023-10-03 19:44:19.428481,18997.098,0.83369416,19753.80078125,1.0040307653617977,756.703125
2023-10-04 19:44:19.428481,19024.207,0.83979625,19733.55078125,0.9994724129107593,709.34375
2023-10-05 19:44:19.428481,19069.637,0.850023,19526.55078125,0.9528759211890407,456.9140625
2023-10-06 19:44:19.428481,18965.248,0.82652444,19381.650390625,0.9202582890526556,416.40234375
2023-10-09 19:44:19.428481,19024.94,0.83996123,19517.0,0.9507260038003857,492.060546875
2023-10-10 19:44:19.428481,19051.334,0.8459026,19597.30078125,0.9688020167895801,545.966796875
2023-10-11 19:44:19.428481,19033.541,0.84189767,19570.849609375,0.9628477568315934,537.30859375
2023-10-12 19:44:19.428481,18956.746,0.8246109,19632.55078125,0.9767369266117565,675.8046875
2023-10-13 19:44:19.428481,18920.238,0.8163926,19543.099609375,0.9566011256949865,622.861328125
2023-10-16 19:44:19.428481,19014.021,0.8375036,19428.30078125,0.9307594704080802,414.279296875
2023-10-17 19:44:19.428481,19025.064,0.83998936,19434.55078125,0.9321663693127209,409.486328125
2023-10-18 19:44:19.428481,18977.043,0.82917947,19465.0,0.9390206049137704,487.95703125
2023-10-19 19:44:19.428481,19038.725,0.8430645,19365.25,0.9165664983956954,326.525390625
2023-10-20 19:44:19.428481,18996.344,0.8335244,19310.150390625,0.9041633655835599,313.806640625
2023-10-23 19:44:19.428481,18905.305,0.8130309,19393.599609375,0.9229481038959668,488.294921875
2023-10-24 19:44:19.428481,18974.906,0.8286988,19396.44921875,0.9235895618653021,421.54296875
2023-10-25 19:44:19.428481,19072.932,0.85076445,19444.0,0.9342934245941756,371.068359375
2023-10-26 19:44:19.428481,19053.924,0.8464858,19386.69921875,0.9213947995740619,332.775390625
2023-10-27 19:44:19.428481,19062.428,0.8483998,19265.80078125,0.8941800988874067,203.373046875
2023-10-30 19:44:19.428481,19027.342,0.84050196,19306.05078125,0.9032405278332969,278.708984375
2023-10-31 19:44:19.428481,18970.44,0.82769316,19342.650390625,0.9114792398876941,372.2109375
2023-11-01 19:44:19.428481,19092.621,0.85519665,19347.44921875,0.9125594744529146,254.828125
2023-11-02 19:44:19.428481,19017.27,0.8382346,19253.80078125,0.8914788529904958,236.53125
2023-11-03 19:44:19.428481,19090.215,0.85465497,19435.30078125,0.9323351971812781,345.0859375
2023-11-06 19:44:19.428481,19019.49,0.8387348,19528.80078125,0.9533824047947115,509.310546875
2023-11-07 19:44:19.428481,19023.277,0.8395869,19574.900390625,0.963759603184164,551.623046875
2023-11-08 19:44:19.428481,19090.389,0.85469407,19611.05078125,0.9718971943797912,520.662109375
2023-11-09 19:44:19.428481,19011.545,0.8369462,19727.05078125,0.9980092380499328,715.505859375
2023-11-10 19:44:19.428481,19137.887,0.8653862,19819.94921875,1.0189210316437944,682.0625
2023-11-13 19:44:19.428481,19141.596,0.86622113,19996.349609375,1.0586294342595708,854.75390625
2023-11-14 19:44:19.428481,19297.45,0.9013044,19993.19921875,1.0579202692804501,695.75
2023-11-15 19:44:19.428481,19342.732,0.9114978,20070.0,1.075208418883045,727.267578125
2023-11-16 19:44:19.428481,19279.963,0.89736813,20103.099609375,1.0826592675508437,823.13671875
2023-11-17 19:44:19.428481,19172.678,0.87321776,20192.349609375,1.1027497839091214,1019.671875
2023-11-20 19:44:19.428481,19236.512,0.88758725,20133.30078125,1.0894576668516156,896.7890625
2023-11-21 19:44:19.428481,19177.342,0.87426776,19901.400390625,1.0372560019626245,724.05859375
2023-11-22 19:44:19.428481,19131.018,0.8638398,19742.349609375,1.0014530627749498,611.33203125
2023-11-23 19:44:19.428481,19031.832,0.84151286,19674.25,0.9861235802411605,642.41796875
2023-11-24 19:44:19.428481,19170.62,0.8727543,19674.55078125,0.986191287250946,503.931640625
2023-11-27 19:44:19.428481,19094.63,0.8556492,19664.69921875,0.9839736628525055,570.068359375
2023-11-28 19:44:19.428481,19190.512,0.87723225,19716.44921875,0.9956227857829352,525.9375
2023-11-29 19:44:19.428481,19151.236,0.8683912,19523.55078125,0.9522006097148128,372.314453125
2023-11-30 19:44:19.428481,19052.646,0.84619826,19638.30078125,0.9780312736040266,585.654296875
2023-12-01 19:44:19.428481,19017.62,0.8383133,19528.75,0.9533709737411118,511.130859375
2023-12-04 19:44:19.428481,19027.84,0.840614,19436.099609375,0.9325150164475278,408.259765625
2023-12-05 19:44:19.428481,19304.951,0.9029929,19545.75,0.9571977387617356,240.798828125
2023-12-06 19:44:19.428481,19259.717,0.8928105,19653.5,0.9814526758777515,393.783203125
2023-12-07 19:44:19.428481,19310.584,0.9042608,19512.349609375,0.9496791830841516,201.765625
2023-12-08 19:44:19.428481,19138.494,0.86552304,19689.849609375,0.989635111975963,551.35546875
2023-12-11 19:44:19.428481,19204.592,0.8804018,19811.349609375,1.01698522668219,606.7578125
2023-12-12 19:44:19.428481,19144.865,0.8669569,19794.0,1.0130797632540873,649.134765625
2023-12-13 19:44:19.428481,19183.117,0.8755676,19751.05078125,1.0034117298437555,567.93359375
2023-12-14 19:44:19.428481,19194.47,0.87812346,19731.75,0.9990670501638603,537.279296875
2023-12-15 19:44:19.428481,19096.46,0.85606116,19811.5,1.0170190801870826,715.0390625
2023-12-18 19:44:19.428481,19092.012,0.8550593,19671.099609375,0.9854144152620399,579.087890625
2023-12-19 19:44:19.428481,19161.28,0.8706519,19624.69921875,0.9749695098628011,463.419921875
2023-12-20 19:44:19.428481,19118.607,0.8610465,19542.650390625,0.9565000048362156,424.04296875
2023-12-21 19:44:19.428481,19111.871,0.85953015,19281.75,0.8977703290296888,169.87890625
2023-12-22 19:44:19.428481,19109.963,0.8591005,19122.150390625,0.8618438465319502,12.1875
2023-12-25 19:44:19.428481,19063.936,0.8487393,18857.25,0.8022137554264535,206.685546875
2023-12-26 19:44:19.428481,19162.73,0.87097853,19047.25,0.8449834821275481,115.48046875
2023-12-27 19:44:19.428481,19190.287,0.8771817,19140.900390625,0.8660645432458742,49.38671875
2023-12-28 19:44:19.428481,19270.96,0.8953416,19079.599609375,0.8522655029267896,191.361328125
2023-12-29 19:44:19.428481,19459.469,0.9377753,18989.150390625,0.8319050378411839,470.318359375
2024-01-01 19:44:19.428481,19450.248,0.9357001,19133.25,0.8643424110554121,316.998046875
2024-01-02 19:44:19.428481,19585.535,0.9661533,19230.599609375,0.8862561804629228,354.935546875
2024-01-03 19:44:19.428481,19537.887,0.9554278,19411.75,0.9270338262462272,126.13671875
2024-01-04 19:44:19.428481,19541.896,0.9563305,19406.69921875,0.9258968760689137,135.197265625
2024-01-05 19:44:19.428481,19464.266,0.93885535,19443.5,0.9341808726818042,20.765625
2024-01-08 19:44:19.428481,19683.424,0.98818845,19395.30078125,0.9233310441915736,288.123046875
2024-01-09 19:44:19.428481,19638.348,0.9780418,19425.349609375,0.9300951503315447,212.998046875
2024-01-10 19:44:19.428481,19698.943,0.99168223,19443.55078125,0.9341923037354047,255.392578125
2024-01-11 19:44:19.428481,19735.895,1.0000002,19675.44921875,0.9863935289684886,60.4453125
2024-01-12 19:44:19.428481,19518.967,0.9511687,19765.19921875,1.0065965972391369,246.232421875
2024-01-15 19:44:19.428481,19568.36,0.9622871,19731.80078125,0.99907848121746,163.44140625
2024-01-16 19:44:19.428481,19581.506,0.9652464,19694.0,0.9905693807798266,112.494140625
2024-01-17 19:44:19.428481,19504.285,0.94786376,19783.400390625,1.010693750642997,279.115234375
2024-01-18 19:44:19.428481,19429.523,0.93103474,19811.849609375,1.0170977785945605,382.326171875
2024-01-19 19:44:19.428481,19461.754,0.9382898,19802.0,1.0148805938520282,340.24609375
2024-01-22 19:44:19.428481,19547.742,0.9576461,19794.69921875,1.013237160069044,246.95703125
2024-01-23 19:44:19.428481,19454.541,0.9366662,19889.69921875,1.0346220234195909,435.158203125
2024-01-24 19:44:19.428481,19533.545,0.9544503,20096.599609375,1.0811960926900173,563.0546875
2024-01-25 19:44:19.428481,19596.145,0.9685418,20133.150390625,1.089423813346723,537.005859375
2024-01-26 19:44:19.428481,19483.693,0.9432284,20267.900390625,1.1197565537307885,784.20703125
2024-01-29 19:44:19.428481,19567.855,0.96217364,20686.80078125,1.2140526338466464,1118.9453125
2024-01-30 19:44:19.428481,19516.002,0.95050114,20855.099609375,1.2519373437572816,1339.09765625
2024-01-31 19:44:19.428481,19476.828,0.941683,20937.69921875,1.2705308317498392,1460.87109375
2024-02-01 19:44:19.428481,19487.867,0.94416827,20901.150390625,1.2623035507490417,1413.283203125
2024-02-02 19:44:19.428481,19387.543,0.9215848,20969.400390625,1.2776668867877246,1581.857421875
2024-02-05 19:44:19.428481,19402.625,0.92497987,20997.099609375,1.2839020868707318,1594.474609375
2024-02-06 19:44:19.428481,19400.277,0.92445105,20906.400390625,1.2634853458289403,1506.123046875
2024-02-07 19:44:19.428481,19458.967,0.9376623,20926.349609375,1.2679759912701924,1467.3828125
2024-02-08 19:44:19.428481,19355.203,0.9143049,21182.69921875,1.3256812688117772,1827.49609375
2024-02-09 19:44:19.428481,19335.666,0.90990704,21456.650390625,1.3873487253935584,2120.984375
2024-02-12 19:44:19.428481,19483.072,0.9430887,21418.650390625,1.3787947800533389,1935.578125
2024-02-13 19:44:19.428481,19418.889,0.92864054,21453.099609375,1.3865494309533584,2034.2109375
2024-02-14 19:44:19.428481,19355.242,0.9143135,21150.150390625,1.3183544031099506,1794.908203125
2024-02-15 19:44:19.428481,19228.281,0.88573426,21255.05078125,1.3419678822566312,2026.76953125
2024-02-16 19:44:19.428481,19289.164,0.89943904,21349.400390625,1.363206340189914,2060.236328125
2024-02-19 19:44:19.428481,19183.145,0.8755738,21441.349609375,1.3839044610126332,2258.205078125
2024-02-20 19:44:19.428481,19237.814,0.8878805,21654.75,1.431941705143886,2416.935546875
2024-02-21 19:44:19.428481,19213.863,0.8824889,21778.69921875,1.459843148358369,2564.8359375
2024-02-22 19:44:19.428481,19337.191,0.91025037,21731.400390625,1.4491960012415883,2394.208984375
2024-02-23 19:44:19.428481,19191.176,0.8773815,21741.900390625,1.4515595914013857,2550.724609375
2024-02-26 19:44:19.428481,19188.674,0.87681836,21665.80078125,1.4344292782696555,2477.126953125
2024-02-27 19:44:19.428481,19122.432,0.8619072,21517.349609375,1.4010123516930713,2394.91796875
2024-02-28 19:44:19.428481,19089.39,0.8544695,21658.599609375,1.4328082669379634,2569.208984375
2024-02-29 19:44:19.428481,18991.562,0.8324482,21710.80078125,1.444558950383072,2719.23828125
2024-03-01 19:44:19.428481,19097.77,0.85635585,21513.0,1.4000332379866225,2415.23046875
2024-03-04 19:44:19.428481,19174.445,0.87361544,21544.849609375,1.4072027068734925,2370.404296875
2024-03-05 19:44:19.428481,19151.977,0.86855763,21618.69921875,1.4238265363995528,2466.72265625
2024-03-06 19:44:19.428481,19195.984,0.8784639,21647.19921875,1.430241995404717,2451.21484375
2024-03-07 19:44:19.428481,19207.473,0.8810503,21894.55078125,1.485921778179526,2687.078125
2024-03-08 19:44:19.428481,19201.646,0.8797385,22097.44921875,1.5315949924950734,2895.802734375
2024-03-11 19:44:19.428481,19123.889,0.86223525,22032.30078125,1.5169298300378196,2908.412109375
2024-03-12 19:44:19.428481,19070.771,0.8502781,21571.94921875,1.4133029325928352,2501.177734375
2024-03-13 19:44:19.428481,19154.363,0.869095,21462.25,1.388609218880935,2307.88671875
2024-03-14 19:44:19.428481,19170.61,0.87275237,21622.400390625,1.4246596843446446,2451.791015625
2024-03-15 19:44:19.428481,19277.23,0.896753,21238.80078125,1.3383099451045637,1961.5703125
2024-03-18 19:44:19.428481,19272.861,0.8957693,21453.94921875,1.3867406812732086,2181.087890625
2024-03-19 19:44:19.428481,19240.629,0.88851374,21352.599609375,1.363926496566727,2111.970703125
2024-03-20 19:44:19.428481,19262.596,0.89345855,21737.599609375,1.4505914690926294,2475.00390625
2024-03-21 19:44:19.428481,19290.992,0.89985055,21522.099609375,1.4020815948605985,2231.107421875
2024-03-22 19:44:19.428481,19157.72,0.8698508,21725.69921875,1.4479126456470106,2567.978515625
2024-03-25 19:44:19.428481,19134.89,0.86471194,21697.44921875,1.4415534625980322,2562.55859375
2024-03-26 19:44:19.428481,19192.557,0.8776924,21853.80078125,1.4767487973212643,2661.244140625
2024-03-27 19:44:19.428481,19116.576,0.8605892,21771.69921875,1.458267421585171,2655.123046875
2024-03-28 19:44:19.428481,19053.055,0.8462903,21929.400390625,1.493766558540624,2876.345703125
2024-03-29 19:44:19.428481,19089.572,0.8545105,21930.5,1.494014084816659,2840.927734375
2024-04-01 19:44:19.428481,19011.994,0.8370473,21717.94921875,1.4461680910052555,2705.955078125
2024-04-02 19:44:19.428481,19023.555,0.8396494,21782.5,1.4606987187547538,2758.9453125
2024-04-03 19:44:19.428481,18981.992,0.83029383,21616.05078125,1.4232303629887109,2634.05859375
2024-04-04 19:44:19.428481,19071.271,0.8503906,21743.25,1.4518633936336065,2671.978515625
2024-04-05 19:44:19.428481,19117.807,0.86086625,21840.05078125,1.4736536197310541,2722.244140625
2024-04-08 19:44:19.428481,19002.965,0.8350145,21910.75,1.489568284277993,2907.78515625
2024-04-09 19:44:19.428481,18974.24,0.8285486,22040.69921875,1.5188203504409308,3066.458984375
2024-04-10 19:44:19.428481,19030.924,0.8413083,22122.25,1.5371777432110538,3091.326171875
2024-04-11 19:44:19.428481,19014.424,0.8375942,22196.94921875,1.5539928230569626,3182.525390625
2024-04-12 19:44:19.428481,19036.137,0.8424818,22055.05078125,1.5220509420507136,3018.9140625
2024-04-15 19:44:19.428481,19044.13,0.8442814,22217.44921875,1.558607451464186,3173.318359375
2024-04-16 19:44:19.428481,19060.516,0.8479697,22212.69921875,1.5575382082966587,3152.18359375
2024-04-17 19:44:19.428481,18992.338,0.8326227,22122.05078125,1.5371328983084678,3129.712890625
2024-04-18 19:44:19.428481,19049.19,0.84542006,22198.349609375,1.554308056342784,3149.16015625
2024-04-19 19:44:19.428481,19115.346,0.86031216,21951.150390625,1.4986625667287758,2835.8046875
2024-04-22 19:44:19.428481,19053.615,0.8464162,21982.80078125,1.5057871907130607,2929.185546875
2024-04-23 19:44:19.428481,19058.023,0.8474085,22338.75,1.5859127212678268,3280.7265625
2024-04-24 19:44:19.428481,19053.227,0.8463289,22405.599609375,1.6009608240206883,3352.373046875
2024-04-25 19:44:19.428481,19141.482,0.8661954,22356.30078125,1.5898634692544227,3214.818359375
2024-04-26 19:44:19.428481,19184.508,0.8758809,22474.05078125,1.6163694446178645,3289.54296875
2024-04-29 19:44:19.428481,19094.318,0.8555786,22493.55078125,1.6207589692003448,3399.232421875
2024-04-30 19:44:19.428481,19047.312,0.8449976,22332.650390625,1.5845396758680788,3285.337890625
2024-05-01 19:44:19.428481,19055.977,0.84694785,22335.69921875,1.5852259787399992,3279.72265625
2024-05-02 19:44:19.428481,19081.426,0.8526766,21997.69921875,1.5091408859769992,2916.2734375
2024-05-03 19:44:19.428481,19146.666,0.8673622,22146.650390625,1.542670364465954,2999.984375
2024-05-06 19:44:19.428481,19130.195,0.8636548,22023.349609375,1.5149148870128282,2893.154296875
2024-05-07 19:44:19.428481,19214.416,0.88261336,22055.69921875,1.5221969078120705,2841.283203125
2024-05-08 19:44:19.428481,19118.297,0.8609764,21817.44921875,1.4685659215671447,2699.15234375
2024-05-09 19:44:19.428481,19190.684,0.8772709,21839.099609375,1.4734395073040036,2648.416015625
2024-05-10 19:44:19.428481,19216.201,0.88301486,22011.94921875,1.5123486154795809,2795.748046875
2024-05-13 19:44:19.428481,19253.129,0.89132756,22096.75,1.5314375956801167,2843.62109375
2024-05-14 19:44:19.428481,19198.902,0.879121,22004.69921875,1.5107166127501972,2805.796875
2024-05-15 19:44:19.428481,19199.12,0.87916964,22123.650390625,1.5374929764968743,2924.53125
2024-05-16 19:44:19.428481,19327.885,0.9081556,22326.900390625,1.5832453288758086,2999.015625
2024-05-17 19:44:19.428481,19347.82,0.91264313,22462.0,1.613656767667353,3114.1796875
2024-05-20 19:44:19.428481,19337.023,0.9102127,22453.30078125,1.6116985402544555,3116.27734375
2024-05-21 19:44:19.428481,19327.209,0.9080035,22434.650390625,1.6075002659918245,3107.44140625
2024-05-22 19:44:19.428481,19349.537,0.9130294,22514.650390625,1.6255085719712326,3165.11328125
2024-05-23 19:44:19.428481,19322.059,0.90684384,22513.69921875,1.625294459544182,3191.640625
2024-05-24 19:44:19.428481,19335.53,0.90987605,22666.30078125,1.65964565492463,3330.771484375
2024-05-27 19:44:19.428481,19386.477,0.92134446,22642.75,1.6543442839895781,3256.2734375
2024-05-28 19:44:19.428481,19351.191,0.9134018,22753.80078125,1.6793422395896074,3402.609375
2024-05-29 19:44:19.428481,19339.846,0.91084784,22519.400390625,1.6265778151387598,3179.5546875
2024-05-30 19:44:19.428481,19281.492,0.8977124,22272.5,1.5709995928786298,2991.0078125
2024-05-31 19:44:19.428481,19275.799,0.8964307,22147.900390625,1.5429517442468828,2872.1015625
2024-06-03 19:44:19.428481,19243.52,0.8891646,21995.849609375,1.508724531832407,2752.330078125
2024-06-04 19:44:19.428481,19291.64,0.89999694,22147.0,1.5427490628734328,2855.359375
2024-06-05 19:44:19.428481,19257.545,0.89232177,22336.400390625,1.585383815210864,3078.85546875
2024-06-06 19:44:19.428481,19271.371,0.8954341,22368.0,1.5924970081415482,3096.62890625
2024-06-07 19:44:19.428481,19258.178,0.89246434,22402.400390625,1.6002406676438752,3144.22265625
2024-06-10 19:44:19.428481,19259.71,0.8928091,22570.349609375,1.6380466791470325,3310.638671875
2024-06-11 19:44:19.428481,19300.95,0.90209216,22419.94921875,1.604190975974563,3119.0
2024-06-12 19:44:19.428481,19195.887,0.878442,22643.400390625,1.6544906894068432,3447.513671875
2024-06-13 19:44:19.428481,19185.209,0.87603873,22604.849609375,1.6458127611006526,3419.640625
2024-06-14 19:44:19.428481,19282.525,0.8979451,22648.19921875,1.6555709239720628,3365.673828125
2024-06-17 19:44:19.428481,19181.629,0.8752329,22475.849609375,1.6167743677088562,3294.220703125
2024-06-18 19:44:19.428481,19217.834,0.8833825,22442.69921875,1.6093120879874578,3224.865234375
2024-06-19 19:44:19.428481,19197.338,0.8787686,22302.5,1.5777527076209075,3105.162109375
2024-06-20 19:44:19.428481,19095.857,0.85592526,22302.5,1.5777527076209075,3206.642578125
2024-06-21 19:44:19.428481,19128.379,0.86324614,21957.5,1.5000918880847096,2829.12109375
2024-06-24 19:44:19.428481,19002.418,0.8348915,22055.19921875,1.522084355899699,3052.78125
2024-06-25 19:44:19.428481,18971.2,0.82786435,22104.05078125,1.533081029463101,3132.8515625
2024-06-26 19:44:19.428481,19005.201,0.83551806,22217.849609375,1.5586975809252643,3212.6484375
2024-06-27 19:44:19.428481,18960.285,0.8254072,22200.55078125,1.5548035485507623,3240.265625
2024-06-28 19:44:19.428481,18925.346,0.81754225,22403.849609375,1.600566892327389,3478.50390625
2024-07-01 19:44:19.428481,19009.965,0.83659047,22466.099609375,1.614579605417616,3456.134765625
2024-07-02 19:44:19.428481,19070.518,0.85022134,22529.05078125,1.6287501549787078,3458.533203125
2024-07-03 19:44:19.428481,19145.316,0.86705846,22597.80078125,1.6442260429297613,3452.484375
2024-07-04 19:44:19.428481,19196.797,0.878647,22967.650390625,1.727480604579632,3770.853515625
2024-07-05 19:44:19.428481,19232.906,0.8867752,22957.099609375,1.725105583366234,3724.193359375
2024-07-08 19:44:19.428481,19150.537,0.86823386,22932.44921875,1.7195566861551472,3781.912109375
2024-07-09 19:44:19.428481,19161.432,0.87068623,22888.150390625,1.7095848505125946,3726.71875
2024-07-10 19:44:19.428481,19122.26,0.86186856,22704.69921875,1.6682892900700197,3582.439453125
2024-07-11 19:44:19.428481,19240.344,0.88844985,22488.650390625,1.6196558725279249,3248.306640625
2024-07-12 19:44:19.428481,19197.178,0.87873286,22530.69921875,1.6291212245648068,3333.521484375
2024-07-15 19:44:19.428481,19139.938,0.86584777,23263.900390625,1.7941676126596282,4123.962890625
2024-07-16 19:44:19.428481,19107.082,0.858452,21884.5,1.4836593088784995,2777.41796875
2024-07-17 19:44:19.428481,19152.61,0.8687002,22620.349609375,1.6493018703841629,3467.740234375
2024-07-18 19:44:19.428481,19142.11,0.8663365,22821.400390625,1.694559170211026,3679.291015625
2024-07-19 19:44:19.428481,19155.234,0.869291,23290.150390625,1.8000765880591216,4134.916015625
2024-07-22 19:44:19.428481,19080.246,0.852411,23259.19921875,1.7931093608897934,4178.953125
2024-07-23 19:44:19.428481,19049.23,0.8454291,23264.849609375,1.7943812854307706,4215.619140625
2024-07-24 19:44:19.428481,18929.12,0.818392,23322.94921875,1.807459729717134,4393.830078125
2024-07-25 19:44:19.428481,18952.322,0.8236148,23398.900390625,1.8245566289998796,4446.578125
2024-07-26 19:44:19.428481,18985.982,0.8311917,23465.599609375,1.8395708782478484,4479.6171875
2024-07-29 19:44:19.428481,18927.46,0.8180186,23557.900390625,1.8603481371339536,4630.439453125
2024-07-30 19:44:19.428481,19023.027,0.83953065,23516.0,1.8509161989460572,4492.97265625
2024-07-31 19:44:19.428481,19044.865,0.84444684,23567.0,1.8623964940079296,4522.134765625
2024-08-01 19:44:19.428481,19088.525,0.8542749,23501.099609375,1.8475620640262105,4412.57421875
2024-08-02 19:44:19.428481,19229.355,0.885976,23537.849609375,1.8558346295855013,4308.494140625
2024-08-05 19:44:19.428481,19231.229,0.88639754,23721.30078125,1.8971301900280761,4490.072265625
2024-08-06 19:44:19.428481,19344.305,0.9118516,23868.80078125,1.9303330041776108,4524.49609375
2024-08-07 19:44:19.428481,19345.482,0.9121167,24044.5,1.9698835703225233,4699.017578125
2024-08-08 19:44:19.428481,19405.951,0.9257285,24010.599609375,1.9622524627325668,4604.6484375
2024-08-09 19:44:19.428481,19380.436,0.919985,24141.94921875,1.991819762181327,4761.513671875
2024-08-12 19:44:19.428481,19339.129,0.9106867,24123.849609375,1.9877454708846671,4784.720703125
2024-08-13 19:44:19.428481,19367.875,0.91715735,24286.5,2.0243586959102333,4918.625
2024-08-14 19:44:19.428481,19447.73,0.93513316,24302.150390625,2.0278816586986363,4854.419921875
2024-08-15 19:44:19.428481,19402.244,0.92489403,24323.849609375,2.0327662358331877,4921.60546875
2024-08-16 19:44:19.428481,19471.498,0.9404833,24320.55078125,2.0320236570050816,4849.052734375
2024-08-19 19:44:19.428481,19515.979,0.9504959,24433.19921875,2.05738125113761,4917.220703125
2024-08-20 19:44:19.428481,19442.11,0.93386763,24324.44921875,2.0329012101968513,4882.33984375
2024-08-21 19:44:19.428481,19433.992,0.9320404,24315.94921875,2.03098782768654,4881.95703125
2024-08-22 19:44:19.428481,19399.988,0.9243862,24502.150390625,2.072902423647157,5102.162109375
2024-08-23 19:44:19.428481,19334.658,0.90968007,24586.69921875,2.0919346882356,5252.041015625
2024-08-26 19:44:19.428481,19399.045,0.924174,24613.0,2.097855094688693,5213.955078125
2024-08-27 19:44:19.428481,19422.428,0.92943734,24800.849609375,2.14014076023541,5378.421875
2024-08-28 19:44:19.428481,19375.744,0.9189288,24530.900390625,2.079374158608507,5155.15625
2024-08-29 19:44:19.428481,19325.088,0.9075257,24509.25,2.074500572871648,5184.162109375
2024-08-30 19:44:19.428481,19351.082,0.91337746,24479.05078125,2.067702613226784,5127.96875
2024-09-02 19:44:19.428481,19398.842,0.92412823,24413.5,2.052946881652544,5014.658203125
2024-09-03 19:44:19.428481,19502.643,0.9474942,24406.099609375,2.0512810254182665,4903.45703125
2024-09-04 19:44:19.428481,19537.184,0.9552695,24834.849609375,2.1477942902766576,5297.666015625
2024-09-05 19:44:19.428481,19576.9,0.96420974,24836.099609375,2.1480756700575863,5259.19921875
2024-09-06 19:44:19.428481,19515.656,0.9504234,24857.30078125,2.1528481349356743,5341.64453125
2024-09-09 19:44:19.428481,19509.002,0.9489257,24951.150390625,2.1739740409565855,5442.1484375
2024-09-10 19:44:19.428481,19499.467,0.94677943,25010.900390625,2.187423994484956,5511.43359375
2024-09-11 19:44:19.428481,19504.986,0.9480216,24717.69921875,2.1214232892768803,5212.712890625
2024-09-12 19:44:19.428481,19561.564,0.96075743,24055.599609375,1.9723821348459842,4494.03515625
2024-09-13 19:44:19.428481,19616.98,0.973232,23992.55078125,1.9581896024895076,4375.5703125
2024-09-16 19:44:19.428481,19649.014,0.9804427,24297.5,2.0268348379824013,4648.486328125
2024-09-17 19:44:19.428481,19655.88,0.9819886,24117.0,1.986203597616362,4461.119140625
2024-09-18 19:44:19.428481,19609.715,0.9715964,24367.5,2.0425921057143834,4757.78515625
2024-09-19 19:44:19.428481,19572.744,0.9632742,24347.0,2.03797747730716,4774.255859375
2024-09-20 19:44:19.428481,19561.553,0.96075505,24139.0,1.9911558817606987,4577.447265625
2024-09-23 19:44:19.428481,19441.812,0.9338009,24143.75,1.992225124928226,4701.9375
2024-09-24 19:44:19.428481,19580.947,0.965121,24541.150390625,2.0816814728121185,4960.203125
2024-09-25 19:44:19.428481,19554.686,0.95920914,24572.650390625,2.0887722432915106,5017.96484375
2024-09-26 19:44:19.428481,19474.082,0.941065,24698.849609375,2.117180170111664,5224.767578125
2024-09-27 19:44:19.428481,19490.059,0.9446613,24770.19921875,2.133241240075867,5280.140625
2024-09-30 19:44:19.428481,19441.123,0.9336459,24811.5,2.1425382039001,5370.376953125
2024-10-01 19:44:19.428481,19494.926,0.9457571,24823.150390625,2.145160751389533,5328.224609375
2024-10-02 19:44:19.428481,19508.178,0.9487402,25010.599609375,2.1873562874751706,5502.421875
2024-10-03 19:44:19.428481,19523.506,0.9521906,25017.75,2.1889658677532613,5494.244140625
2024-10-04 19:44:19.428481,19535.748,0.9549462,25052.349609375,2.1967543721581744,5516.6015625
2024-10-07 19:44:19.428481,19493.504,0.94543713,25151.94921875,2.2191746251713558,5658.4453125
2024-10-08 19:44:19.428481,19492.414,0.94519156,25235.900390625,2.2380723550520423,5743.486328125
2024-10-09 19:44:19.428481,19592.75,0.96777743,25278.69921875,2.2477065349574814,5685.94921875
2024-10-10 19:44:19.428481,19615.514,0.972902,25279.849609375,2.247965492287116,5664.3359375
2024-10-11 19:44:19.428481,19633.52,0.9769551,25198.69921875,2.2296982289780725,5565.1796875
2024-10-14 19:44:19.428481,19648.08,0.9802324,25145.099609375,2.2176327519030505,5497.01953125
2024-10-15 19:44:19.428481,19628.197,0.9757568,24852.150390625,2.1516887623070677,5223.953125
2024-10-16 19:44:19.428481,19619.213,0.97373456,24936.400390625,2.1706537595416324,5317.1875
2024-10-17 19:44:19.428481,19560.86,0.9605991,25041.099609375,2.19422195412982,5480.240234375
2024-10-18 19:44:19.428481,19599.62,0.9693238,24918.44921875,2.166612882093958,5318.830078125
2024-10-21 19:44:19.428481,19538.766,0.9556257,25388.900390625,2.2725132402376604,5850.134765625
2024-10-22 19:44:19.428481,19466.38,0.93933123,25356.5,2.2652197883848184,5890.119140625
2024-10-23 19:44:19.428481,19477.037,0.9417302,25383.75,2.2713538676090548,5906.712890625
2024-10-24 19:44:19.428481,19379.943,0.9198739,25418.55078125,2.2791876565724603,6038.607421875
2024-10-25 19:44:19.428481,19371.797,0.91804045,25377.55078125,2.2699583997580137,6005.75390625
2024-10-28 19:44:19.428481,19346.553,0.9123575,25415.80078125,2.278568621054418,6069.248046875
2024-10-29 19:44:19.428481,19357.123,0.9147369,25790.94921875,2.36301596918188,6433.826171875
2024-10-30 19:44:19.428481,19337.701,0.9103653,25939.05078125,2.3963541973509854,6601.349609375
2024-10-31 19:44:19.428481,19181.871,0.87528723,25940.400390625,2.3966579995832062,6758.529296875
2024-11-01 19:44:19.428481,19245.803,0.88967866,26004.150390625,2.4110083684105477,6758.34765625
2024-11-04 19:44:19.428481,19286.771,0.8989007,26216.05078125,2.458707956804686,6929.279296875
2024-11-05 19:44:19.428481,19244.457,0.8893754,26178.94921875,2.4503562531820093,6934.4921875
2024-11-06 19:44:19.428481,19219.695,0.88380164,25810.849609375,2.3674956232254387,6591.154296875
2024-11-07 19:44:19.428481,19129.848,0.8635766,25796.900390625,2.3643556007326425,6667.052734375
2024-11-08 19:44:19.428481,19161.979,0.87080926,25250.099609375,2.241268653501024,6088.12109375
2024-11-11 19:44:19.428481,19161.445,0.8706891,25014.599609375,2.1882567027741406,5853.154296875
2024-11-12 19:44:19.428481,19203.713,0.8802039,24795.75,2.138992818660404,5592.037109375
2024-11-13 19:44:19.428481,19214.22,0.882569,25013.150390625,2.1879304780906277,5798.9296875
2024-11-14 19:44:19.428481,19133.982,0.8645074,24981.94921875,2.1809069749651138,5847.966796875
2024-11-15 19:44:19.428481,19160.787,0.8705413,24998.44921875,2.184621188073366,5837.662109375
2024-11-18 19:44:19.428481,19115.092,0.86025494,24964.25,2.1769228131295324,5849.158203125
2024-11-19 19:44:19.428481,19020.441,0.8389489,25127.94921875,2.213772133377533,6107.5078125
2024-11-20 19:44:19.428481,18967.582,0.8270499,25057.349609375,2.1978798912818873,6089.767578125
2024-11-21 19:44:19.428481,18953.418,0.8238613,24971.30078125,2.178509970956331,6017.8828125
2024-11-22 19:44:19.428481,19001.117,0.8345987,24749.849609375,2.1286604651735366,5748.732421875
2024-11-25 19:44:19.428481,19072.668,0.8507053,24854.05078125,2.1521165475052606,5781.3828125
2024-11-26 19:44:19.428481,19030.809,0.84128255,24781.099609375,2.135694959696743,5750.291015625
2024-11-27 19:44:19.428481,19093.504,0.8553955,24472.099609375,2.0661378778512787,5378.595703125
2024-11-28 19:44:19.428481,19071.055,0.850342,24435.5,2.0578991657968806,5364.4453125
2024-11-29 19:44:19.428481,19122.076,0.8618271,24399.400390625,2.049773005654854,5277.32421875
2024-12-02 19:44:19.428481,19098.775,0.85658187,24180.80078125,2.000565397497303,5082.025390625
2024-12-03 19:44:19.428481,19074.475,0.85111207,24339.150390625,2.036210500214113,5264.67578125
2024-12-04 19:44:19.428481,18996.828,0.8336331,24466.849609375,2.06495608277138,5470.021484375
2024-12-05 19:44:19.428481,18952.576,0.823672,24340.849609375,2.0365930008538116,5388.2734375
2024-12-06 19:44:19.428481,19007.459,0.8360264,24205.349609375,2.0060914326011887,5197.890625
2024-12-09 19:44:19.428481,19025.668,0.84012526,24304.349609375,2.0283767112507065,5278.681640625
2024-12-10 19:44:19.428481,18991.992,0.8325445,23995.349609375,1.9588196294052422,5003.357421875
2024-12-11 19:44:19.428481,19057.426,0.847274,24213.30078125,2.007881271801437,5155.875
2024-12-12 19:44:19.428481,19103.688,0.85768765,24484.05078125,2.068828132350497,5380.36328125
2024-12-13 19:44:19.428481,19079.191,0.8521735,24199.349609375,2.0047408096527337,5120.158203125
2024-12-16 19:44:19.428481,19055.623,0.8468682,24148.19921875,1.9932266610859677,5092.576171875
2024-12-17 19:44:19.428481,19102.291,0.8573734,24141.30078125,1.99167379641997,5039.009765625
2024-12-18 19:44:19.428481,19120.877,0.8615572,23883.44921875,1.9336304234853636,4762.572265625
2024-12-19 19:44:19.428481,19169.45,0.87249106,23559.05078125,1.8606070944635893,4389.6015625
2024-12-20 19:44:19.428481,19158.432,0.87001103,23532.69921875,1.8546752569568956,4374.267578125
2024-12-23 19:44:19.428481,19196.814,0.87865084,23453.80078125,1.8369149169094299,4256.986328125
2024-12-24 19:44:19.428481,19178.143,0.874448,23518.5,1.8514789585079137,4340.357421875
2024-12-25 19:44:19.428481,19169.64,0.872534,23349.900390625,1.8135265415874922,4180.259765625
2024-12-26 19:44:19.428481,19166.705,0.8718731,23907.25,1.9389880703766003,4740.544921875
2024-12-27 19:44:19.428481,19168.523,0.8722827,24221.900390625,2.0098170767630426,5053.376953125
2024-12-30 19:44:19.428481,19148.373,0.86774653,24194.5,2.0036491440339135,5046.126953125
2024-12-31 19:44:19.428481,19149.947,0.8681008,24274.900390625,2.0217475794744,5124.953125
2025-01-01 19:44:19.428481,19109.113,0.8589093,23914.150390625,1.940541374698506,4805.037109375
2025-01-02 19:44:19.428481,19068.223,0.84970444,24131.099609375,1.9893774736140508,5062.876953125
2025-01-03 19:44:19.428481,19129.148,0.86341923,24276.05078125,2.0220065368040356,5146.90234375
2025-01-06 19:44:19.428481,19086.266,0.85376614,24457.150390625,2.0627727515337395,5370.884765625
2025-01-07 19:44:19.428481,19087.627,0.8540723,24467.44921875,2.0650910571350436,5379.822265625
2025-01-08 19:44:19.428481,19139.113,0.8656623,24708.400390625,2.119330087500319,5569.287109375
2025-01-09 19:44:19.428481,19104.615,0.8578965,24677.80078125,2.112441998394377,5573.185546875
2025-01-10 19:44:19.428481,19116.531,0.8605792,24619.0,2.099205717637149,5502.46875
2025-01-13 19:44:19.428481,19143.104,0.86656064,24610.05078125,2.0971912142680655,5466.947265625
2025-01-14 19:44:19.428481,19065.701,0.849137,24641.80078125,2.1043382607036434,5576.099609375
2025-01-15 19:44:19.428481,19090.871,0.8548028,24548.69921875,2.0833807428953803,5457.828125
2025-01-16 19:44:19.428481,19078.523,0.8520233,24768.30078125,2.1328138945335824,5689.77734375
2025-01-17 19:44:19.428481,19103.191,0.8575761,24668.25,2.110292081005722,5565.05859375
2025-01-20 19:44:19.428481,19099.44,0.8567316,24336.0,2.035501335234992,5236.560546875
2025-01-21 19:44:19.428481,19058.135,0.84743375,24198.849609375,2.0046282577403622,5140.71484375
2025-01-22 19:44:19.428481,19069.07,0.8498952,23951.69921875,1.9489937595240465,4882.62890625
2025-01-23 19:44:19.428481,19126.3,0.8627779,23587.5,1.8670111224151529,4461.19921875
2025-01-24 19:44:19.428481,19092.445,0.8551571,23753.44921875,1.9043669262688252,4661.00390625
2025-01-27 19:44:19.428481,19096.377,0.8560421,23727.650390625,1.8985595113840108,4631.2734375
2025-01-28 19:44:19.428481,19059.201,0.8476736,23750.19921875,1.9036353388384115,4690.998046875
2025-01-29 19:44:19.428481,19102.742,0.857475,23813.400390625,1.917862164355689,4710.658203125
2025-01-30 19:44:19.428481,19112.244,0.8596141,23644.900390625,1.8799321698865596,4532.65625
2025-01-31 19:44:19.428481,19121.709,0.8617446,23644.80078125,1.8799097474352675,4523.091796875
2025-02-03 19:44:19.428481,19156.395,0.8695523,23742.900390625,1.9019923447113354,4586.505859375
2025-02-04 19:44:19.428481,19189.146,0.8769247,24188.650390625,2.0023323745903503,4999.50390625
2025-02-05 19:44:19.428481,19214.285,0.8825838,24004.75,1.9609356932890045,4790.46484375
2025-02-06 19:44:19.428481,19195.309,0.8783118,23616.05078125,1.8734380124739176,4420.7421875
2025-02-07 19:44:19.428481,19291.889,0.9000527,23707.900390625,1.8941137108453439,4416.01171875
2025-02-10 19:44:19.428481,19269.129,0.8949291,23688.94921875,1.8898477295729275,4419.8203125
2025-02-11 19:44:19.428481,19295.078,0.90077037,23526.5,1.8532797891058546,4231.421875
2025-02-12 19:44:19.428481,19271.14,0.8953821,23431.5,1.8318949257553068,4160.359375
2025-02-13 19:44:19.428481,19302.295,0.90239495,23085.94921875,1.7541101232531369,3783.654296875
2025-02-14 19:44:19.428481,19274.227,0.89607686,23176.05078125,1.774392329587172,3901.82421875
2025-02-17 19:44:19.428481,19312.55,0.9047038,23213.19921875,1.782754584951634,3900.6484375
2025-02-18 19:44:19.428481,19357.732,0.91487426,23311.80078125,1.8049501737959806,3954.068359375
2025-02-19 19:44:19.428481,19397.998,0.923938,23203.19921875,1.7805035467042072,3805.201171875
2025-02-20 19:44:19.428481,19453.059,0.9363324,23344.75,1.8123671689588865,3891.69140625
2025-02-21 19:44:19.428481,19461.543,0.9382426,23024.650390625,1.7403115225899604,3563.107421875
2025-02-24 19:44:19.428481,19462.865,0.93854016,23155.349609375,1.7697324166214554,3692.484375
2025-02-25 19:44:19.428481,19429.66,0.93106526,23205.349609375,1.7809876078585858,3775.689453125
2025-02-26 19:44:19.428481,19349.16,0.9129445,23092.19921875,1.7555170221577785,3743.0390625
2025-02-27 19:44:19.428481,19346.186,0.912275,22829.150390625,1.6963037248527812,3482.96484375
2025-02-28 19:44:19.428481,19358.53,0.91505355,22957.25,1.7251394368711277,3598.720703125
2025-03-03 19:44:19.428481,19320.285,0.9064447,23163.099609375,1.7714769712632106,3842.814453125
2025-03-04 19:44:19.428481,19344.54,0.9119045,23249.5,1.790926029652153,3904.9609375
2025-03-05 19:44:19.428481,19256.262,0.8920328,23508.400390625,1.8492054978091947,4252.138671875
2025-03-06 19:44:19.428481,19258.422,0.8925192,23482.150390625,1.8432965224097013,4223.728515625
2025-03-07 19:44:19.428481,19238.064,0.8879368,23361.05078125,1.8160365371645537,4122.986328125
2025-03-10 19:44:19.428481,19308.758,0.9038498,23739.25,1.9011706278198433,4430.4921875
2025-03-11 19:44:19.428481,19236.809,0.887654,23696.30078125,1.8915025944095114,4459.4921875
2025-03-12 19:44:19.428481,19306.758,0.90339965,23603.349609375,1.870578930106142,4296.591796875
2025-03-13 19:44:19.428481,19362.879,0.91603297,23559.94921875,1.860809336181131,4197.0703125
2025-03-14 19:44:19.428481,19344.002,0.9117834,23381.599609375,1.8206621569694694,4037.59765625
2025-03-17 19:44:19.428481,19309.941,0.90411633,23071.80078125,1.7509252558577555,3761.859375
2025-03-18 19:44:19.428481,19326.844,0.907921,23045.25,1.7449485734484766,3718.40625
2025-03-19 19:44:19.428481,19363.44,0.91615885,23031.400390625,1.7418309734069726,3667.9609375
2025-03-20 19:44:19.428481,19303.451,0.9026553,22929.25,1.7188365297783341,3625.798828125
2025-03-21 19:44:19.428481,19314.068,0.9050452,22959.5,1.7256459204767984,3645.431640625
2025-03-24 19:44:19.428481,19317.9,0.9059078,22945.30078125,1.7224496220278165,3627.400390625
2025-03-25 19:44:19.428481,19354.748,0.9142024,22932.900390625,1.7196582466698263,3578.15234375
2025-03-26 19:44:19.428481,19377.783,0.919388,22913.150390625,1.7152124461311602,3535.3671875
2025-03-27 19:44:19.428481,19391.43,0.9224598,22795.900390625,1.6888190226800899,3404.470703125
2025-03-28 19:44:19.428481,19382.795,0.9205157,22553.349609375,1.6342199141264087,3170.5546875
2025-03-31 19:44:19.428481,19366.316,0.9168064,22547.55078125,1.632914575736446,3181.234375
2025-04-01 19:44:19.428481,19362.516,0.91595095,22545.05078125,1.6323518161745896,3182.53515625
2025-04-02 19:44:19.428481,19343.426,0.9116537,22124.69921875,1.5377290717193097,2781.2734375
2025-04-03 19:44:19.428481,19329.691,0.9085619,22119.30078125,1.5365138627904256,2789.609375
2025-04-04 19:44:19.428481,19302.186,0.90237063,22082.650390625,1.5282637196824278,2780.46484375
2025-04-07 19:44:19.428481,19318.855,0.90612286,22337.30078125,1.585586496584313,3018.4453125
2025-04-08 19:44:19.428481,19379.557,0.9197871,22544.69921875,1.6322726781112036,3165.142578125
2025-04-09 19:44:19.428481,19434.28,0.93210524,22552.5,1.6340286638065584,3118.220703125
2025-04-10 19:44:19.428481,19444.906,0.93449754,22460.30078125,1.6132742670276534,3015.39453125
2025-04-11 19:44:19.428481,19468.486,0.9398052,22497.900390625,1.6217380829067936,3029.4140625
2025-04-14 19:44:19.428481,19401.709,0.9247734,22470.5,1.6155701501776654,3068.791015625
2025-04-15 19:44:19.428481,19418.584,0.92857236,22397.19921875,1.599069863961669,2978.615234375
2025-04-16 19:44:19.428481,19442.916,0.9340493,22508.75,1.6241803714740697,3065.833984375
2025-04-17 19:44:19.428481,19410.139,0.9266712,22834.30078125,1.697463097481387,3424.162109375
2025-04-18 19:44:19.428481,19431.543,0.93148917,22907.599609375,1.7139629440414752,3476.056640625
2025-04-21 19:44:19.428481,19433.428,0.93191355,23190.650390625,1.7776787574972324,3757.22265625
2025-04-22 19:44:19.428481,19382.752,0.9205062,23350.400390625,1.8136390934998636,3967.6484375
2025-04-23 19:44:19.428481,19382.201,0.9203822,23658.349609375,1.8829596404669853,4276.1484375
2025-04-24 19:44:19.428481,19437.95,0.9329316,23668.650390625,1.8852783857241966,4230.701171875
2025-04-25 19:44:19.428481,19463.004,0.93857116,23486.849609375,1.8443543345236288,4023.845703125
2025-04-28 19:44:19.428481,19506.63,0.9483921,23591.94921875,1.8680126585728947,4085.318359375
2025-04-29 19:44:19.428481,19493.291,0.945389,23519.349609375,1.851670208827763,4026.05859375
2025-04-30 19:44:19.428481,19425.107,0.93004054,23165.69921875,1.77206215327636,3740.591796875
2025-05-01 19:44:19.428481,19431.137,0.9313976,23332.349609375,1.8095757936008963,3901.212890625
2025-05-02 19:44:19.428481,19318.398,0.90601987,23250.099609375,1.7910610040158175,3931.701171875
2025-05-05 19:44:19.428481,19360.748,0.9155533,22904.44921875,1.7132537790623545,3543.701171875
2025-05-06 19:44:19.428481,19378.004,0.9194376,22161.599609375,1.5460354907834932,2783.595703125
2025-05-07 19:44:19.428481,19386.85,0.92142886,22535.849609375,1.6302805971934125,3149.0
2025-05-08 19:44:19.428481,19396.707,0.9236476,22399.150390625,1.5995090802134615,3002.443359375
2025-05-09 19:44:19.428481,19394.318,0.9231097,22828.55078125,1.6961687504891176,3434.232421875
2025-05-12 19:44:19.428481,19420.86,0.9290845,23328.55078125,1.8087206628604187,3907.69140625
2025-05-13 19:44:19.428481,19453.906,0.93652314,23437.19921875,1.8331778416939764,3983.29296875
2025-05-14 19:44:19.428481,19439.76,0.9333388,23851.650390625,1.9264723856520933,4411.890625
2025-05-15 19:44:19.428481,19473.658,0.94096965,24125.55078125,1.988128411180274,4651.892578125
2025-05-16 19:44:19.428481,19494.62,0.94568795,24167.25,1.997515064809677,4672.630859375
2025-05-19 19:44:19.428481,19493.154,0.94535846,24328.94921875,2.0339141774081937,4835.794921875
2025-05-20 19:44:19.428481,19470.174,0.94018525,24246.69921875,2.015399387823114,4776.525390625
2025-05-21 19:44:19.428481,19442.066,0.9338581,24039.349609375,1.9687241976939167,4597.283203125
2025-05-22 19:44:19.428481,19485.799,0.9437024,24328.5,2.033813056549422,4842.701171875
2025-05-23 19:44:19.428481,19470.275,0.94020814,24335.94921875,2.0354899041813916,4865.673828125
2025-05-26 19:44:19.428481,19493.38,0.9454095,24334.19921875,2.0350959724880924,4840.818359375
2025-05-27 19:44:19.428481,19510.678,0.94930285,24346.69921875,2.0379097702973747,4836.021484375
2025-05-28 19:44:19.428481,19514.693,0.95020694,24461.150390625,2.0636731668327104,4946.45703125
2025-05-29 19:44:19.428481,19513.771,0.94999903,24379.599609375,2.0453157740625874,4865.828125
2025-05-30 19:44:19.428481,19462.615,0.9384839,24414.400390625,2.0531495630259937,4951.78515625
2025-06-02 19:44:19.428481,19453.734,0.9364845,24273.80078125,2.021500053198365,4820.06640625
2025-06-03 19:44:19.428481,19417.14,0.92824715,24008.0,1.9616672807194182,4590.859375
2025-06-04 19:44:19.428481,19458.105,0.9374687,24924.69921875,2.1680197809985997,5466.59375
2025-06-05 19:44:19.428481,19466.854,0.93943805,24578.349609375,2.09005515923018,5111.49609375
2025-06-06 19:44:19.428481,19425.273,0.9300782,24666.900390625,2.109988278773501,5241.626953125
2025-06-09 19:44:19.428481,19429.984,0.9311382,25062.099609375,2.1989491344494145,5632.115234375
2025-06-10 19:44:19.428481,19427.287,0.9305312,25019.80078125,2.189427506456347,5592.513671875
2025-06-11 19:44:19.428481,19397.871,0.92390984,24945.44921875,2.1726906853620087,5547.578125
2025-06-12 19:44:19.428481,19427.229,0.9305183,24683.900390625,2.113815043794125,5256.671875
2025-06-13 19:44:19.428481,19468.68,0.9398491,24813.44921875,2.1429769804959844,5344.76953125
2025-06-16 19:44:19.428481,19474.22,0.941096,24609.69921875,2.0971120762046795,5135.478515625
2025-06-17 19:44:19.428481,19479.629,0.94231385,24853.150390625,2.1519138661318107,5373.521484375
2025-06-18 19:44:19.428481,19454.656,0.9366924,25001.150390625,2.185229232193716,5546.494140625
2025-06-19 19:44:19.428481,19465.053,0.93903226,24826.19921875,2.1458470542614525,5361.146484375
2025-06-20 19:44:19.428481,19465.758,0.93919104,24752.44921875,2.129245647186686,5286.69140625
2025-06-23 19:44:19.428481,19471.523,0.940489,24833.599609375,2.14751291049573,5362.076171875
2025-06-24 19:44:19.428481,19513.11,0.94985026,24750.69921875,2.128851715493386,5237.58984375
2025-06-25 19:44:19.428481,19532.861,0.9542963,24716.599609375,2.121175763000845,5183.73828125
2025-06-26 19:44:19.428481,19541.154,0.9561631,24542.5,2.0819852750443393,5001.345703125
2025-06-27 19:44:19.428481,19524.133,0.9523317,24620.19921875,2.099475666364477,5096.06640625
2025-06-30 19:44:19.428481,19508.24,0.948754,24750.900390625,2.128897000051879,5242.66015625
2025-07-01 19:44:19.428481,19507.775,0.9486496,25003.05078125,2.1856570173919088,5495.275390625
2025-07-02 19:44:19.428481,19461.05,0.9381315,25103.19921875,2.208200813715154,5642.1484375
2025-07-03 19:44:19.428481,19459.76,0.9378411,25104.25,2.2084373485934967,5644.490234375
2025-07-04 19:44:19.428481,19495.424,0.94586915,25141.400390625,2.216800043613866,5645.9765625
2025-07-07 19:44:19.428481,19449.93,0.9356281,24888.19921875,2.1598034913954947,5438.26953125
2025-07-08 19:44:19.428481,19456.74,0.93716115,24718.599609375,2.12162597065033,5261.859375
2025-07-09 19:44:19.428481,19460.363,0.937977,24946.5,2.1729272202403513,5486.13671875
2025-07-10 19:44:19.428481,19476.97,0.9417154,24853.400390625,2.1519701420879964,5376.4296875
2025-07-11 19:44:19.428481,19472.627,0.9407374,24812.05078125,2.142662186866071,5339.423828125
2025-07-14 19:44:19.428481,19477.963,0.9419386,24793.25,2.1384300590985474,5315.287109375
2025-07-15 19:44:19.428481,19517.812,0.95090884,25112.400390625,2.2102720326963303,5594.587890625
2025-07-16 19:44:19.428481,19489.217,0.944472,24971.900390625,2.1786449453199945,5482.68359375
2025-07-17 19:44:19.428481,19456.016,0.93699807,25044.349609375,2.1949535415602335,5588.333984375
2025-07-18 19:44:19.428481,19392.8,0.9227683,25244.75,2.2400644359698325,5851.94921875
2025-07-21 19:44:19.428481,19386.775,0.92141217,25549.0,2.3085522746477696,6162.224609375
2025-07-22 19:44:19.428481,19425.053,0.93002814,25637.80078125,2.3285416701472763,6212.748046875
2025-07-23 19:44:19.428481,19409.633,0.92655724,25517.05078125,2.3013603833096066,6107.41796875
2025-07-24 19:44:19.428481,19426.123,0.9302694,25541.80078125,2.3069317029719865,6115.677734375
2025-07-25 19:44:19.428481,19426.988,0.93046397,25453.400390625,2.287032436933558,6026.412109375
2025-07-28 19:44:19.428481,19435.707,0.93242663,25405.30078125,2.2762050308946207,5969.59375
2025-07-29 19:44:19.428481,19429.941,0.9311287,25461.0,2.2887431380704206,6031.05859375
2025-07-30 19:44:19.428481,19447.256,0.93502635,25461.30078125,2.288810845080207,6014.044921875
2025-07-31 19:44:19.428481,19472.787,0.94077367,25522.5,2.3025870232920904,6049.712890625
2025-08-01 19:44:19.428481,19479.232,0.9422242,25476.099609375,2.2921421178928525,5996.8671875
2025-08-04 19:44:19.428481,19462.504,0.9384586,25355.25,2.2649384086038906,5892.74609375
2025-08-05 19:44:19.428481,19452.25,0.9361507,25149.849609375,2.2187019950705777,5697.599609375
2025-08-06 19:44:19.428481,19464.652,0.93894213,25082.30078125,2.2034964955027596,5617.6484375
2025-08-07 19:44:19.428481,19471.107,0.94039553,25195.80078125,2.2290457796110457,5724.693359375
2025-08-08 19:44:19.428481,19436.02,0.9324972,25212.05078125,2.2327037167631123,5776.03125
2025-08-11 19:44:19.428481,19461.61,0.9382574,25111.44921875,2.2100579202692807,5649.83984375
2025-08-12 19:44:19.428481,19441.996,0.93384236,24968.400390625,2.177857081933396,5526.404296875
2025-08-13 19:44:19.428481,19465.951,0.9392349,25090.69921875,2.2053870159058717,5624.748046875
2025-08-14 19:44:19.428481,19486.926,0.9439561,25060.900390625,2.1986791857220864,5573.974609375
2025-08-15 19:44:19.428481,19469.86,0.9401147,25219.900390625,2.2344706938561605,5750.041015625
2025-08-18 19:44:19.428481,19474.975,0.94126576,25062.099609375,2.1989491344494145,5587.125
2025-08-19 19:44:19.428481,19444.924,0.93450135,24837.0,2.148278351431036,5392.076171875
2025-08-20 19:44:19.428481,19445.6,0.93465346,24680.900390625,2.113139732319897,5235.30078125
2025-08-21 19:44:19.428481,19440.328,0.9334671,24821.099609375,2.1446991126864474,5380.771484375
2025-08-22 19:44:19.428481,19508.768,0.94887275,24855.05078125,2.1523416513300035,5346.283203125
2025-08-25 19:44:19.428481,19506.596,0.948384,24768.349609375,2.132824885931275,5261.75390625
2025-08-26 19:44:19.428481,19490.621,0.94478816,24565.349609375,2.0871288095085263,5074.728515625
2025-08-27 19:44:19.428481,19446.748,0.9349119,24722.75,2.122560239454194,5276.001953125
2025-08-28 19:44:19.428481,19429.188,0.9309589,24649.55078125,2.1060828153453985,5220.36328125
2025-08-29 19:44:19.428481,19469.25,0.93997735,24574.19921875,2.0891208904263165,5104.94921875
2025-09-01 19:44:19.428481,19474.16,0.94108266,24596.150390625,2.0940621831729618,5121.990234375
2025-09-02 19:44:19.428481,19416.217,0.92803925,24363.30078125,2.0416468455128283,4947.083984375
2025-09-03 19:44:19.428481,19373.947,0.91852444,24585.05078125,2.0915636186495,5211.103515625
2025-09-04 19:44:19.428481,19429.883,0.9311158,24487.400390625,2.069582142232204,5057.517578125
2025-09-05 19:44:19.428481,19472.344,0.94067353,24619.349609375,2.0992844160446267,5147.005859375
2025-09-08 19:44:19.428481,19523.824,0.9522621,24631.30078125,2.101974670543846,5107.4765625
2025-09-09 19:44:19.428481,19550.574,0.9582836,24876.94921875,2.15727107336714,5326.375
2025-09-10 19:44:19.428481,19524.83,0.9524886,24980.650390625,2.1806146037864926,5455.8203125
2025-09-11 19:44:19.428481,19544.088,0.9568235,25050.55078125,2.1963494490671818,5506.462890625
2025-09-12 19:44:19.428481,19529.707,0.9535863,25083.75,2.2038227201862735,5554.04296875
2025-09-15 19:44:19.428481,19543.355,0.95665854,24870.099609375,2.155729200098835,5326.744140625
2025-09-16 19:44:19.428481,19568.518,0.9623229,24967.75,2.177710676516132,5399.232421875
2025-09-17 19:44:19.428481,19602.979,0.9700801,24712.05078125,2.1201518043918113,5109.072265625
2025-09-18 19:44:19.428481,19630.154,0.9761974,24500.900390625,2.0726210438662283,4870.74609375
2025-09-19 19:44:19.428481,19660.752,0.98308533,24426.849609375,2.0559519297816755,4766.09765625
2025-09-22 19:44:19.428481,19668.656,0.9848644,24625.05078125,2.1005677716392044,4956.39453125
2025-09-23 19:44:19.428481,19687.232,0.9890458,24579.599609375,2.090336539011109,4892.3671875
2025-09-24 19:44:19.428481,19675.773,0.9864666,24715.05078125,2.1208271158660383,5039.27734375
2025-09-25 19:44:19.428481,19672.54,0.98573846,24734.30078125,2.125160364492334,5061.76171875
2025-09-26 19:44:19.428481,19589.518,0.9670498,24741.0,2.1266683842557463,5151.482421875
2025-09-29 19:44:19.428481,19508.275,0.9487621,24773.150390625,2.1339055601524026,5264.875
2025-09-30 19:44:19.428481,19557.008,0.95973176,24868.599609375,2.1553915443617204,5311.591796875
2025-10-01 19:44:19.428481,19538.326,0.95552653,24973.099609375,2.1789148940473226,5434.7734375
2025-10-02 19:44:19.428481,19508.137,0.94873065,25005.5,2.1862083459001647,5497.36328125
2025-10-03 19:44:19.428481,19468.652,0.9398429,25114.0,2.210632110884737,5645.34765625
2025-10-06 19:44:19.428481,19429.383,0.9310033,25069.19921875,2.2005472836739055,5639.81640625
2025-10-07 19:44:19.428481,19469.588,0.94005316,25239.099609375,2.2387925114288554,5769.51171875
2025-10-08 19:44:19.428481,19457.664,0.93736905,25330.25,2.259310812985325,5872.5859375
2025-10-09 19:44:19.428481,19447.635,0.9351117,25423.599609375,2.2803241670938657,5975.96484375
2025-10-10 19:44:19.428481,19400.162,0.9244253,25327.05078125,2.258590656608512,5926.888671875
2025-10-13 19:44:19.428481,19380.502,0.9199998,25202.349609375,2.2305199458695646,5821.84765625
2025-10-14 19:44:19.428481,19339.137,0.9106881,25169.5,2.2231253731579517,5830.36328125
2025-10-15 19:44:19.428481,19357.79,0.91488713,25056.900390625,2.1977787704231164,5699.111328125
2025-10-16 19:44:19.428481,19360.812,0.9155676,24890.849609375,2.160400104462244,5530.037109375
2025-10-17 19:44:19.428481,19397.553,0.92383784,24654.69921875,2.107241748318096,5257.146484375
2025-10-20 19:44:19.428481,19382.135,0.9203674,24634.900390625,2.1027849563817376,5252.765625
2025-10-21 19:44:19.428481,19328.92,0.9083883,24611.099609375,2.0974273094905,5282.1796875
2025-10-22 19:44:19.428481,19349.82,0.91309327,24836.30078125,2.1481209546160795,5486.48046875
2025-10-23 19:44:19.428481,19363.463,0.9161641,24894.25,2.1611655453975502,5530.787109375
2025-10-24 19:44:19.428481,19383.91,0.920767,25077.650390625,2.2024496747865254,5693.740234375
2025-10-27 19:44:19.428481,19399.906,0.9243676,25108.30078125,2.2093491949460673,5708.39453125
2025-10-28 19:44:19.428481,19438.057,0.93295544,25046.150390625,2.1953589043071333,5608.09375
2025-10-29 19:44:19.428481,19457.805,0.937401,25181.80078125,2.225894326064649,5723.99609375
2025-10-30 19:44:19.428481,19424.514,0.929907,25285.349609375,2.2492035633232006,5860.8359375
2025-10-31 19:44:19.428481,19425.422,0.9301116,25227.349609375,2.23614754148813,5801.927734375
2025-11-03 19:44:19.428481,19449.8,0.935599,25145.5,2.217722881364129,5695.69921875
2025-11-04 19:44:19.428481,19446.855,0.9349362,25323.55078125,2.2578027932219125,5876.6953125
2025-11-05 19:44:19.428481,19452.912,0.9362995,25585.30078125,2.3167237193482895,6132.388671875
2025-11-06 19:44:19.428481,19444.49,0.9344036,25709.849609375,2.344760136926436,6265.359375
2025-11-07 19:44:19.428481,19468.059,0.9397089,25843.150390625,2.3747666526269877,6375.091796875
2025-11-10 19:44:19.428481,19469.209,0.9399683,25868.599609375,2.3804953691043242,6399.390625
2025-11-11 19:44:19.428481,19488.219,0.9442474,25891.400390625,2.385627912170819,6403.181640625
2025-11-12 19:44:19.428481,19444.525,0.9344117,25795.150390625,2.3639616690393432,6350.625
2025-11-13 19:44:19.428481,19491.807,0.9450547,25966.05078125,2.402432000619035,6474.244140625
2025-11-14 19:44:19.428481,19476.855,0.9416892,25936.19921875,2.395712299725743,6459.34375
2025-11-17 19:44:19.428481,19481.736,0.9427878,26053.900390625,2.4222072836914914,6572.1640625
2025-11-18 19:44:19.428481,19499.768,0.94684714,25877.849609375,2.382577579483193,6378.08203125
2025-11-19 19:44:19.428481,19472.736,0.9407622,25722.099609375,2.3475176587795326,6249.36328125
2025-11-20 19:44:19.428481,19495.088,0.94579333,25763.349609375,2.356803191550165,6268.26171875
2025-11-21 19:44:19.428481,19485.996,0.94374675,25597.650390625,2.319503663652679,6111.654296875
2025-11-24 19:44:19.428481,19422.686,0.9294955,25509.69921875,2.2997055184730226,6087.013671875
2025-11-25 19:44:19.428481,19457.754,0.93738955,25492.30078125,2.2957890636472276,6034.546875
2025-11-26 19:44:19.428481,19489.506,0.94453686,25574.349609375,2.314258568673813,6084.84375
2025-11-27 19:44:19.428481,19480.475,0.9425041,25694.94921875,2.341406002006589,6214.474609375
2025-11-28 19:44:19.428481,19426.078,0.9302589,25875.80078125,2.3821163804360155,6449.72265625
2025-12-01 19:44:19.428481,19426.64,0.93038577,25879.150390625,2.382870390317722,6452.509765625
2025-12-02 19:44:19.428481,19403.025,0.92507,25910.05078125,2.38982618643345,6507.025390625
2025-12-03 19:44:19.428481,19378.473,0.91954297,26013.44921875,2.413101570187109,6634.9765625
2025-12-04 19:44:19.428481,19348.432,0.91278046,25910.05078125,2.38982618643345,6561.619140625
2025-12-05 19:44:19.428481,19348.123,0.9127113,26052.650390625,2.4219259039105636,6704.52734375
2025-12-08 19:44:19.428481,19354.072,0.9140503,26192.150390625,2.4533278874621565,6838.078125
2025-12-09 19:44:19.428481,19348.6,0.9128186,26068.150390625,2.425415013194074,6719.55078125
2025-12-10 19:44:19.428481,19321.902,0.90680856,25959.5,2.400957394704608,6637.59765625
2025-12-11 19:44:19.428481,19240.72,0.88853425,25884.80078125,2.3841423148586993,6644.080078125
2025-12-12 19:44:19.428481,19296.13,0.90100735,26205.30078125,2.456288090688704,6909.169921875
2025-12-15 19:44:19.428481,19319.355,0.9062354,26215.55078125,2.4585954048923155,6896.1953125
2025-12-16 19:44:19.428481,19319.717,0.90631694,26202.94921875,2.455758744975832,6883.232421875
2025-12-17 19:44:19.428481,19288.512,0.89929265,26175.75,2.4496360968051962,6887.23828125
2025-12-18 19:44:19.428481,19351.092,0.9133794,26032.19921875,2.417322266901033,6681.107421875
2025-12-19 19:44:19.428481,19359.863,0.91535395,25986.0,2.4069226460602873,6626.13671875
2025-12-22 19:44:19.428481,19372.555,0.9182107,26033.75,2.417671353691747,6661.1953125
2025-12-23 19:44:19.428481,19399.889,0.9243638,26186.44921875,2.4520445318675796,6786.560546875
2025-12-24 19:44:19.428481,19376.787,0.9191634,25960.55078125,2.4011939295829516,6583.763671875
2025-12-25 19:44:19.428481,19381.465,0.92021674,25839.650390625,2.373978789240389,6458.185546875
2025-12-26 19:44:19.428481,19361.768,0.91578263,25758.0,2.355598974018974,6396.232421875
2025-12-29 19:44:19.428481,19330.97,0.9088499,25898.55078125,2.3872374924489095,6567.580078125
2025-12-30 19:44:19.428481,19340.982,0.9111039,26046.94921875,2.420642548315986,6705.966796875
2025-12-31 19:44:19.428481,19313.947,0.90501803,26027.30078125,2.41621960988452,6713.353515625
2026-01-01 19:44:19.428481,19270.19,0.895168,25860.099609375,2.378581986594012,6589.91015625
2026-01-02 19:44:19.428481,19286.65,0.8988735,25818.55078125,2.3692291864695014,6531.900390625
2026-01-05 19:44:19.428481,19259.496,0.89276093,25815.55078125,2.3685538749952735,6556.0546875
2026-01-06 19:44:19.428481,19259.021,0.8926541,25966.400390625,2.402510699026514,6707.37890625
2026-01-07 19:44:19.428481,19185.795,0.87617034,26172.400390625,2.4488820869234904,6986.60546875
2026-01-08 19:44:19.428481,19170.527,0.8727338,26177.150390625,2.4499513300910176,7006.623046875
2026-01-09 19:44:19.428481,19112.047,0.8595697,26142.099609375,2.4420612651714264,7030.052734375
2026-01-12 19:44:19.428481,19117.271,0.8607456,26042.30078125,2.419596167255659,6925.029296875
2026-01-13 19:44:19.428481,19156.916,0.8696696,25942.099609375,2.397040500222906,6785.18359375
2026-01-14 19:44:19.428481,19126.41,0.8628027,25938.849609375,2.396308912792492,6812.439453125
2026-01-15 19:44:19.428481,19125.885,0.8626844,26129.599609375,2.439247467362144,7003.71484375
2026-01-16 19:44:19.428481,19150.738,0.86827916,26146.55078125,2.4430632409850754,6995.8125
2026-01-19 19:44:19.428481,19125.121,0.86251277,26328.55078125,2.4840321370882292,7203.4296875
2026-01-20 19:44:19.428481,19089.74,0.85454816,26250.30078125,2.4664177628021204,7160.560546875
2026-01-21 19:44:19.428481,19121.303,0.86165303,26178.69921875,2.4502999772258245,7057.396484375
2026-01-22 19:44:19.428481,19123.432,0.86213225,26140.75,2.4417574629392056,7017.318359375
2026-01-23 19:44:19.428481,19101.97,0.8573014,25876.849609375,2.382352475658451,6774.87890625
2026-01-26 19:44:19.428481,19075.482,0.85133857,25683.30078125,2.3387838941730643,6607.818359375
2026-01-27 19:44:19.428481,19074.916,0.85121125,25790.25,2.3628585723669224,6715.333984375
2026-01-28 19:44:19.428481,19104.508,0.85787266,25732.30078125,2.3498139815854517,6627.79296875
2026-01-29 19:44:19.428481,19104.78,0.8579337,25665.599609375,2.3347992926815757,6560.8203125
2026-01-30 19:44:19.428481,19083.684,0.8531849,25694.349609375,2.3412710276429256,6610.666015625
2026-02-02 19:44:19.428481,19064.799,0.8489339,25585.5,2.3167685642508746,6520.701171875
2026-02-03 19:44:19.428481,19041.111,0.8436014,25232.5,2.237306914116736,6191.388671875
2026-02-04 19:44:19.428481,19085.613,0.8536193,25157.5,2.2204241272610408,6071.88671875
2026-02-05 19:44:19.428481,19084.818,0.85344046,25289.900390625,2.2502279615881426,6205.08203125
2026-02-06 19:44:19.428481,19044.607,0.84438866,25048.650390625,2.19592166386899,6004.04296875
2026-02-09 19:44:19.428481,19063.648,0.84867495,25175.400390625,2.2244535736551145,6111.751953125
2026-02-10 19:44:19.428481,19104.887,0.85795754,25342.75,2.2621246107946074,6237.86328125
2026-02-11 19:44:19.428481,19120.98,0.86158055,25418.900390625,2.279266354979939,6297.919921875
2026-02-12 19:44:19.428481,19128.69,0.86331576,25320.650390625,2.2571499041989775,6191.9609375
2026-02-13 19:44:19.428481,19143.383,0.8666236,25088.400390625,2.2048695409025085,5945.017578125
2026-02-16 19:44:19.428481,19156.281,0.86952704,25727.55078125,2.3487447384179245,6571.26953125
2026-02-17 19:44:19.428481,19161.77,0.87076205,25776.0,2.359650842864341,6614.23046875
2026-02-18 19:44:19.428481,19130.117,0.86363715,25642.80078125,2.3296671892709893,6512.68359375
2026-02-19 19:44:19.428481,19117.207,0.8607313,25693.69921875,2.3411246222256614,6576.4921875
2026-02-20 19:44:19.428481,19126.246,0.86276597,25867.30078125,2.380202997925703,6741.0546875
2026-02-23 19:44:19.428481,19098.4,0.85649747,25935.150390625,2.3954762045033076,6836.75
2026-02-24 19:44:19.428481,19153.215,0.8688366,25953.849609375,2.399685470163631,6800.634765625
2026-02-25 19:44:19.428481,19129.93,0.8635952,25807.19921875,2.3666739063339466,6677.26953125
2026-02-26 19:44:19.428481,19184.408,0.8758585,25471.099609375,2.2910165987691395,6286.69140625
2026-02-27 19:44:19.428481,19167.13,0.8719689,25682.75,2.338659911207093,6515.619140625
2026-03-02 19:44:19.428481,19180.738,0.8750321,25725.400390625,2.348260677263547,6544.662109375
2026-03-03 19:44:19.428481,19200.023,0.87937325,25819.349609375,2.369409005735751,6619.326171875
2026-03-04 19:44:19.428481,19172.615,0.87320346,25454.349609375,2.2872461097047005,6281.734375
2026-03-05 19:44:19.428481,19195.77,0.87841576,25571.25,2.313560834748293,6375.48046875
2026-03-06 19:44:19.428481,19189.545,0.8770148,25713.0,2.3454693019055566,6523.455078125
2026-03-09 19:44:19.428481,19216.844,0.8831598,25424.650390625,2.2805607019722083,6207.806640625
2026-03-10 19:44:19.428481,19219.172,0.88368386,25482.5,2.293582870302387,6263.328125
2026-03-11 19:44:19.428481,19225.373,0.88507956,25496.55078125,2.2967457549023833,6271.177734375
2026-03-12 19:44:19.428481,19176.943,0.8741781,25178.650390625,2.225185161085528,6001.70703125
2026-03-13 19:44:19.428481,19138.955,0.8656265,24865.69921875,2.1547386553387855,5726.744140625
2026-03-16 19:44:19.428481,19132.95,0.8642747,24480.5,2.068028837910298,5347.55078125
2026-03-17 19:44:19.428481,19131.123,0.86386365,24765.900390625,2.132273557423019,5634.77734375
2026-03-18 19:44:19.428481,19175.535,0.873861,24450.44921875,2.0612642921144197,5274.9140625
2026-03-19 19:44:19.428481,19115.885,0.8604333,24028.05078125,1.9661807882678706,4912.166015625
2026-03-20 19:44:19.428481,19150.113,0.8681385,24261.599609375,2.0187535227429607,5111.486328125
2026-03-23 19:44:19.428481,19161.662,0.8707382,23866.849609375,1.9298937879258182,4705.1875
2026-03-24 19:44:19.428481,19115.254,0.86029166,23639.150390625,1.8786378228942904,4523.896484375
2026-03-25 19:44:19.428481,19116.625,0.8606002,23151.099609375,1.7687757253662997,4034.474609375
2026-03-26 19:44:19.428481,19142.838,0.86650056,23408.80078125,1.8267852447960133,4265.962890625
2026-03-27 19:44:19.428481,19157.76,0.8698599,23581.150390625,1.8655818010592191,4423.390625
2026-03-30 19:44:19.428481,19152.125,0.868591,23777.80078125,1.9098485561260339,4625.67578125
2026-03-31 19:44:19.428481,19130.998,0.8638355,23002.150390625,1.735246686533252,3871.15234375
2026-04-01 19:44:19.428481,19118.072,0.86092585,23114.5,1.7605370133119016,3996.427734375
2026-04-02 19:44:19.428481,19088.373,0.8542406,22512.650390625,1.6250583643217476,3424.27734375
2026-04-03 19:44:19.428481,19130.158,0.8636462,22912.400390625,1.715043618262603,3782.2421875
2026-04-06 19:44:19.428481,19115.564,0.8603613,23306.44921875,1.8037455166088816,4190.884765625
2026-04-07 19:44:19.428481,19143.268,0.86659735,22819.599609375,1.6941538074641262,3676.33203125
2026-04-08 19:44:19.428481,19118.578,0.8610398,22331.400390625,1.58425829608715,3212.822265625
2026-04-09 19:44:19.428481,19092.965,0.8552739,22679.400390625,1.6625944270975768,3586.435546875
2026-04-10 19:44:19.428481,19060.822,0.84803885,22713.099609375,1.670180250129039,3652.27734375
2026-04-13 19:44:19.428481,19026.494,0.8403112,22968.25,1.7276155789432956,3941.755859375
2026-04-14 19:44:19.428481,19031.23,0.84137744,23123.650390625,1.7625968012394782,4092.419921875
2026-04-15 19:44:19.428481,19048.395,0.84524125,23997.349609375,1.9592698370547272,4948.955078125
2026-04-16 19:44:19.428481,19026.482,0.84030885,23775.099609375,1.9092405120056841,4748.6171875
2026-04-17 19:44:19.428481,19017.773,0.8383481,24050.599609375,1.9712566157222713,5032.826171875
2026-04-20 19:44:19.428481,18999.936,0.83433264,23842.650390625,1.9244464512294095,4842.71484375
2026-04-21 19:44:19.428481,18971.746,0.8279874,24231.30078125,2.011933140646804,5259.5546875
2026-04-22 19:44:19.428481,18972.621,0.8281843,24196.75,2.004155627639584,5224.12890625
2026-04-23 19:44:19.428481,18970.48,0.8277022,24353.55078125,2.039452083221587,5383.0703125
2026-04-24 19:44:19.428481,18968.51,0.82725877,24364.849609375,2.0419954926476342,5396.33984375
2026-04-27 19:44:19.428481,18990.5,0.8322088,24576.599609375,2.089661227536881,5586.099609375
2026-04-28 19:44:19.428481,18962.168,0.8258311,24378.099609375,2.044978118325474,5415.931640625
2026-04-29 19:44:19.428481,18971.607,0.8279559,24173.05078125,1.9988208428555478,5201.443359375
2026-04-30 19:44:19.428481,18981.217,0.8301193,23897.94921875,1.936894428944131,4916.732421875
2026-05-01 19:44:19.428481,19023.395,0.8396136,24092.69921875,1.980733398812753,5069.3046875
2026-05-04 19:44:19.428481,19009.404,0.8364641,23995.69921875,1.958898327812721,4986.294921875
2026-05-05 19:44:19.428481,19020.65,0.83899564,24177.650390625,1.9998562325181823,5157.0
2026-05-06 19:44:19.428481,19051.994,0.8460514,23997.55078125,1.9593151216132205,4945.556640625
2026-05-07 19:44:19.428481,19029.951,0.8410894,24119.30078125,1.9867215122756323,5089.349609375
2026-05-08 19:44:19.428481,19046.498,0.844814,24032.80078125,1.9672500314353978,4986.302734375
2026-05-11 19:44:19.428481,19011.37,0.8369066,24330.94921875,2.0343643850576787,5319.580078125
2026-05-12 19:44:19.428481,19019.283,0.8386881,24326.650390625,2.0333967024048296,5307.3671875
2026-05-13 19:44:19.428481,19004.092,0.8352682,24176.150390625,1.999518576781068,5172.05859375
2026-05-14 19:44:19.428481,18967.59,0.8270518,23815.849609375,1.918413492863945,4848.259765625
2026-05-15 19:44:19.428481,18986.432,0.8312928,23379.55078125,1.820200957922292,4393.119140625
2026-05-18 19:44:19.428481,18986.537,0.83131665,23412.599609375,1.82764037553649,4426.0625
2026-05-19 19:44:19.428481,19023.475,0.83963174,23689.599609375,1.8899941349901916,4666.125
2026-05-20 19:44:19.428481,19032.666,0.84170073,23643.5,1.8796169366007391,4610.833984375
2026-05-21 19:44:19.428481,19029.627,0.8410165,23649.94921875,1.881068680407966,4620.322265625
2026-05-22 19:44:19.428481,19047.48,0.84503525,23618.0,1.873876789069803,4570.51953125
2026-05-25 19:44:19.428481,19073.293,0.850846,23659.0,1.8831060458842495,4585.70703125
2026-05-26 19:44:19.428481,19098.969,0.85662574,23654.69921875,1.8821379235754931,4555.73046875
2026-05-27 19:44:19.428481,19080.14,0.85238713,23719.30078125,1.8966799823785911,4639.16015625
2026-05-28 19:44:19.428481,19101.291,0.85714835,24031.69921875,1.9670020655034546,4930.408203125
2026-05-29 19:44:19.428481,19101.982,0.8573038,23913.69921875,1.940439814183827,4811.716796875
2026-06-01 19:44:19.428481,19087.93,0.85414046,23907.150390625,1.9389656479253081,4819.220703125
2026-06-02 19:44:19.428481,19062.379,0.84838885,23547.75,1.858063245381635,4485.37109375
2026-06-03 19:44:19.428481,19061.496,0.8481905,23382.599609375,1.8208872607942124,4321.103515625
2026-06-04 19:44:19.428481,19065.22,0.84902877,23483.55078125,1.8436117556955227,4418.330078125
2026-06-05 19:44:19.428481,19081.475,0.85268754,23405.599609375,1.826064648763292,4324.125
2026-06-08 19:44:19.428481,19088.297,0.85422343,23416.55078125,1.8285297994377685,4328.25390625
2026-06-09 19:44:19.428481,19101.877,0.85728043,23366.69921875,1.8173080220496236,4264.822265625
2026-06-10 19:44:19.428481,19073.467,0.8508851,23123.0,1.762450395822214,4049.533203125
2026-06-11 19:44:19.428481,19093.072,0.8552982,23242.099609375,1.7892601734178766,4149.02734375
2026-06-12 19:44:19.428481,19051.896,0.84602946,23214.94921875,1.7831485166449332,4163.052734375
2026-06-15 19:44:19.428481,19012.37,0.8371317,23161.599609375,1.771139315526097,4149.23046875
2026-06-16 19:44:19.428481,19024.744,0.83991736,23622.900390625,1.8749798857422229,4598.15625
2026-06-17 19:44:19.428481,19026.074,0.8402168,23853.900390625,1.926978869257764,4827.826171875
2026-06-18 19:44:19.428481,19033.033,0.8417832,23989.150390625,1.9574241615542012,4956.1171875
2026-06-19 19:44:19.428481,19022.09,0.8393199,24085.69921875,1.979157672039555,5063.609375
2026-06-22 19:44:19.428481,19042.842,0.843991,24168.0,1.9976838926782343,5125.158203125
2026-06-23 19:44:19.428481,19042.955,0.84401673,24013.099609375,1.9628152222944233,4970.14453125
2026-06-24 19:44:19.428481,19072.127,0.85058326,24102.900390625,1.983029721618672,5030.7734375
2026-06-25 19:44:19.428481,19059.941,0.8478405,23824.099609375,1.9202705994180715,4764.158203125
2026-06-26 19:44:19.428481,19059.027,0.8476345,24021.650390625,1.9647400358583362,4962.623046875
2026-06-29 19:44:19.428481,19040.229,0.84340304,24056.0,1.9724722643070627,5015.771484375
2026-06-30 19:44:19.428481,19024.016,0.8397533,23946.25,1.9477671195415618,4922.234375
2026-07-01 19:44:19.428481,19048.53,0.8452713,23865.75,1.9296462616497823,4817.220703125
2026-07-02 19:44:19.428481,19007.064,0.8359377,24005.849609375,1.9611832195650396,4998.78515625
2026-07-03 19:44:19.428481,19005.879,0.83567065,24175.69921875,1.9994170162663898,5169.8203125
2026-07-06 19:44:19.428481,18989.322,0.8319437,24270.849609375,2.0208357331218294,5281.52734375
2026-07-07 19:44:19.428481,19000.484,0.83445615,24430.349609375,2.056739793168275,5429.865234375
2026-07-08 19:44:19.428481,19002.918,0.83500403,24398.69921875,2.04961516918399,5395.78125
2026-07-09 19:44:19.428481,19019.844,0.83881444,23882.05078125,1.9333156298554504,4862.20703125
2026-07-10 19:44:19.428481,19011.697,0.8369805,23962.80078125,1.9514927637034156,4951.103515625
2026-07-13 19:44:19.428481,19019.104,0.83864754,24206.900390625,2.006440519391903,5187.796875
2026-07-14 19:44:19.428481,19007.818,0.83610743,24211.0,2.0073633571421667,5203.181640625
2026-07-15 19:44:19.428481,19000.654,0.83449477,24052.05078125,1.9715832800616924,5051.396484375
2026-07-16 19:44:19.428481,19007.643,0.83606786,24078.5,1.9775371003637718,5070.857421875
2026-07-17 19:44:19.428481,19015.352,0.83780307,24072.75,1.9762427533715017,5057.3984375
2026-07-20 19:44:19.428481,19009.6,0.83650845,24334.30078125,2.0351188345952926,5324.701171875
2026-07-21 19:44:19.428481,18997.254,0.83372897,24238.5,2.013553712322588,5241.24609375
2026-07-22 19:44:19.428481,18991.023,0.8323266,24187.69921875,2.0021182621633007,5196.67578125
2026-07-23 19:44:19.428481,18986.03,0.8312027,23996.25,1.9590223107786922,5010.220703125
2026-07-24 19:44:19.428481,18993.648,0.8329174,23869.599609375,1.9305128234438604,4875.951171875
2026-07-27 19:44:19.428481,18984.549,0.8308694,23767.44921875,1.907518379815221,4782.900390625
2026-07-28 19:44:19.428481,18992.838,0.83273524,23995.94921875,1.9589546037689067,5003.111328125
2026-07-29 19:44:19.428481,18981.934,0.8302805,23985.349609375,1.9565685911578163,5003.416015625
2026-07-30 19:44:19.428481,18964.498,0.82635564,24250.19921875,2.0161872512097134,5285.701171875
2026-07-31 19:44:19.428481,18928.314,0.8182108,24317.150390625,2.031258216069775,5388.8359375
2026-08-03 19:44:19.428481,18932.314,0.81911105,24383.599609375,2.0462161893615582,5451.28515625
2026-08-04 19:44:19.428481,18976.82,0.8291294,24774.30078125,2.1341645174820383,5797.48046875
2026-08-05 19:44:19.428481,18990.469,0.83220166,24614.900390625,2.0982828798868858,5624.431640625
2026-08-06 19:44:19.428481,18987.611,0.8315584,24624.650390625,2.100477642178126,5637.0390625
2026-08-07 19:44:19.428481,18969.611,0.8275067,24636.0,2.1030324826577727,5666.388671875
2026-08-10 19:44:19.428481,18993.797,0.8329508,24570.650390625,2.0883220356420256,5576.853515625
2026-08-11 19:44:19.428481,18987.041,0.83143014,24583.80078125,2.091282238868572,5596.759765625
2026-08-12 19:44:19.428481,19001.332,0.83464736,24471.69921875,2.0660477483902002,5470.3671875
2026-08-13 19:44:19.428481,19014.041,0.8375079,24435.94921875,2.0580002866556515,5421.908203125
2026-08-14 19:44:19.428481,19020.016,0.83885306,24395.849609375,2.048973711214655,5375.833984375
2026-08-17 19:44:19.428481,19027.602,0.8405606,24366.0,2.04225444997727,5338.3984375
2026-08-18 19:44:19.428481,18993.48,0.8328797,24154.900390625,1.9947351205052875,5161.419921875
