Date,Actual_Price,Predicted_Price,Absolute_Error
2023-03-31,17359.75,15890.20579199149,1469.5442080085104
2023-04-03,17398.05078125,14460.703097080832,2937.347684169168
2023-04-05,17557.05078125,20761.76703689916,3204.7162556491603
2023-04-06,17599.150390625,17626.98144765273,27.83105702773173
2023-04-10,17624.05078125,19958.209907676806,2334.1591264268063
2023-04-11,17722.30078125,16864.30517980954,857.9956014404597
2023-04-12,17812.400390625,15606.031539290503,2206.368851334497
2023-04-13,17828.0,16682.15982640458,1145.8401735954212
2023-04-17,17706.849609375,17455.152258182305,251.69735119269535
2023-04-18,17660.150390625,19979.66009360984,2319.5097029848403
2023-04-19,17618.75,18309.055213203665,690.3052132036646
2023-04-20,17624.44921875,15377.91456836808,2246.53465038192
2023-04-21,17624.05078125,17713.020529181715,88.96974793171466
2023-04-24,17743.400390625,18175.649786101167,432.2493954761667
2023-04-25,17769.25,20387.329498658342,2618.0794986583423
2023-04-26,17813.599609375,19872.76674276214,2059.167133387142
2023-04-27,17915.05078125,20680.12889310898,2765.0781118589803
2023-04-28,18065.0,17866.04870204425,198.95129795575122
2023-05-02,18147.650390625,18127.952663893768,19.69772673123225
2023-05-03,18089.849609375,19880.24574804892,1790.396138673921
2023-05-04,18255.80078125,19514.09631173954,1258.2955304895404
2023-05-05,18069.0,19699.60222791724,1630.6022279172394
2023-05-08,18264.400390625,18354.220398430978,89.8200078059781
2023-05-09,18265.94921875,15303.406088487947,2962.5431302620527
2023-05-10,18315.099609375,20402.23308428397,2087.133474908969
2023-05-11,18297.0,19877.60089950706,1580.6008995070588
2023-05-12,18314.80078125,19170.099790879194,855.2990096291942
2023-05-15,18398.849609375,18486.01156093755,87.1619515625498
2023-05-16,18286.5,17037.163004302587,1249.336995697413
2023-05-17,18181.75,20491.486585653744,2309.7365856537435
2023-05-18,18129.94921875,15967.01538211626,2162.9338366337397
2023-05-19,18203.400390625,19346.341165706875,1142.9407750818755
2023-05-22,18314.400390625,18885.3710974257,570.970706800701
2023-05-23,18348.0,15913.169349225189,2434.830650774811
2023-05-24,18285.400390625,21227.214228108984,2941.8138374839837
2023-05-25,18321.150390625,20290.354546762832,1969.204156137832
2023-05-26,18499.349609375,19226.93737937999,727.5877700049896
2023-05-29,18598.650390625,18470.953141862836,127.69724876216424
2023-05-30,18633.849609375,16756.898959611208,1876.9506497637922
2023-05-31,18534.400390625,16239.292210116913,2295.1081805080867
2023-06-01,18487.75,17540.9269433595,946.8230566405
2023-06-02,18534.099609375,19512.152170947513,978.0525615725128
2023-06-05,18593.849609375,18509.712627434994,84.13698194000608
2023-06-06,18599.0,16992.913510293496,1606.086489706504
2023-06-07,18726.400390625,16280.600659067812,2445.7997315571884
2023-06-08,18634.55078125,17122.32696335012,1512.2238178998814
2023-06-09,18563.400390625,19700.094673279695,1136.6942826546947
2023-06-12,18601.5,18919.125061179762,317.62506117976227
2023-06-13,18716.150390625,16609.34894185344,2106.801448771559
2023-06-14,18755.900390625,16562.165802586092,2193.7345880389075
2023-06-15,18688.099609375,21353.383682330466,2665.2840729554664
2023-06-16,18826.0,17604.352386307342,1221.6476136926576
2023-06-19,18755.44921875,18785.101016903296,29.651798153296113
2023-06-20,18816.69921875,15409.174791455482,3407.5244272945183
2023-06-21,18856.849609375,20458.56947883261,1601.719869457611
2023-06-22,18771.25,18772.264711225067,1.0147112250670034
2023-06-23,18665.5,18756.4463258809,90.94632588090099
2023-06-26,18691.19921875,16561.396222007108,2129.802996742892
2023-06-27,18817.400390625,19575.494623310726,758.0942326857257
2023-06-28,18972.099609375,16651.131644825808,2320.9679645491924
2023-06-30,19189.05078125,18501.062611235095,687.9881700149053
2023-07-03,19322.55078125,19764.213933219642,441.66315196964206
2023-07-04,19389.0,18019.48179519987,1369.5182048001298
2023-07-05,19398.5,16399.288392282568,2999.2116077174323
2023-07-06,19497.30078125,17491.488760278582,2005.812020971418
2023-07-07,19331.80078125,19443.152574676133,111.35179342613264
2023-07-10,19355.900390625,20430.963278000927,1075.062887375927
2023-07-11,19439.400390625,21362.99968889401,1923.5992982690113
2023-07-12,19384.30078125,16624.548481846832,2759.752299403168
2023-07-13,19413.75,17330.624557633804,2083.125442366196
2023-07-14,19564.5,20851.572086184275,1287.0720861842747
2023-07-17,19711.44921875,18555.466989887605,1155.9822288623945
2023-07-18,19749.25,19784.927796904172,35.67779690417228
2023-07-19,19833.150390625,18951.87853555333,881.2718550716709
2023-07-20,19979.150390625,18498.88955678762,1480.2608338373793
2023-07-21,19745.0,21532.57070151826,1787.5707015182597
2023-07-24,19672.349609375,17694.47558161296,1977.8740277620418
2023-07-25,19680.599609375,19402.595198147337,278.0044112276628
2023-07-26,19778.30078125,20269.807079358783,491.5062981087831
2023-07-27,19659.900390625,20187.441132994525,527.5407423695251
2023-07-28,19646.05078125,22892.624121896788,3246.573340646788
2023-07-31,19753.80078125,19980.344851698985,226.5440704489847
2023-08-01,19733.55078125,21581.751419275093,1848.2006380250932
2023-08-02,19526.55078125,19280.55069660066,246.00008464933853
2023-08-03,19381.650390625,17920.16406681347,1461.4863238115286
2023-08-04,19517.0,19902.6472692126,385.6472692126008
2023-08-07,19597.30078125,19894.09618437469,296.7954031246918
2023-08-08,19570.849609375,21323.635359059324,1752.7857496843244
2023-08-09,19632.55078125,18524.18723783938,1108.3635434106218
2023-08-10,19543.099609375,23295.851532367407,3752.7519229924073
2023-08-11,19428.30078125,18468.004026952018,960.2967542979823
2023-08-14,19434.55078125,20598.57192514661,1164.0211438966107
2023-08-16,19465.0,19421.216213306223,43.783786693777074
2023-08-17,19365.25,22752.43753635257,3387.1875363525687
2023-08-18,19310.150390625,20709.493567193258,1399.343176568258
2023-08-21,19393.599609375,21516.242326080755,2122.6427167057554
2023-08-22,19396.44921875,19220.93774672231,175.51147202769062
2023-08-23,19444.0,20952.767549014792,1508.7675490147922
2023-08-24,19386.69921875,22658.738529609793,3272.0393108597927
2023-08-25,19265.80078125,20446.231612327607,1180.4308310776069
2023-08-28,19306.05078125,21958.981946287557,2652.9311650375566
2023-08-29,19342.650390625,21939.887218672277,2597.2368280472765
2023-08-30,19347.44921875,17807.991903895785,1539.457314854215
2023-08-31,19253.80078125,19927.825216392128,674.0244351421279
2023-09-01,19435.30078125,21939.533153367993,2504.232372117993
2023-09-04,19528.80078125,19840.088706983563,311.2879257335626
2023-09-05,19574.900390625,20492.326080884,917.4256902589987
2023-09-06,19611.05078125,17985.460151342922,1625.5906299070775
2023-09-07,19727.05078125,20817.83116428123,1090.7803830312296
2023-09-08,19819.94921875,16882.017786860597,2937.931431889403
2023-09-11,19996.349609375,19823.846173501184,172.50343587381576
2023-09-12,19993.19921875,19923.19993823184,69.99928051816096
2023-09-13,20070.0,19014.21597673617,1055.78402326383
2023-09-14,20103.099609375,23488.627157572093,3385.527548197093
2023-09-15,20192.349609375,19640.206420877905,552.1431884970953
2023-09-18,20133.30078125,17519.42991775123,2613.8708634987706
2023-09-20,19901.400390625,21791.1020012128,1889.7016105877992
2023-09-21,19742.349609375,22122.958264751745,2380.6086553767454
2023-09-22,19674.25,16679.083794530663,2995.166205469337
2023-09-25,19674.55078125,20993.65786362286,1319.1070823728587
2023-09-26,19664.69921875,22150.792673214415,2486.093454464415
2023-09-27,19716.44921875,20880.807903436216,1164.3586846862163
2023-09-28,19523.55078125,17226.427199059286,2297.123582190714
2023-09-29,19638.30078125,21524.91199959745,1886.6112183474506
2023-10-03,19528.75,19665.52032156616,136.77032156616042
2023-10-04,19436.099609375,21084.330940616303,1648.2313312413025
2023-10-05,19545.75,23004.852303897198,3459.102303897198
2023-10-06,19653.5,20685.717434151684,1032.2174341516838
2023-10-09,19512.349609375,20251.225306639077,738.8756972640767
2023-10-10,19689.849609375,18670.546116708145,1019.3034926668552
2023-10-11,19811.349609375,17486.844877233056,2324.5047321419443
2023-10-12,19794.0,16934.76058467128,2859.2394153287205
2023-10-13,19751.05078125,19885.006547503308,133.95576625330796
2023-10-16,19731.75,22733.272674103948,3001.522674103948
2023-10-17,19811.5,19789.045132881784,22.454867118216498
2023-10-18,19671.099609375,16699.171676554197,2971.927932820803
2023-10-19,19624.69921875,19614.40262259174,10.29659615825949
2023-10-20,19542.650390625,18828.742794522645,713.9075961023555
2023-10-23,19281.75,20021.968353206306,740.2183532063063
2023-10-25,19122.150390625,20483.640623911564,1361.490233286564
2023-10-26,18857.25,17895.425376615894,961.8246233841055
2023-10-27,19047.25,22033.667287835116,2986.4172878351164
2023-10-30,19140.900390625,17381.524925259575,1759.375465365425
2023-10-31,19079.599609375,21288.017248394826,2208.4176390198263
2023-11-01,18989.150390625,21743.69338252945,2754.542991904451
2023-11-02,19133.25,20357.850728565136,1224.6007285651358
2023-11-03,19230.599609375,18609.265059812784,621.3345495622161
2023-11-06,19411.75,21696.971769698495,2285.2217696984953
2023-11-07,19406.69921875,19038.669159887744,368.0300588622558
2023-11-08,19443.5,16559.591322639062,2883.908677360938
2023-11-09,19395.30078125,21839.483302718585,2444.182521468585
2023-11-10,19425.349609375,20811.301799134668,1385.9521897596678
2023-11-13,19443.55078125,19358.527517265546,85.02326398445439
2023-11-15,19675.44921875,19392.24837497801,283.20084377198873
2023-11-16,19765.19921875,20192.94958610468,427.75036735468166
2023-11-17,19731.80078125,17942.299539456624,1789.5012417933758
2023-11-20,19694.0,24136.332165977445,4442.332165977445
2023-11-21,19783.400390625,19696.457286228408,86.94310439659239
2023-11-22,19811.849609375,20591.25023396892,779.4006245939199
2023-11-23,19802.0,19892.669100089162,90.66910008916238
2023-11-24,19794.69921875,19720.68141750314,74.01780124686047
2023-11-28,19889.69921875,20067.30421860668,177.6049998566814
2023-11-29,20096.599609375,22217.915419021843,2121.3158096468433
2023-11-30,20133.150390625,21124.756476344224,991.6060857192242
2023-12-01,20267.900390625,24039.140406850816,3771.2400162258164
2023-12-04,20686.80078125,20163.820388831362,522.9803924186381
2023-12-05,20855.099609375,19441.177786560314,1413.9218228146856
2023-12-06,20937.69921875,20376.441035610304,561.2581831396965
2023-12-07,20901.150390625,18675.515674278748,2225.6347163462524
2023-12-08,20969.400390625,20965.41828364804,3.9821069769604946
2023-12-11,20997.099609375,18532.196560773926,2464.9030486010743
2023-12-12,20906.400390625,23164.882987891302,2258.482597266302
2023-12-13,20926.349609375,23083.338338530648,2156.988729155648
2023-12-14,21182.69921875,23690.75469282987,2508.055474079869
2023-12-15,21456.650390625,18813.14719299743,2643.5031976275714
2023-12-18,21418.650390625,20675.815673884466,742.8347167405336
2023-12-19,21453.099609375,23000.286065815497,1547.1864564404968
2023-12-20,21150.150390625,25498.832461880527,4348.682071255527
2023-12-21,21255.05078125,21851.089253725768,596.0384724757678
2023-12-22,21349.400390625,22743.498075758034,1394.0976851330342
2023-12-26,21441.349609375,23977.32650538907,2535.976896014068
2023-12-27,21654.75,20932.257896354975,722.492103645025
2023-12-28,21778.69921875,20228.390638329354,1550.3085804206457
2023-12-29,21731.400390625,23371.955500245618,1640.5551096206182
2024-01-01,21741.900390625,18880.34812592711,2861.5522646978898
2024-01-02,21665.80078125,20901.491265155055,764.3095160949451
2024-01-03,21517.349609375,20817.040093440555,700.3095159344448
2024-01-04,21658.599609375,19055.97707427166,2602.622535103339
2024-01-05,21710.80078125,19293.151366324793,2417.6494149252067
2024-01-08,21513.0,21345.83651072425,167.16348927575018
2024-01-09,21544.849609375,23771.054891516553,2226.2052821415527
2024-01-10,21618.69921875,22254.889391405748,636.190172655748
2024-01-11,21647.19921875,21644.814601008933,2.3846177410669043
2024-01-12,21894.55078125,21200.83592223897,693.7148590110301
2024-01-15,22097.44921875,23982.886233692676,1885.437014942676
2024-01-16,22032.30078125,21929.977726934736,102.32305431526402
2024-01-17,21571.94921875,22166.828535790155,594.879317040155
2024-01-18,21462.25,20313.724093951878,1148.5259060481221
2024-01-19,21622.400390625,24172.73371345379,2550.3333228287884
2024-01-23,21238.80078125,21559.837712428656,321.03693117865623
2024-01-24,21453.94921875,21193.294188986532,260.6550297634676
2024-01-25,21352.599609375,21878.72353922206,526.1239298470609
2024-01-29,21737.599609375,20054.79435726939,1682.8052521056088
2024-01-30,21522.099609375,22060.17390152363,538.0742921486308
2024-01-31,21725.69921875,23858.936783842793,2133.2375650927934
2024-02-01,21697.44921875,23511.76269748233,1814.3134787323288
2024-02-02,21853.80078125,19971.094419046713,1882.7063622032874
2024-02-05,21771.69921875,25948.083648956035,4176.384430206035
2024-02-06,21929.400390625,25076.77954122509,3147.379150600089
2024-02-07,21930.5,21858.876626041667,71.6233739583331
2024-02-08,21717.94921875,25579.748127000665,3861.7989082506647
2024-02-09,21782.5,21659.74404598418,122.75595401582177
2024-02-12,21616.05078125,18981.856462968644,2634.1943182813557
2024-02-13,21743.25,21739.132442682287,4.117557317713363
2024-02-14,21840.05078125,19769.349191243527,2070.7015900064725
2024-02-15,21910.75,21877.479451634215,33.270548365784634
2024-02-16,22040.69921875,19785.082002166848,2255.617216583152
2024-02-19,22122.25,23286.70330357925,1164.4533035792483
2024-02-20,22196.94921875,21385.58148476039,811.3677339896094
2024-02-21,22055.05078125,24590.630616688188,2535.5798354381877
2024-02-22,22217.44921875,20485.1959854003,1732.2532333497002
2024-02-23,22212.69921875,19079.362369564296,3133.3368491857036
2024-02-26,22122.05078125,22348.067661598456,226.01688034845574
2024-02-27,22198.349609375,21553.268536332376,645.0810730426238
2024-02-28,21951.150390625,19934.078374992012,2017.072015632988
2024-02-29,21982.80078125,19035.69354156961,2947.10723968039
2024-03-01,22338.75,19454.36215002339,2884.3878499766106
2024-03-04,22405.599609375,24978.672484991774,2573.0728756167737
2024-03-05,22356.30078125,26081.05270139392,3724.751920143921
2024-03-06,22474.05078125,22372.09745067836,101.95333057163953
2024-03-07,22493.55078125,22516.924469431724,23.373688181723992
2024-03-11,22332.650390625,20410.786853942365,1921.8635366826347
2024-03-12,22335.69921875,19707.900691642695,2627.798527107305
2024-03-13,21997.69921875,24438.88539684471,2441.186178094711
2024-03-14,22146.650390625,21063.021349280774,1083.6290413442257
2024-03-15,22023.349609375,22160.112775177477,136.76316580247658
2024-03-18,22055.69921875,21430.320040029663,625.3791787203372
2024-03-19,21817.44921875,19390.484883703764,2426.9643350462356
2024-03-20,21839.099609375,18842.67988991925,2996.419719455749
2024-03-21,22011.94921875,22599.894515423046,587.945296673046
2024-03-22,22096.75,25773.335241096247,3676.585241096247
2024-03-26,22004.69921875,25926.85382317937,3922.154604429368
2024-03-27,22123.650390625,24081.789897170438,1958.139506545438
2024-03-28,22326.900390625,22205.3124659426,121.58792468240063
2024-04-01,22462.0,25912.01814701714,3450.018147017141
2024-04-02,22453.30078125,25293.384869837733,2840.0840885877333
2024-04-03,22434.650390625,26559.2471748334,4124.596784208399
2024-04-04,22514.650390625,24785.205277109068,2270.5548864840675
2024-04-05,22513.69921875,25443.320325061028,2929.6211063110277
2024-04-08,22666.30078125,23729.517269086336,1063.2164878363365
2024-04-09,22642.75,22757.76587983454,115.0158798345401
2024-04-10,22753.80078125,22466.90386575331,286.8969154966908
2024-04-12,22519.400390625,20192.090887789986,2327.3095028350144
2024-04-15,22272.5,24512.994107227056,2240.494107227056
2024-04-16,22147.900390625,22219.730925459648,71.83053483464755
2024-04-18,21995.849609375,24270.133921824272,2274.284312449272
2024-04-19,22147.0,24802.162145671387,2655.1621456713874
2024-04-22,22336.400390625,19727.33984112459,2609.0605495004093
2024-04-23,22368.0,19105.864098066562,3262.1359019334377
2024-04-24,22402.400390625,21568.1592305131,834.2411601118984
2024-04-25,22570.349609375,25348.237860855734,2777.8882514807337
2024-04-26,22419.94921875,22611.677233970102,191.72801522010195
2024-04-29,22643.400390625,19547.819252338886,3095.581138286114
2024-04-30,22604.849609375,20561.736827980327,2043.1127813946732
2024-05-02,22648.19921875,22638.14305331893,10.05616543106953
2024-05-03,22475.849609375,21258.370462494644,1217.479146880356
2024-05-06,22442.69921875,19955.252828389406,2487.446390360594
2024-05-07,22302.5,20990.578083065993,1311.9219169340067
2024-05-08,22302.5,20328.839203183907,1973.6607968160934
2024-05-09,21957.5,23980.457835889894,2022.9578358898943
2024-05-10,22055.19921875,19246.824735416805,2808.374483333195
2024-05-13,22104.05078125,25438.764240479002,3334.713459229002
2024-05-14,22217.849609375,23516.13778483736,1298.2881754623595
2024-05-15,22200.55078125,22557.78724289394,357.23646164394086
2024-05-16,22403.849609375,20455.28740248117,1948.5622068938283
2024-05-17,22466.099609375,25953.28607292609,3487.18646355109
2024-05-21,22529.05078125,24826.454133143725,2297.403351893725
2024-05-22,22597.80078125,20795.744176167027,1802.056605082973
2024-05-23,22967.650390625,20186.70811137343,2780.942279251569
2024-05-24,22957.099609375,26640.092561236503,3682.9929518615027
2024-05-27,22932.44921875,20733.470812034055,2198.9784067159453
2024-05-28,22888.150390625,20393.101575996243,2495.048814628757
2024-05-29,22704.69921875,20003.840960644055,2700.8582581059454
2024-05-30,22488.650390625,23272.866903628445,784.2165130034446
2024-05-31,22530.69921875,21098.927749892922,1431.7714688570777
2024-06-03,23263.900390625,23129.85449685298,134.04589377202137
2024-06-04,21884.5,21690.30082236952,194.19917763047852
2024-06-05,22620.349609375,22597.312183166294,23.037426208706165
2024-06-06,22821.400390625,23001.908341394632,180.50795076963186
2024-06-07,23290.150390625,24970.639002986412,1680.4886123614124
2024-06-10,23259.19921875,23206.56276250342,52.636456246578746
2024-06-11,23264.849609375,27745.75797480073,4480.90836542573
2024-06-12,23322.94921875,20336.223483165642,2986.7257355843576
2024-06-13,23398.900390625,21496.786631499537,1902.1137591254628
2024-06-14,23465.599609375,26575.937594417952,3110.337985042952
2024-06-18,23557.900390625,26304.376165080215,2746.4757744552153
2024-06-19,23516.0,22153.517485141972,1362.4825148580276
2024-06-20,23567.0,21461.462342535702,2105.537657464298
2024-06-21,23501.099609375,21502.528760967085,1998.570848407915
2024-06-24,23537.849609375,20635.606203999003,2902.243405375997
2024-06-25,23721.30078125,20429.227793206966,3292.0729880430335
2024-06-26,23868.80078125,20502.833082837253,3365.9676984127473
2024-06-27,24044.5,26404.89505463056,2360.3950546305605
2024-06-28,24010.599609375,26569.798045384614,2559.198436009614
2024-07-01,24141.94921875,24538.33130996687,396.3820912168703
2024-07-02,24123.849609375,23492.179905528756,631.6697038462444
2024-07-03,24286.5,21175.532613051073,3110.967386948927
2024-07-04,24302.150390625,27026.42695207303,2724.2765614480304
2024-07-05,24323.849609375,26576.303755286026,2252.454145911026
2024-07-08,24320.55078125,26327.071300556476,2006.5205193064758
2024-07-09,24433.19921875,25844.339087239834,1411.139868489834
2024-07-10,24324.44921875,24467.61676318865,143.1675444386492
2024-07-11,24315.94921875,27239.81241828123,2923.8631995312317
2024-07-12,24502.150390625,25496.249371980233,994.0989813552333
2024-07-15,24586.69921875,22209.24807332185,2377.451145428149
2024-07-16,24613.0,22713.82925939278,1899.17074060722
2024-07-18,24800.849609375,23093.552004700203,1707.2976046747972
2024-07-19,24530.900390625,22559.46879658267,1971.4315940423294
2024-07-22,24509.25,25150.286249963418,641.0362499634175
2024-07-23,24479.05078125,20859.87617560565,3619.1746056443517
2024-07-24,24413.5,26765.183979814254,2351.6839798142537
2024-07-25,24406.099609375,27933.08060863949,3526.9809992644914
2024-07-26,24834.849609375,23805.703665870064,1029.1459435049364
2024-07-29,24836.099609375,22309.377301239176,2526.7223081358243
2024-07-30,24857.30078125,23633.11642988421,1224.1843513657914
2024-07-31,24951.150390625,24782.39423378111,168.7561568438905
2024-08-01,25010.900390625,27839.224156751825,2828.323766126825
2024-08-02,24717.69921875,26576.719944682227,1859.020725932227
2024-08-05,24055.599609375,24936.71076766322,881.1111582882186
2024-08-06,23992.55078125,24692.82399221968,700.2732109696808
2024-08-07,24297.5,21054.910821875445,3242.5891781245555
2024-08-08,24117.0,20390.065005649052,3726.934994350948
2024-08-09,24367.5,20903.684353619883,3463.815646380117
2024-08-12,24347.0,27799.93888315382,3452.93888315382
2024-08-13,24139.0,20968.194988247007,3170.805011752993
2024-08-14,24143.75,26151.06042208105,2007.3104220810492
2024-08-16,24541.150390625,24057.10633497772,484.0440556472786
2024-08-19,24572.650390625,21173.910115453476,3398.7402751715235
2024-08-20,24698.849609375,25725.4400451052,1026.5904357301988
2024-08-21,24770.19921875,21984.510779202577,2785.6884395474226
2024-08-22,24811.5,23377.06819018258,1434.431809817419
2024-08-23,24823.150390625,24059.829580265683,763.320810359317
2024-08-26,25010.599609375,22081.82352748009,2928.77608189491
2024-08-27,25017.75,25222.990292543393,205.24029254339257
2024-08-28,25052.349609375,27801.980504067888,2749.6308946928875
2024-08-29,25151.94921875,21741.913298634798,3410.0359201152023
2024-08-30,25235.900390625,21068.22539037013,4167.675000254869
2024-09-02,25278.69921875,29127.770182799628,3849.070964049628
2024-09-03,25279.849609375,21992.48016290593,3287.3694464690707
2024-09-04,25198.69921875,21715.740858611443,3482.9583601385566
2024-09-05,25145.099609375,26264.080751552774,1118.981142177774
2024-09-06,24852.150390625,24303.374828068234,548.7755625567661
2024-09-09,24936.400390625,28623.352999064326,3686.9526084393256
2024-09-10,25041.099609375,26310.68979171486,1269.59018233986
2024-09-11,24918.44921875,21894.622767141125,3023.826451608875
2024-09-12,25388.900390625,22439.26787699815,2949.6325136268497
2024-09-13,25356.5,29636.304598811334,4279.804598811334
2024-09-16,25383.75,24048.137552918673,1335.6124470813265
2024-09-17,25418.55078125,21735.633495461985,3682.917285788015
2024-09-18,25377.55078125,28364.884920279506,2987.3341390295063
2024-09-19,25415.80078125,29546.596031396613,4130.795250146613
2024-09-20,25790.94921875,25361.66225055006,429.28696819994
2024-09-23,25939.05078125,29497.68987070883,3558.6390894588294
2024-09-24,25940.400390625,23096.680277475843,2843.7201131491565
2024-09-25,26004.150390625,29134.292086425445,3130.1416958004447
2024-09-26,26216.05078125,23603.39033880985,2612.6604424401485
2024-09-27,26178.94921875,26938.1042383324,759.1550195823984
2024-09-30,25810.849609375,24214.114834858552,1596.734774516448
2024-10-01,25796.900390625,27023.841374880893,1226.9409842558925
2024-10-03,25250.099609375,27859.653556458885,2609.553947083885
2024-10-04,25014.599609375,25636.427944143303,621.8283347683027
2024-10-07,24795.75,27848.35373845685,3052.6037384568517
2024-10-08,25013.150390625,23629.803495772423,1383.346894852577
2024-10-09,24981.94921875,28666.666559839712,3684.717341089712
2024-10-10,24998.44921875,22220.164971442828,2778.2842473071723
2024-10-11,24964.25,26557.31280469114,1593.0628046911406
2024-10-14,25127.94921875,20925.412186338806,4202.537032411194
2024-10-15,25057.349609375,25163.26124448839,105.91163511338891
2024-10-16,24971.30078125,27885.97287667511,2914.6720954251105
2024-10-17,24749.849609375,21343.697606817565,3406.1520025574355
2024-10-18,24854.05078125,23550.392340390474,1303.6584408595263
2024-10-21,24781.099609375,27031.75775295223,2250.6581435772314
2024-10-22,24472.099609375,27890.03966505906,3417.940055684059
2024-10-23,24435.5,21419.898065094472,3015.6019349055277
2024-10-24,24399.400390625,24502.996240065742,103.59584944074231
2024-10-25,24180.80078125,26461.45791945606,2280.657138206061
2024-10-28,24339.150390625,27316.460574840843,2977.310184215843
2024-10-29,24466.849609375,24301.41332325503,165.43628611996974
2024-10-30,24340.849609375,25337.598995145498,996.7493857704976
2024-10-31,24205.349609375,24762.082579407914,556.7329700329137
2024-11-01,24304.349609375,27199.00749878467,2894.657889409671
2024-11-04,23995.349609375,21397.047612775288,2598.301996599712
2024-11-05,24213.30078125,21713.370525911127,2499.9302553388734
2024-11-06,24484.05078125,22372.873006475213,2111.1777747747874
2024-11-07,24199.349609375,22694.14801432767,1505.2015950473287
2024-11-08,24148.19921875,22622.876374075728,1525.3228446742723
2024-11-11,24141.30078125,23316.679152868543,824.6216283814574
2024-11-12,23883.44921875,28852.667679272028,4969.218460522028
2024-11-13,23559.05078125,28021.332661246543,4462.281879996543
2024-11-14,23532.69921875,20805.87807379126,2726.8211449587398
2024-11-18,23453.80078125,26948.947833743896,3495.147052493896
2024-11-19,23518.5,23510.82488141754,7.675118582461437
2024-11-21,23349.900390625,25514.371922341,2164.4715317160008
2024-11-22,23907.25,20757.94750601306,3149.302493986939
2024-11-25,24221.900390625,25427.56109119155,1205.66070056655
2024-11-26,24194.5,22439.92390831087,1754.5760916891304
2024-11-27,24274.900390625,25016.195095340114,741.2947047151138
2024-11-28,23914.150390625,24742.68242784025,828.5320372152491
2024-11-29,24131.099609375,22571.686882487225,1559.4127268877746
2024-12-02,24276.05078125,22381.092570152545,1894.9582110974552
2024-12-03,24457.150390625,24690.928102266844,233.77771164184378
2024-12-04,24467.44921875,24008.134092771365,459.3151259786355
2024-12-05,24708.400390625,23318.323494911714,1390.076895713286
2024-12-06,24677.80078125,24816.08172451965,138.28094326964856
2024-12-09,24619.0,29187.80728757801,4568.807287578009
2024-12-10,24610.05078125,24656.60342703634,46.5526457863416
2024-12-11,24641.80078125,24431.608860043118,210.1919212068824
2024-12-12,24548.69921875,26134.412339841998,1585.713121091998
2024-12-13,24768.30078125,24364.816595862718,403.4841853872822
2024-12-16,24668.25,24556.280980145828,111.96901985417207
2024-12-17,24336.0,24638.629872475933,302.62987247593264
2024-12-18,24198.849609375,24454.191118272367,255.34150889736702
2024-12-19,23951.69921875,24184.656245325514,232.95702657551374
2024-12-20,23587.5,21516.860174571993,2070.6398254280066
2024-12-23,23753.44921875,23547.850756350763,205.59846239923718
2024-12-24,23727.650390625,21475.868368098952,2251.7820225260475
2024-12-26,23750.19921875,23861.07390682213,110.87468807213008
2024-12-27,23813.400390625,21473.13157484887,2340.2688157761295
2024-12-30,23644.900390625,27430.91865254303,3786.0182619180305
2024-12-31,23644.80078125,25610.240431439302,1965.4396501893025
2025-01-01,23742.900390625,24309.454812964894,566.5544223398938
2025-01-02,24188.650390625,22869.794561527902,1318.8558290970977
2025-01-03,24004.75,24370.51500529971,365.7650052997087
2025-01-06,23616.05078125,25197.28452217352,1581.2337409235188
2025-01-07,23707.900390625,21824.574929931016,1883.3254606939845
2025-01-08,23688.94921875,22231.8412672255,1457.1079515245
2025-01-09,23526.5,26625.29682175016,3098.7968217501584
2025-01-10,23431.5,24758.123455415003,1326.6234554150033
2025-01-13,23085.94921875,25478.530229075015,2392.581010325015
2025-01-14,23176.05078125,21279.410616861598,1896.640164388402
2025-01-15,23213.19921875,25002.464716834333,1789.2654980843326
2025-01-16,23311.80078125,22304.794380728596,1007.0064005214044
2025-01-17,23203.19921875,21791.32136445789,1411.87785429211
2025-01-20,23344.75,23083.93528389082,260.81471610918015
2025-01-21,23024.650390625,22909.400656666538,115.24973395846246
2025-01-22,23155.349609375,23617.57111559161,462.2215062166106
2025-01-23,23205.349609375,25335.985709408604,2130.6361000336037
2025-01-24,23092.19921875,23500.61426293755,408.41504418754994
2025-01-27,22829.150390625,22037.240916364375,791.9094742606248
2025-01-28,22957.25,25131.858285604136,2174.6082856041357
2025-01-29,23163.099609375,19592.5517419441,3570.5478674309015
2025-01-30,23249.5,23102.94350504239,146.556494957611
2025-01-31,23508.400390625,23314.98464855977,193.41574206523
2025-02-01,23482.150390625,22366.494787298005,1115.6556033269953
2025-02-03,23361.05078125,20515.97075908461,2845.0800221653917
2025-02-04,23739.25,20550.42339404769,3188.8266059523085
2025-02-05,23696.30078125,21788.98557534896,1907.315205901039
2025-02-06,23603.349609375,25909.192861345193,2305.843251970193
2025-02-07,23559.94921875,23158.23105035848,401.7181683915187
2025-02-10,23381.599609375,24950.41494895975,1568.8153395847512
2025-02-11,23071.80078125,23501.172440205515,429.37165895551516
2025-02-12,23045.25,25635.090864726542,2589.8408647265423
2025-02-13,23031.400390625,19818.5451962842,3212.8551943407983
2025-02-14,22929.25,21415.145368029323,1514.1046319706766
2025-02-17,22959.5,19300.708280080507,3658.7917199194926
2025-02-18,22945.30078125,26500.10566851933,3554.804887269329
2025-02-19,22932.900390625,19408.214517173197,3524.6858734518028
2025-02-20,22913.150390625,26124.29614898769,3211.1457583626907
2025-02-21,22795.900390625,21502.247491479495,1293.6528991455052
2025-02-24,22553.349609375,22771.370606884404,218.02099750940397
2025-02-25,22547.55078125,24478.981517736676,1931.4307364866763
2025-02-27,22545.05078125,21656.031611118782,889.0191701312178
2025-02-28,22124.69921875,25531.10071600559,3406.4014972555888
2025-03-03,22119.30078125,23805.207487559455,1685.9067063094553
2025-03-04,22082.650390625,23877.56426320977,1794.9138725847697
2025-03-05,22337.30078125,20530.60756892573,1806.6932123242696
2025-03-06,22544.69921875,25104.596231681535,2559.897012931535
2025-03-07,22552.5,21587.042554047577,965.4574459524229
2025-03-10,22460.30078125,23548.623495106276,1088.322713856276
2025-03-11,22497.900390625,19813.589983662005,2684.3104069629953
2025-03-12,22470.5,20596.586371544494,1873.9136284555061
2025-03-13,22397.19921875,24908.23094326877,2511.031724518769
2025-03-17,22508.75,22427.79003385316,80.95996614683827
2025-03-18,22834.30078125,23867.921573778644,1033.6207925286435
2025-03-19,22907.599609375,23804.101082747708,896.5014733727076
2025-03-20,23190.650390625,21663.089297478055,1527.5610931469455
2025-03-21,23350.400390625,20209.68565912507,3140.714731499931
2025-03-24,23658.349609375,20947.542533255764,2710.8070761192357
2025-03-25,23668.650390625,23624.826091813928,43.82429881107237
2025-03-26,23486.849609375,23231.755265706983,255.09434366801725
2025-03-27,23591.94921875,25135.675300969197,1543.7260822191965
2025-03-28,23519.349609375,22088.825477649876,1430.5241317251239
2025-04-01,23165.69921875,22775.310484277474,390.38873447252627
2025-04-02,23332.349609375,23153.040141108202,179.30946826679792
2025-04-03,23250.099609375,20406.524485538586,2843.5751238364137
2025-04-04,22904.44921875,21699.21239920092,1205.2368195490817
2025-04-07,22161.599609375,20426.970617177703,1734.6289921972966
2025-04-08,22535.849609375,20685.433918629325,1850.4156907456745
2025-04-09,22399.150390625,23725.02769840144,1325.8773077764417
2025-04-11,22828.55078125,23330.23086019781,501.6800789478111
2025-04-15,23328.55078125,22176.70200211622,1151.8487791337793
2025-04-16,23437.19921875,26695.917366161982,3258.7181474119825
2025-04-17,23851.650390625,23383.931934148575,467.71845647642476
2025-04-21,24125.55078125,27273.769590812448,3148.218809562448
2025-04-22,24167.25,27498.668972505067,3331.4189725050674
2025-04-23,24328.94921875,20943.425131900403,3385.5240868495966
2025-04-24,24246.69921875,26276.796661351236,2030.0974426012363
2025-04-25,24039.349609375,23145.277474749513,894.0721346254868
2025-04-28,24328.5,24627.2625771011,298.76257710110076
2025-04-29,24335.94921875,24219.46715221814,116.48206653185844
2025-04-30,24334.19921875,23473.821160487038,860.3780582629624
2025-05-02,24346.69921875,22099.747157605238,2246.9520611447624
2025-05-05,24461.150390625,23549.048512875932,912.1018777490681
2025-05-06,24379.599609375,24516.936090551826,137.33648117682606
2025-05-07,24414.400390625,26532.336286763108,2117.9358961381076
2025-05-08,24273.80078125,26800.90995222806,2527.1091709780594
2025-05-09,24008.0,22922.851881460916,1085.148118539084
2025-05-12,24924.69921875,26567.093287790714,1642.3940690407144
2025-05-13,24578.349609375,25109.64052062825,531.2909112532507
2025-05-14,24666.900390625,24605.930528555207,60.969862069792725
2025-05-15,25062.099609375,24353.159748317183,708.9398610578173
2025-05-16,25019.80078125,28236.29364900351,3216.49286775351
2025-05-19,24945.44921875,22057.916862035756,2887.532356714244
2025-05-20,24683.900390625,22066.7492060537,2617.1511845712994
2025-05-21,24813.44921875,28517.88719854213,3704.4379797921283
2025-05-22,24609.69921875,22229.075680211514,2380.623538538486
2025-05-23,24853.150390625,26957.078937910992,2103.928547285992
2025-05-26,25001.150390625,21308.962344941512,3692.188045683488
2025-05-27,24826.19921875,24200.735357545454,625.4638612045455
2025-05-28,24752.44921875,24471.71100999066,280.7382087593396
2025-05-29,24833.599609375,23471.931536223077,1361.6680731519227
2025-05-30,24750.69921875,26219.175965435566,1468.4767466855665
2025-06-02,24716.599609375,27827.137074468592,3110.537465093592
2025-06-03,24542.5,24552.225319911682,9.725319911682163
2025-06-04,24620.19921875,24599.471943501005,20.727275248995284
2025-06-05,24750.900390625,23692.546679246752,1058.3537113782477
2025-06-06,25003.05078125,26785.847392884087,1782.7966116340867
2025-06-09,25103.19921875,29665.865575526754,4562.666356776754
2025-06-10,25104.25,25210.94818931337,106.69818931337068
2025-06-11,25141.400390625,28562.65613083338,3421.2557402083803
2025-06-12,24888.19921875,25004.551700304863,116.3524815548626
2025-06-13,24718.599609375,22333.28889719332,2385.3107121816793
2025-06-16,24946.5,26542.45201941269,1595.952019412689
2025-06-17,24853.400390625,24743.052534888247,110.34785573675254
2025-06-18,24812.05078125,24354.37168673584,457.67909451415835
2025-06-19,24793.25,24441.704293904048,351.5457060959525
2025-06-20,25112.400390625,23005.04313635384,2107.357254271159
2025-06-23,24971.900390625,21381.76993204713,3590.1304585778707
2025-06-24,25044.349609375,24861.52161318815,182.8279961868502
2025-06-25,25244.75,25008.343904295733,236.4060957042675
2025-06-26,25549.0,21274.141571640434,4274.8584283595665
2025-06-27,25637.80078125,29534.412437468385,3896.611656218385
2025-06-30,25517.05078125,22093.151882861843,3423.8988983881572
2025-07-01,25541.80078125,23563.24354205311,1978.557239196889
2025-07-02,25453.400390625,21271.788253401002,4181.612137223998
2025-07-03,25405.30078125,23105.874583165685,2299.426198084315
2025-07-04,25461.0,22900.13800713562,2560.8619928643784
2025-07-07,25461.30078125,25210.775374797566,250.52540645243425
2025-07-08,25522.5,28802.907046666398,3280.407046666398
2025-07-09,25476.099609375,27235.306791421048,1759.2071820460478
2025-07-10,25355.25,24057.12305924587,1298.1269407541295
2025-07-11,25149.849609375,23462.20814677712,1687.6414625978796
2025-07-14,25082.30078125,24712.45693991907,369.84384133093045
2025-07-15,25195.80078125,23037.97242000969,2157.82836124031
2025-07-16,25212.05078125,25238.71712652178,26.6663452717803
2025-07-17,25111.44921875,23481.237301862046,1630.2119168879544
2025-07-18,24968.400390625,22735.445534178256,2232.954856446744
2025-07-21,25090.69921875,24205.241822390475,885.4573963595249
2025-07-22,25060.900390625,27232.046024237166,2171.1456336121664
2025-07-23,25219.900390625,22811.834007871636,2408.0663827533645
2025-07-24,25062.099609375,27670.306750048043,2608.207140673043
2025-07-25,24837.0,25222.34377753382,385.3437775338207
2025-07-28,24680.900390625,24984.954915372124,304.05452474712365
2025-07-29,24821.099609375,26772.796556903075,1951.6969475280748
2025-07-30,24855.05078125,24758.35724555045,96.6935356995491
2025-07-31,24768.349609375,22413.981133929727,2354.3684754452734
2025-08-01,24565.349609375,24115.9922257334,449.3573836415999
2025-08-04,24722.75,23903.828385438264,818.9216145617356
2025-08-05,24649.55078125,29346.210700315463,4696.659919065463
2025-08-06,24574.19921875,26251.226580439114,1677.0273616891136
2025-08-07,24596.150390625,24595.0230539979,1.127336627101613
2025-08-08,24363.30078125,26817.658273634417,2454.357492384417
2025-08-11,24585.05078125,27066.64453312104,2481.5937518710416
2025-08-12,24487.400390625,24338.555159655756,148.84523096924386
2025-08-13,24619.349609375,27463.50157928122,2844.151969906219
2025-08-14,24631.30078125,24533.045697389323,98.25508386067668
2025-08-18,24876.94921875,27188.077810462928,2311.128591712928
2025-08-19,24980.650390625,21708.723444413692,3271.926946211308
2025-08-20,25050.55078125,23370.875454534187,1679.6753267158128
2025-08-21,25083.75,29707.294480806697,4623.544480806697
2025-08-22,24870.099609375,25993.01594520474,1122.916335829741
2025-08-25,24967.75,24911.01184878929,56.738151210709475
2025-08-26,24712.05078125,26981.504179867312,2269.453398617312
2025-08-28,24500.900390625,21491.66099684717,3009.239393777829
2025-08-29,24426.849609375,22521.000771321753,1905.8488380532472
2025-09-01,24625.05078125,26319.81755033141,1694.7667690814087
2025-09-02,24579.599609375,25690.74661351221,1111.1470041372086
2025-09-03,24715.05078125,24550.358760323525,164.69202092647538
2025-09-04,24734.30078125,27359.69464246366,2625.393861213659
2025-09-05,24741.0,25988.39147129308,1247.3914712930782
2025-09-08,24773.150390625,25906.72360939838,1133.573218773381
2025-09-09,24868.599609375,25650.311329465934,781.7117200909343
2025-09-10,24973.099609375,29016.58164500811,4043.482035633111
2025-09-11,25005.5,24212.85742903504,792.6425709649593
2025-09-12,25114.0,24534.33641635026,579.6635836497408
2025-09-15,25069.19921875,24899.859869798514,169.3393489514856
2025-09-16,25239.099609375,28278.343253234212,3039.243643859212
2025-09-17,25330.25,24650.29289334564,679.9571066543613
2025-09-18,25423.599609375,24124.797854844244,1298.8017545307557
2025-09-19,25327.05078125,29604.15197157161,4277.1011903216095
2025-09-22,25202.349609375,25231.885279059574,29.535669684573804
2025-09-23,25169.5,26346.994691889464,1177.4946918894639
2025-09-24,25056.900390625,25270.420239003946,213.51984837894634
2025-09-25,24890.849609375,26701.164856380132,1810.3152470051318
2025-09-26,24654.69921875,23912.44340633143,742.2558124185707
2025-09-29,24634.900390625,24725.81381235304,90.9134217280407
2025-09-30,24611.099609375,26349.665783229957,1738.566173854957
2025-10-01,24836.30078125,25570.997762635918,734.6969813859178
2025-10-03,24894.25,26149.874251224195,1255.6242512241952
2025-10-06,25077.650390625,25088.129722629532,10.479332004531898
2025-10-07,25108.30078125,23017.05738437165,2091.2433968783516
2025-10-08,25046.150390625,25137.238270030208,91.08787940520779
2025-10-09,25181.80078125,29883.481591130327,4701.680809880327
2025-10-10,25285.349609375,28764.57672868473,3479.2271193097295
2025-10-13,25227.349609375,22861.93854965845,2365.411059716549
2025-10-14,25145.5,26906.065582230764,1760.5655822307635
2025-10-15,25323.55078125,27660.53619865317,2336.9854174031716
2025-10-16,25585.30078125,22851.16596452196,2734.134816728041
2025-10-17,25709.849609375,22837.04607733809,2872.803532036909
2025-10-20,25843.150390625,29407.43646355409,3564.2860729290915
2025-10-21,25868.599609375,25387.830880992857,480.7687283821433
2025-10-23,25891.400390625,24602.09473211417,1289.3056585108316
2025-10-24,25795.150390625,24354.124394755017,1441.0259958699826
2025-10-27,25966.05078125,29388.528267060236,3422.4774858102355
2025-10-28,25936.19921875,24530.90531783518,1405.2939009148213
2025-10-29,26053.900390625,24170.086311064995,1883.8140795600048
2025-10-30,25877.849609375,28295.352620342725,2417.5030109677245
2025-10-31,25722.099609375,26889.318569155097,1167.218959780097
2025-11-03,25763.349609375,26220.834384614234,457.4847752392343
2025-11-04,25597.650390625,22249.301100245448,3348.3492903795523
2025-11-06,25509.69921875,25613.62857388987,103.92935513986959
2025-11-07,25492.30078125,26968.26508735736,1475.9643061073584
2025-11-10,25574.349609375,28610.395262086506,3036.0456527115057
2025-11-11,25694.94921875,23961.22236022756,1733.726858522441
2025-11-12,25875.80078125,23891.159982037974,1984.6407992120257
2025-11-13,25879.150390625,24870.934775105048,1008.2156155199518
2025-11-14,25910.05078125,22167.669876888074,3742.380904361926
2025-11-17,26013.44921875,23499.417376499547,2514.0318422504533
2025-11-18,25910.05078125,24525.396212056716,1384.6545691932843
2025-11-19,26052.650390625,28772.889948149874,2720.239557524874
2025-11-20,26192.150390625,22390.34080071138,3801.8095899136206
2025-11-21,26068.150390625,29500.690019514048,3432.539628889048
2025-11-24,25959.5,26045.128693484283,85.62869348428285
2025-11-25,25884.80078125,27774.007429863563,1889.2066486135627
2025-11-26,26205.30078125,26572.47943886257,367.17865761257053
2025-11-27,26215.55078125,29459.164683273433,3243.613902023433
2025-11-28,26202.94921875,26142.399303590486,60.54991515951406
2025-12-01,26175.75,28568.717475093566,2392.9674750935665
2025-12-02,26032.19921875,21940.29975155678,4091.8994671932196
2025-12-03,25986.0,21626.059423361254,4359.940576638746
2025-12-04,26033.75,25126.82465868262,906.9253413173792
2025-12-05,26186.44921875,25954.159440719995,232.28977803000453
2025-12-08,25960.55078125,31518.908853309233,5558.358072059233
2025-12-09,25839.650390625,26577.994881368937,738.3444907439371
2025-12-10,25758.0,26263.669788147407,505.6697881474065
2025-12-11,25898.55078125,29130.91080445535,3232.3600232053504
2025-12-12,26046.94921875,25737.24068270818,309.7085360418205
2025-12-15,26027.30078125,26955.81928208409,928.5185008340886
2025-12-16,25860.099609375,27736.486477694776,1876.386868319776
2025-12-17,25818.55078125,28636.542231875483,2817.9914506254827
2025-12-18,25815.55078125,24897.4252057216,918.1255755284001
2025-12-19,25966.400390625,22996.955952617704,2969.4444380072964
2025-12-22,26172.400390625,26061.09890539211,111.30148523288881
2025-12-23,26177.150390625,25702.888582000916,474.26180862408364
2025-12-24,26142.099609375,23170.1545601752,2971.9450491997995
2025-12-26,26042.30078125,26145.938858912712,103.63807766271202
2025-12-29,25942.099609375,27055.83162080534,1113.7320114303402
2025-12-30,25938.849609375,25254.248895735403,684.6007136395965
2025-12-31,26129.599609375,27060.081174719915,930.481565344915
2026-01-01,26146.55078125,29921.917130446862,3775.366349196862
2026-01-02,26328.55078125,30158.554121352237,3830.0033401022374
2026-01-05,26250.30078125,27858.734483146392,1608.4337018963924
2026-01-06,26178.69921875,23257.346704671534,2921.352514078466
2026-01-07,26140.75,30673.484490490027,4532.734490490027
2026-01-08,25876.849609375,28637.88376609366,2761.034156718659
2026-01-09,25683.30078125,24681.278273146334,1002.022508103666
2026-01-12,25790.25,24318.382935976628,1471.8670640233722
2026-01-13,25732.30078125,25858.207052851947,125.90627160194708
2026-01-14,25665.599609375,27474.793055637696,1809.193446262696
2026-01-16,25694.349609375,25736.401351484095,42.05174210909536
2026-01-19,25585.5,25577.74043209961,7.759567900389811
2026-01-20,25232.5,21610.404445857035,3622.095554142965
2026-01-21,25157.5,24358.187733479335,799.3122665206647
2026-01-22,25289.900390625,24983.87939960536,306.02099101963904
2026-01-23,25048.650390625,28560.25976530735,3511.60937468235
2026-01-27,25175.400390625,21491.092470369236,3684.3079202557637
2026-01-28,25342.75,25235.233440026357,107.51655997364287
2026-01-29,25418.900390625,27255.848354726284,1836.947964101284
2026-01-30,25320.650390625,21937.39607299315,3383.2543176318504
2026-02-02,25088.400390625,24080.20923799926,1008.191152625739
2026-02-03,25727.55078125,24458.93822279079,1268.6125584592082
2026-02-04,25776.0,29270.527189517106,3494.5271895171063
2026-02-05,25642.80078125,24345.055626065412,1297.745155184588
2026-02-06,25693.69921875,24145.089704789614,1548.6095139603858
2026-02-09,25867.30078125,25792.143140483106,75.15764076689447
2026-02-10,25935.150390625,23419.664511460847,2515.4858791641527
2026-02-11,25953.849609375,24624.093301745892,1329.756307629108
2026-02-12,25807.19921875,28969.00773183502,3161.8085130850195
2026-02-13,25471.099609375,28425.745225091257,2954.6456157162575
2026-02-16,25682.75,28509.482247888453,2826.7322478884525
2026-02-17,25725.400390625,29188.192708068178,3462.792317443178
2026-02-18,25819.349609375,23321.247491477992,2498.1021178970077
2026-02-19,25454.349609375,25849.67072767638,395.3211183013809
2026-02-20,25571.25,26347.808744183,776.5587441829994
2026-02-23,25713.0,25828.524987571178,115.52498757117792
2026-02-24,25424.650390625,25647.94475035399,223.29435972898864
2026-02-25,25482.5,26825.622867627964,1343.1228676279643
2026-02-26,25496.55078125,23419.91534148043,2076.6354397695686
2026-02-27,25178.650390625,21887.721106454923,3290.929284170077
2026-03-02,24865.69921875,29231.701135482697,4366.001916732697
2026-03-04,24480.5,28404.680136212588,3924.180136212588
2026-03-05,24765.900390625,25876.1136009467,1110.213210321701
2026-03-06,24450.44921875,21815.05101998999,2635.398198760009
2026-03-09,24028.05078125,26605.111027249342,2577.0602459993424
2026-03-10,24261.599609375,20926.554246705153,3335.0453626698472
2026-03-11,23866.849609375,29213.61524682712,5346.765637452121
2026-03-12,23639.150390625,22494.45487560809,1144.6955150169088
2026-03-13,23151.099609375,24661.497817377218,1510.3982080022179
2026-03-16,23408.80078125,28070.425338591904,4661.624557341904
2026-03-17,23581.150390625,22696.427581544544,884.7228090804565
2026-03-18,23777.80078125,25171.492753742867,1393.6919724928666
2026-03-19,23002.150390625,28270.31588377759,5268.165493152592
2026-03-20,23114.5,22946.804047061287,167.69595293871316
2026-03-23,22512.650390625,26229.514209382905,3716.8638187579054
2026-03-24,22912.400390625,22705.49142014803,206.90897047696853
2026-03-25,23306.44921875,23269.016835015067,37.432383734932955
2026-03-27,22819.599609375,24488.981466451787,1669.3818570767871
2026-03-30,22331.400390625,23819.366904304643,1487.966513679643
2026-04-01,22679.400390625,20753.394462439977,1926.0059281850226
2026-04-02,22713.099609375,22738.98605316561,25.88644379060861
2026-04-06,22968.25,22645.791346715232,322.45865328476793
2026-04-07,23123.650390625,23455.777357432697,332.1269668076966
2026-04-08,23997.349609375,20346.857070000486,3650.4925393745143
2026-04-09,23775.099609375,23920.1609517403,145.06134236530124
2026-04-10,24050.599609375,23719.66239732906,330.9372120459411
2026-04-13,23842.650390625,25049.44399764349,1206.7936070184915
2026-04-15,24231.30078125,23329.253723853675,902.0470573963248
2026-04-16,24196.75,22922.898119778238,1273.8518802217623
2026-04-17,24353.55078125,21767.337690925022,2586.213090324978
2026-04-20,24364.849609375,24425.48145104048,60.63184166547944
2026-04-21,24576.599609375,24529.08865788019,47.51095149480898
2026-04-22,24378.099609375,24462.552649176232,84.45303980123208
2026-04-23,24173.05078125,21291.264208597862,2881.7865726521377
2026-04-24,23897.94921875,26491.734844544782,2593.7856257947824
2026-04-27,24092.69921875,26502.989818196933,2410.290599446933
2026-04-28,23995.69921875,21537.811703981337,2457.887514768663
2026-04-29,24177.650390625,24329.237447701737,151.58705707673653
2026-04-30,23997.55078125,21194.88939414613,2802.6613871038717
2026-05-04,24119.30078125,20483.038109345645,3636.2626719043546
2026-05-05,24032.80078125,22669.07578347947,1363.7249977705287
2026-05-06,24330.94921875,24964.401102321324,633.4518835713243
2026-05-07,24326.650390625,22645.46087220298,1681.1895184220193
2026-05-08,24176.150390625,22283.390853308498,1892.7595373165022
2026-05-11,23815.849609375,26668.503309536572,2852.6537001615725
2026-05-12,23379.55078125,26583.995496345993,3204.444715095993
2026-05-13,23412.599609375,23184.424851222797,228.17475815220314
2026-05-14,23689.599609375,24406.735744494566,717.1361351195665
2026-05-15,23643.5,23699.967731067572,56.46773106757246
2026-05-18,23649.94921875,26074.9487784151,2424.999559665099
2026-05-19,23618.0,21036.496364232295,2581.5036357677054
2026-05-20,23659.0,27248.614823497162,3589.6148234971624
2026-05-21,23654.69921875,25597.1188597124,1942.4196409623983
2026-05-22,23719.30078125,22072.325989237972,1646.974792012028
2026-05-25,24031.69921875,22611.051188822337,1420.6480299276627
2026-05-26,23913.69921875,21894.543957300335,2019.155261449665
2026-05-27,23907.150390625,22876.66340085361,1030.4869897713907
2026-05-29,23547.75,21474.02473350691,2073.7252664930893
2026-06-01,23382.599609375,25913.79012602103,2531.190516646031
2026-06-02,23483.55078125,23187.01219178364,296.53858946635955
2026-06-03,23405.599609375,19719.167115352386,3686.4324940226143
2026-06-04,23416.55078125,25078.966940085375,1662.4161588353745
2026-06-05,23366.69921875,26843.349489025877,3476.650270275877
2026-06-08,23123.0,26701.91422542829,3578.914225428289
2026-06-09,23242.099609375,20701.260636381645,2540.838972993355
2026-06-10,23214.94921875,23305.85681799148,90.90759924148006
2026-06-11,23161.599609375,19964.7860574541,3196.813551920899
2026-06-12,23622.900390625,20004.74540225343,3618.1549883715707
2026-06-15,23853.900390625,25279.597954675926,1425.6975640509263
2026-06-16,23989.150390625,25575.713825719416,1586.5634350944165
2026-06-17,24085.69921875,21515.497811233054,2570.2014075169463
2026-06-18,24168.0,26353.52611448027,2185.5261144802716
2026-06-19,24013.099609375,22799.236171231805,1213.8634381431948
2026-06-22,24102.900390625,26786.20812878603,2683.307738161031
2026-06-23,23824.099609375,24168.471512321677,344.37190294667744
2026-06-24,24021.650390625,20836.309879945562,3185.340510679438
2026-06-25,24056.0,23510.43741300078,545.5625869992182
2026-06-29,23946.25,26257.580231423857,2311.330231423857
2026-06-30,23865.75,25425.407336677334,1559.6573366773337
2026-07-01,24005.849609375,20811.453107355283,3194.3965020197174
2026-07-02,24175.69921875,25370.98061395179,1195.2813952017896
2026-07-03,24270.849609375,23158.08788905908,1112.7617203159207
2026-07-06,24430.349609375,24671.005887186595,240.65627781159492
2026-07-07,24398.69921875,21781.334918380307,2617.3643003696925
2026-07-08,23882.05078125,21153.025070855652,2729.0257103943477
2026-07-09,23962.80078125,28305.070186005734,4342.269404755734
2026-07-10,24206.900390625,20917.6764239901,3289.2239666349014
2026-07-13,24211.0,24948.51802093048,737.5180209304817
2026-07-14,24052.05078125,26843.06087297703,2791.0100917270283
2026-07-15,24078.5,23035.656385277143,1042.8436147228567
2026-07-16,24072.75,21565.098537002097,2507.651462997903
2026-07-17,24334.30078125,21136.188528659113,3198.112252590887
2026-07-20,24238.5,26697.796552924887,2459.296552924887
2026-07-21,24187.69921875,28044.96093906808,3857.2617203180816
2026-07-22,23996.25,24095.626183648343,99.3761836483427
2026-07-23,23869.599609375,20984.28627825652,2885.3133311184793
2026-07-24,23767.44921875,25384.816248360694,1617.3670296106939
2026-07-27,23995.94921875,24932.247110063134,936.2978913131337
2026-07-28,23985.349609375,27228.28351629778,3242.933906922779
2026-07-29,24250.19921875,24505.946376195814,255.74715744581408
2026-07-30,24317.150390625,22048.707031196795,2268.4433594282054
2026-07-31,24383.599609375,23141.589645677548,1242.009963697452
2026-08-03,24774.30078125,27101.33690650273,2327.036125252729
2026-08-04,24614.900390625,29233.230622575673,4618.330231950673
2026-08-05,24624.650390625,22699.59811736108,1925.0522732639183
2026-08-06,24636.0,25345.13549230142,709.1354923014187
2026-08-07,24570.650390625,27198.11826255287,2627.467871927871
2026-08-10,24583.80078125,21119.175127043243,3464.6256542067567
2026-08-11,24471.69921875,25654.719203716948,1183.019984966948
2026-08-12,24435.94921875,26616.247889153492,2180.298670403492
2026-08-13,24395.849609375,24864.518561374618,468.668951999618
2026-08-14,24366.0,24427.20663642393,61.20663642392901
2026-08-18,24154.900390625,24428.538476265185,273.6380856401847
