timestamp,pred_open,pred_high,pred_low,pred_close,pred_volume,amount,actual_open,actual_high,actual_low,actual_close,close_error,absolute_error,squared_error
2023-01-02,18212.162,18482.33,18274.438,18226.531,253307.08,4.439395e+09,18131.69921875,18215.150390625,18086.5,18197.44921875,29.08203125,29.08203125,845.7645416259766
2023-01-03,18296.736,18421.592,18264.602,18370.373,259365.4,4.5193354e+09,18163.19921875,18251.94921875,18149.80078125,18232.55078125,137.822265625,137.822265625,18994.976902008057
2023-01-04,18238.527,18249.484,18163.738,18234.725,240655.4,4.2314537e+09,18230.650390625,18243.0,18020.599609375,18042.94921875,191.775390625,191.775390625,36777.80044937134
2023-01-05,18165.102,18286.69,18178.225,18345.395,254624.48,4.4658514e+09,18101.94921875,18120.30078125,17892.599609375,17992.150390625,353.244140625,353.244140625,124781.42288589478
2023-01-06,18236.22,18387.232,18190.605,18156.107,304765.34,5.415127e+09,18008.05078125,18047.400390625,17795.55078125,17859.44921875,296.658203125,296.658203125,88006.08948135376
2023-01-09,17999.271,17976.117,17659.348,17800.664,280168.44,4.9045274e+09,17952.55078125,18141.400390625,17936.150390625,18101.19921875,-300.53515625,300.53515625,90321.38014221191
2023-01-10,17632.059,17705.05,17428.97,17633.37,297083.12,5.148222e+09,18121.30078125,18127.599609375,17856.0,17914.150390625,-280.78125,280.78125,78838.1103515625
2023-01-11,17510.113,17733.316,17420.377,17732.684,330524.22,5.6807895e+09,17924.25,17976.349609375,17824.349609375,17895.69921875,-163.015625,163.015625,26574.093994140625
2023-01-12,17736.465,18205.51,17796.86,17913.908,271540.06,4.7299077e+09,17920.849609375,17945.80078125,17761.650390625,17858.19921875,55.708984375,55.708984375,3103.490940093994
2023-01-13,17707.666,18192.852,17532.0,17615.22,291340.53,5.0888366e+09,17867.5,17999.349609375,17774.25,17956.599609375,-341.37890625,341.37890625,116539.55763244629
2023-01-16,17554.168,17523.152,17634.1,17646.756,270932.1,4.688541e+09,18033.150390625,18049.650390625,17853.650390625,17894.849609375,-248.09375,248.09375,61550.5087890625
2023-01-17,17689.932,18155.924,17838.564,18173.926,276801.75,4.7892454e+09,17922.80078125,18072.05078125,17886.94921875,18053.30078125,120.625,120.625,14550.390625
2023-01-18,18164.97,18463.594,17986.521,17860.822,271486.1,4.722214e+09,18074.30078125,18183.75,18032.44921875,18165.349609375,-304.52734375,304.52734375,92736.90309143066
2023-01-19,17855.3,17559.102,17719.68,17608.875,254212.38,4.4160676e+09,18119.80078125,18155.19921875,18063.75,18107.849609375,-498.974609375,498.974609375,248975.66080093384
2023-01-20,17381.678,17888.77,17516.887,17328.814,276409.72,4.8333706e+09,18115.599609375,18145.44921875,18016.19921875,18027.650390625,-698.8359375,698.8359375,488371.6675415039
2023-01-23,17429.787,17519.547,17220.52,17231.969,331694.78,5.698658e+09,18118.44921875,18162.599609375,18063.44921875,18118.55078125,-886.58203125,886.58203125,786027.698135376
2023-01-24,17272.635,17529.434,17428.654,17671.178,282373.28,4.8759977e+09,18183.94921875,18201.25,18078.650390625,18118.30078125,-447.123046875,447.123046875,199919.01904678345
2023-01-25,17560.535,17452.867,17351.736,17294.01,283037.4,4.900533e+09,18093.349609375,18100.599609375,17846.150390625,17891.94921875,-597.939453125,597.939453125,357531.5896034241
2023-01-27,17362.59,17618.867,17405.61,17726.158,299866.9,5.124513e+09,17877.19921875,17884.75,17493.55078125,17604.349609375,121.80859375,121.80859375,14837.333511352539
2023-01-30,17627.076,17539.51,17620.627,17546.89,253410.23,4.415653e+09,17541.94921875,17709.150390625,17405.55078125,17648.94921875,-102.05859375,102.05859375,10415.956558227539
2023-01-31,17411.885,17387.604,17224.309,17390.816,251508.05,4.3731185e+09,17731.44921875,17735.69921875,17537.55078125,17662.150390625,-271.333984375,271.333984375,73622.13107681274
2023-02-01,17072.889,17572.545,17085.838,17219.701,256807.5,4.460755e+09,17811.599609375,17972.19921875,17353.400390625,17616.30078125,-396.599609375,396.599609375,157291.2501564026
2023-02-02,17136.893,17141.477,17132.447,17170.248,240878.78,4.1660032e+09,17517.099609375,17653.900390625,17445.94921875,17610.400390625,-440.15234375,440.15234375,193734.08570861816
2023-02-03,16993.846,17155.195,16853.004,17195.293,213442.03,3.6931533e+09,17721.75,17870.30078125,17584.19921875,17854.05078125,-658.7578125,658.7578125,433961.85552978516
2023-02-06,17039.19,17064.6,17021.293,17045.932,277599.9,4.6714906e+09,17818.55078125,17823.69921875,17698.349609375,17764.599609375,-718.66796875,718.66796875,516483.649307251
2023-02-07,17134.1,17232.96,17137.299,17252.973,253778.48,4.3477233e+09,17790.099609375,17811.150390625,17652.55078125,17721.5,-468.52734375,468.52734375,219517.87184143066
2023-02-08,17323.062,17457.812,17361.65,17502.062,256687.16,4.419723e+09,17750.30078125,17898.69921875,17744.150390625,17871.69921875,-369.63671875,369.63671875,136631.3038482666
2023-02-09,17509.56,17631.826,17497.63,17693.332,293330.12,5.026008e+09,17885.5,17916.900390625,17779.80078125,17893.44921875,-200.1171875,200.1171875,40046.888732910156
2023-02-10,17646.898,17732.219,17672.434,17810.426,280669.5,4.8464195e+09,17847.55078125,17876.94921875,17801.0,17856.5,-46.07421875,46.07421875,2122.8336334228516
2023-02-13,17743.717,17669.732,17551.645,17570.996,253437.84,4.383518e+09,17859.099609375,17880.69921875,17719.75,17770.900390625,-199.904296875,199.904296875,39961.727909088135
2023-02-14,17683.764,17723.783,17738.771,17715.951,215885.28,3.7628308e+09,17840.349609375,17954.55078125,17800.05078125,17929.849609375,-213.8984375,213.8984375,45752.541564941406
2023-02-15,17747.473,17751.062,17708.148,17747.303,250261.06,4.3425137e+09,17896.599609375,18034.099609375,17853.80078125,18015.849609375,-268.546875,268.546875,72117.42407226562
2023-02-16,17781.645,17798.852,17846.348,17875.422,238517.16,4.0969372e+09,18094.75,18134.75,18000.650390625,18035.849609375,-160.427734375,160.427734375,25737.057956695557
2023-02-17,17705.592,17815.855,17688.217,17760.713,234116.94,4.0562826e+09,17974.849609375,18034.25,17884.599609375,17944.19921875,-183.486328125,183.486328125,33667.232608795166
2023-02-20,17768.87,17774.146,17674.66,17735.652,248386.75,4.311252e+09,17965.55078125,18004.349609375,17818.400390625,17844.599609375,-108.947265625,108.947265625,11869.506687164307
2023-02-21,17698.115,17721.146,17723.32,17761.516,239098.1,4.160181e+09,17905.80078125,17924.900390625,17800.30078125,17826.69921875,-65.18359375,65.18359375,4248.900894165039
2023-02-22,17763.61,17756.783,17852.412,17777.666,244197.16,4.2461594e+09,17755.349609375,17772.5,17529.44921875,17554.30078125,223.365234375,223.365234375,49892.02792739868
2023-02-23,17203.83,17506.518,16524.344,17486.328,301901.3,5.0767565e+09,17574.650390625,17620.05078125,17455.400390625,17511.25,-24.921875,24.921875,621.099853515625
2023-02-24,17480.299,17774.025,17410.229,17670.615,270513.56,4.670041e+09,17591.349609375,17599.75,17421.80078125,17465.80078125,204.814453125,204.814453125,41948.96020889282
2023-02-27,17566.34,18064.35,17138.986,18229.75,305504.1,5.2557885e+09,17428.599609375,17451.599609375,17299.0,17392.69921875,837.05078125,837.05078125,700654.0103912354
2023-02-28,17937.559,17842.32,17605.111,17645.51,248605.34,4.338989e+09,17383.25,17440.44921875,17255.19921875,17303.94921875,341.560546875,341.560546875,116663.60718154907
2023-03-01,17661.809,17679.56,17647.441,17645.021,226669.1,3.9590218e+09,17360.099609375,17467.75,17345.25,17450.900390625,194.12109375,194.12109375,37682.99903869629
2023-03-02,17731.518,17714.645,17654.922,17682.287,299465.06,5.1048663e+09,17421.5,17445.80078125,17306.0,17321.900390625,360.38671875,360.38671875,129878.5870513916
2023-03-03,17612.793,17765.068,17630.44,17804.115,292556.2,5.0235827e+09,17451.25,17644.75,17427.69921875,17594.349609375,209.765625,209.765625,44001.617431640625
2023-03-06,17538.77,17727.227,17624.04,17701.17,269449.5,4.6917494e+09,17680.349609375,17799.94921875,17671.94921875,17711.44921875,-10.279296875,10.279296875,105.66394424438477
2023-03-08,17622.121,17626.863,17602.412,17646.006,238859.6,4.1882025e+09,17665.75,17766.5,17602.25,17754.400390625,-108.39453125,108.39453125,11749.374404907227
2023-03-09,17722.283,17865.5,17790.912,17918.586,234471.6,4.1040271e+09,17772.05078125,17772.349609375,17573.599609375,17589.599609375,328.986328125,328.986328125,108232.00409317017
2023-03-10,17845.836,17887.115,17824.299,17937.957,279483.16,4.858911e+09,17443.80078125,17451.5,17324.349609375,17412.900390625,525.056640625,525.056640625,275684.4758644104
2023-03-13,17304.629,17688.85,17422.78,17623.994,299148.5,5.067686e+09,17421.900390625,17529.900390625,17113.44921875,17154.30078125,469.693359375,469.693359375,220611.8518409729
2023-03-14,17213.377,17281.05,16990.66,17320.336,266935.16,4.6165494e+09,17160.55078125,17224.650390625,16987.099609375,17043.30078125,277.03515625,277.03515625,76748.47779846191
2023-03-15,17389.55,17577.58,17387.215,17590.385,260018.36,4.5115177e+09,17166.44921875,17211.349609375,16938.900390625,16972.150390625,618.234375,618.234375,382213.7424316406
2023-03-16,17355.617,17348.031,17168.912,17237.357,256485.97,4.470358e+09,16994.650390625,17062.44921875,16850.150390625,16985.599609375,251.7578125,251.7578125,63381.996154785156
2023-03-17,17178.332,17241.693,17033.998,17333.795,246556.97,4.2934664e+09,17111.80078125,17145.80078125,16958.150390625,17100.05078125,233.744140625,233.744140625,54636.323276519775
2023-03-20,17347.258,17348.205,17385.24,17374.842,244604.5,4.2784732e+09,17066.599609375,17066.599609375,16828.349609375,16988.400390625,386.44140625,386.44140625,149336.96046447754
2023-03-21,17267.025,17754.812,17229.652,17299.572,279892.97,4.863301e+09,17060.400390625,17127.69921875,17016.0,17107.5,192.072265625,192.072265625,36891.75522232056
2023-03-22,17253.336,17475.107,17139.713,17314.611,311905.6,5.28003e+09,17177.44921875,17207.25,17107.849609375,17151.900390625,162.7109375,162.7109375,26474.849182128906
2023-03-23,17371.82,17343.098,17455.879,17451.248,247165.83,4.2990705e+09,17097.400390625,17205.400390625,17045.30078125,17076.900390625,374.34765625,374.34765625,140136.16773986816
2023-03-24,17410.47,17767.5,17523.467,17707.35,333245.78,5.666227e+09,17076.19921875,17109.44921875,16917.349609375,16945.05078125,762.298828125,762.298828125,581099.5033607483
2023-03-27,17782.408,17934.055,17751.467,17916.266,285084.7,4.9509965e+09,16984.30078125,17091.0,16918.55078125,16985.69921875,930.56640625,930.56640625,865953.83644104
2023-03-28,17742.01,17811.861,17603.604,17696.568,261233.77,4.563605e+09,17031.75,17061.75,16913.75,16951.69921875,744.869140625,744.869140625,554830.036655426
2023-03-29,17720.855,17935.395,17824.453,18017.41,266009.16,4.5297367e+09,16977.30078125,17126.150390625,16940.599609375,17080.69921875,936.7109375,936.7109375,877427.3804321289
2023-03-31,17916.78,18165.832,17967.28,18103.621,303701.2,5.2376515e+09,17210.349609375,17381.599609375,17204.650390625,17359.75,743.87109375,743.87109375,553344.2041168213
2023-04-03,18010.176,18149.031,17928.932,18004.531,318942.47,5.4891725e+09,17427.94921875,17428.05078125,17312.75,17398.05078125,606.48046875,606.48046875,367818.5589752197
2023-04-05,17776.596,18207.342,17561.232,17666.535,302666.84,5.2264827e+09,17422.30078125,17570.55078125,17402.69921875,17557.05078125,109.484375,109.484375,11986.828369140625
2023-04-06,17657.7,17815.91,17681.506,17840.436,280152.62,4.844422e+09,17533.849609375,17638.69921875,17502.849609375,17599.150390625,241.28515625,241.28515625,58218.526626586914
2023-04-10,17870.941,17895.54,17875.45,17897.518,238732.16,4.2321897e+09,17634.900390625,17694.099609375,17597.94921875,17624.05078125,273.466796875,273.466796875,74784.08899307251
2023-04-11,17687.68,17907.389,17691.863,18029.07,313787.5,5.3341455e+09,17704.80078125,17748.75,17655.150390625,17722.30078125,306.76953125,306.76953125,94107.54530334473
2023-04-12,18152.268,18283.576,17901.314,18136.121,346112.72,5.855874e+09,17759.55078125,17825.75,17717.25,17812.400390625,323.720703125,323.720703125,104795.09363174438
2023-04-13,18122.492,18249.324,17958.566,18177.857,369729.66,6.272413e+09,17807.30078125,17842.150390625,17729.650390625,17828.0,349.857421875,349.857421875,122400.21564102173
2023-04-17,18096.057,18063.39,18080.082,18031.826,245590.1,4.2817262e+09,17863.0,17863.0,17574.05078125,17706.849609375,324.9765625,324.9765625,105609.7661743164
2023-04-18,18052.97,18055.996,17736.89,17668.33,243982.69,4.2486367e+09,17766.599609375,17766.599609375,17610.19921875,17660.150390625,8.1796875,8.1796875,66.90728759765625
2023-04-19,17370.182,17770.67,17263.504,17500.621,315722.75,5.420083e+09,17653.349609375,17666.150390625,17579.849609375,17618.75,-118.12890625,118.12890625,13954.438491821289
2023-04-20,17468.904,17396.53,17444.932,17377.08,235621.88,4.1193152e+09,17638.599609375,17684.44921875,17584.349609375,17624.44921875,-247.369140625,247.369140625,61191.491733551025
2023-04-21,17253.309,17657.428,17317.723,17496.352,346220.5,5.520486e+09,17639.75,17663.19921875,17553.94921875,17624.05078125,-127.69921875,127.69921875,16307.090469360352
2023-04-24,17483.477,17407.076,17515.256,17417.191,233924.95,4.0257042e+09,17707.55078125,17754.5,17612.5,17743.400390625,-326.208984375,326.208984375,106412.301486969
2023-04-25,16757.32,16988.053,16215.631,17079.469,308121.38,5.129357e+09,17761.55078125,17807.44921875,17716.849609375,17769.25,-689.78125,689.78125,475798.1728515625
2023-04-26,17002.605,16994.908,16994.977,17045.346,237311.73,4.1131036e+09,17767.30078125,17827.75,17711.19921875,17813.599609375,-768.25390625,768.25390625,590214.0644683838
2023-04-27,16691.568,17255.537,16017.122,17273.54,322247.47,5.5287066e+09,17813.099609375,17931.599609375,17797.900390625,17915.05078125,-641.51171875,641.51171875,411537.2852935791
2023-04-28,17238.328,17446.523,17045.828,17190.945,373742.66,6.2537697e+09,17950.400390625,18089.150390625,17885.30078125,18065.0,-874.0546875,874.0546875,763971.5967407227
2023-05-02,16895.262,17739.805,15896.584,17350.059,315251.62,5.216473e+09,18124.80078125,18180.25,18101.75,18147.650390625,-797.591796875,797.591796875,636152.6744422913
2023-05-03,17463.1,17669.732,17448.527,17741.574,279738.2,4.803631e+09,18113.80078125,18116.349609375,18042.400390625,18089.849609375,-348.275390625,348.275390625,121295.74771499634
2023-05-04,17764.424,17815.621,17741.188,17855.344,275131.75,4.748874e+09,18081.0,18267.44921875,18066.69921875,18255.80078125,-400.45703125,400.45703125,160365.83387756348
2023-05-05,16879.06,17121.21,16968.787,17017.467,328806.88,5.5011773e+09,18117.30078125,18216.94921875,18055.44921875,18069.0,-1051.533203125,1051.533203125,1105722.0772743225
2023-05-08,17353.81,17983.473,17303.223,17842.492,359251.2,5.997953e+09,18120.599609375,18286.94921875,18100.30078125,18264.400390625,-421.908203125,421.908203125,178006.53186416626
2023-05-09,17313.709,17346.861,17049.57,17209.113,326022.6,5.443127e+09,18303.400390625,18344.19921875,18229.650390625,18265.94921875,-1056.8359375,1056.8359375,1116902.198791504
2023-05-10,17102.152,17200.492,17032.275,17336.365,238156.42,4.1583398e+09,18313.599609375,18326.75,18211.94921875,18315.099609375,-978.734375,978.734375,957920.9768066406
2023-05-11,17397.445,17598.908,17448.941,17701.914,271131.9,4.6786883e+09,18357.80078125,18389.69921875,18270.400390625,18297.0,-595.0859375,595.0859375,354127.2730102539
2023-05-12,17634.02,17513.598,17405.107,17398.123,247734.4,4.313016e+09,18273.75,18342.75,18194.55078125,18314.80078125,-916.677734375,916.677734375,840298.068698883
2023-05-15,17670.227,17771.152,17774.729,17893.162,222972.73,3.9037883e+09,18339.30078125,18458.900390625,18287.900390625,18398.849609375,-505.6875,505.6875,255719.84765625
2023-05-16,17843.416,17800.99,17770.62,17767.318,234497.48,4.1265426e+09,18432.349609375,18432.349609375,18264.349609375,18286.5,-519.181640625,519.181640625,269549.57596206665
2023-05-17,17791.066,17870.19,17858.248,17874.639,202752.94,3.5934346e+09,18300.44921875,18309.0,18115.349609375,18181.75,-307.111328125,307.111328125,94317.36786270142
2023-05-18,17825.484,17819.162,17796.8,17807.129,231587.4,4.0773934e+09,18287.5,18297.19921875,18104.849609375,18129.94921875,-322.8203125,322.8203125,104212.95416259766
2023-05-19,17776.486,17920.361,17702.387,17830.035,257260.6,4.4502636e+09,18186.150390625,18218.099609375,18060.400390625,18203.400390625,-373.365234375,373.365234375,139401.59823989868
2023-05-22,17606.367,17693.66,17622.395,17757.498,220374.6,3.8718254e+09,18201.099609375,18335.25,18178.849609375,18314.400390625,-556.90234375,556.90234375,310140.22047424316
2023-05-23,17802.861,18074.021,17504.895,17579.018,242976.61,4.2200556e+09,18362.900390625,18419.75,18324.19921875,18348.0,-768.982421875,768.982421875,591333.9651527405
2023-05-24,17689.314,17780.271,17724.678,17850.084,238906.62,4.1604984e+09,18294.80078125,18392.599609375,18262.94921875,18285.400390625,-435.31640625,435.31640625,189500.37355041504
2023-05-25,17774.762,17862.19,17804.285,17955.64,278473.44,4.8208614e+09,18268.900390625,18338.099609375,18202.400390625,18321.150390625,-365.509765625,365.509765625,133597.38876724243
2023-05-26,18014.674,18228.031,17826.732,17649.88,248119.69,4.3243663e+09,18368.349609375,18508.55078125,18333.150390625,18499.349609375,-849.46875,849.46875,721597.1572265625
2023-05-29,17651.85,17655.863,17647.809,17675.15,237216.12,4.154607e+09,18619.150390625,18641.19921875,18581.25,18598.650390625,-923.5,923.5,852852.25
2023-05-30,17557.684,17609.096,17477.012,17472.764,262770.16,4.5522775e+09,18606.650390625,18662.44921875,18575.5,18633.849609375,-1161.0859375,1161.0859375,1348120.554260254
2023-05-31,17392.596,17468.104,17511.674,17626.486,225086.25,3.9652319e+09,18594.19921875,18603.900390625,18483.849609375,18534.400390625,-907.9140625,907.9140625,824307.9448852539
2023-06-01,17542.193,17490.182,17505.268,17490.947,231324.19,4.070781e+09,18579.400390625,18580.30078125,18464.55078125,18487.75,-996.802734375,996.802734375,993615.6912574768
2023-06-02,17520.59,17500.508,17509.043,17454.564,249890.31,4.334698e+09,18550.849609375,18573.69921875,18478.400390625,18534.099609375,-1079.53515625,1079.53515625,1165396.153579712
2023-06-05,17329.297,17352.475,17144.633,17279.832,293265.3,4.9997553e+09,18612.0,18640.150390625,18582.80078125,18593.849609375,-1314.017578125,1314.017578125,1726642.1956214905
2023-06-06,17240.854,17339.914,17317.535,17322.928,275357.4,4.7583964e+09,18600.80078125,18622.75,18531.599609375,18599.0,-1276.072265625,1276.072265625,1628360.4270973206
2023-06-07,17202.016,17653.361,16927.504,17177.87,285466.22,4.8159503e+09,18665.599609375,18738.94921875,18636.0,18726.400390625,-1548.53125,1548.53125,2397949.0322265625
2023-06-08,15890.3955,16139.593,15265.143,15791.811,428063.44,6.9685033e+09,18725.349609375,18777.900390625,18615.599609375,18634.55078125,-2842.740234375,2842.740234375,8081172.04013443
2023-06-09,15292.13,15363.548,14834.737,14962.296,353188.78,5.800201e+09,18655.900390625,18676.650390625,18555.400390625,18563.400390625,-3601.1044921875,3601.1044921875,12967953.563652992
2023-06-12,14850.82,15072.768,14698.271,14891.533,381903.94,6.0742784e+09,18595.05078125,18633.599609375,18559.75,18601.5,-3709.966796875,3709.966796875,13763853.633914948
2023-06-13,14818.727,15058.837,14698.367,14857.273,416815.16,6.613693e+09,18631.80078125,18728.900390625,18631.80078125,18716.150390625,-3858.876953125,3858.876953125,14890931.339359283
2023-06-14,14576.648,14730.854,14464.131,14610.816,434759.47,6.8432983e+09,18744.599609375,18769.69921875,18690.0,18755.900390625,-4145.083984375,4145.083984375,17181721.237522125
2023-06-15,14351.797,14470.5625,14190.175,14265.783,450239.0,7.0737746e+09,18774.44921875,18794.099609375,18669.05078125,18688.099609375,-4422.31640625,4422.31640625,19556882.396987915
2023-06-16,13763.67,13774.277,13935.591,13815.57,342668.1,5.557915e+09,18723.30078125,18864.69921875,18710.5,18826.0,-5010.4296875,5010.4296875,25104405.653381348
2023-06-19,13311.048,13371.741,13514.714,13484.794,368436.03,5.8957716e+09,18873.30078125,18881.44921875,18719.150390625,18755.44921875,-5270.6552734375,5270.6552734375,27779807.011414528
2023-06-20,13299.091,13393.255,13458.614,13434.402,351056.8,5.575619e+09,18752.349609375,18839.69921875,18660.650390625,18816.69921875,-5382.296875,5382.296875,28969119.650634766
2023-06-21,13136.712,13597.982,13443.311,13740.809,355672.66,5.624407e+09,18849.400390625,18875.900390625,18794.849609375,18856.849609375,-5116.041015625,5116.041015625,26173875.67355728
2023-06-22,13992.764,14434.001,14023.277,14340.213,418878.9,6.7061473e+09,18853.599609375,18886.599609375,18759.5,18771.25,-4431.037109375,4431.037109375,19634089.864658356
2023-06-23,14268.415,14528.518,14189.709,14386.282,425239.94,6.876046e+09,18741.849609375,18756.400390625,18647.099609375,18665.5,-4279.2177734375,4279.2177734375,18311704.752503395
2023-06-26,14734.725,15051.036,14235.33,14899.829,417733.88,6.741006e+09,18682.349609375,18722.05078125,18646.69921875,18691.19921875,-3791.3701171875,3791.3701171875,14374487.365502357
2023-06-27,15169.914,15391.306,15232.474,15344.052,345443.1,5.810329e+09,18748.55078125,18829.25,18714.25,18817.400390625,-3473.3486328125,3473.3486328125,12064150.725060463
2023-06-28,15582.206,15805.781,15439.777,15587.236,353380.0,5.9920097e+09,18908.150390625,19011.25,18861.349609375,18972.099609375,-3384.86328125,3384.86328125,11457299.432754517
2023-06-30,15744.985,16392.156,15760.704,16234.935,393900.06,6.59677e+09,19076.849609375,19201.69921875,19024.599609375,19189.05078125,-2954.1162109375,2954.1162109375,8726802.587723732
2023-07-03,16168.717,16270.606,15980.822,16195.849,427045.9,7.053311e+09,19246.5,19345.099609375,19234.400390625,19322.55078125,-3126.7021484375,3126.7021484375,9776266.325043678
2023-07-04,16129.871,16312.517,16024.749,16180.08,451026.06,7.551652e+09,19406.599609375,19434.150390625,19300.0,19389.0,-3208.919921875,3208.919921875,10297167.065006256
2023-07-05,16095.387,16257.197,16013.949,16202.004,396816.44,6.7307075e+09,19405.94921875,19421.599609375,19339.599609375,19398.5,-3196.49609375,3196.49609375,10217587.277359009
2023-07-06,16017.57,16624.688,15755.301,16286.105,493803.97,8.3326336e+09,19385.69921875,19512.19921875,19373.0,19497.30078125,-3211.1953125,3211.1953125,10311775.335021973
2023-07-07,16520.832,16819.871,16381.586,16729.889,363821.8,6.013238e+09,19422.80078125,19523.599609375,19303.599609375,19331.80078125,-2601.912109375,2601.912109375,6769946.624912262
2023-07-10,16605.807,16711.049,16631.396,16813.127,371908.8,6.31814e+09,19400.349609375,19435.849609375,19327.099609375,19355.900390625,-2542.7734375,2542.7734375,6465696.754455566
2023-07-11,16823.184,16849.002,16771.156,16795.037,309048.78,5.331864e+09,19427.099609375,19515.099609375,19406.44921875,19439.400390625,-2644.36328125,2644.36328125,6992657.163223267
2023-07-12,16849.918,16842.197,16673.65,16916.672,261557.5,4.524954e+09,19497.44921875,19507.69921875,19361.75,19384.30078125,-2467.62890625,2467.62890625,6089192.418960571
2023-07-13,16979.076,16888.678,16766.943,16696.387,305406.84,5.231103e+09,19495.19921875,19567.0,19385.80078125,19413.75,-2717.36328125,2717.36328125,7384063.202285767
2023-07-14,16853.543,16813.756,16879.434,16833.309,251735.5,4.3823555e+09,19493.44921875,19595.349609375,19433.5,19564.5,-2731.19140625,2731.19140625,7459406.497573853
2023-07-17,16878.13,16861.258,16978.484,16928.38,187872.03,3.3164662e+09,19612.150390625,19731.849609375,19562.94921875,19711.44921875,-2783.068359375,2783.068359375,7745469.492954254
2023-07-18,16866.732,16929.637,16782.678,16890.957,294435.38,4.946772e+09,19787.5,19819.44921875,19690.19921875,19749.25,-2858.29296875,2858.29296875,8169838.6952056885
2023-07-19,17090.625,17304.746,17130.613,17396.656,247919.34,4.298575e+09,19802.94921875,19851.69921875,19727.44921875,19833.150390625,-2436.494140625,2436.494140625,5936503.697299957
2023-07-20,17306.658,17244.322,17361.22,17346.982,277667.56,4.807563e+09,19831.69921875,19991.849609375,19758.400390625,19979.150390625,-2632.16796875,2632.16796875,6928308.215713501
2023-07-21,17284.484,17324.55,17299.357,17375.139,276114.0,4.786502e+09,19800.44921875,19887.400390625,19700.0,19745.0,-2369.861328125,2369.861328125,5616242.714542389
2023-07-24,17184.566,17445.574,17114.092,17195.447,330759.62,5.6140063e+09,19748.44921875,19782.75,19658.30078125,19672.349609375,-2476.90234375,2476.90234375,6135045.220474243
2023-07-25,17093.305,17423.725,17280.213,17453.107,255702.06,4.4493737e+09,19729.349609375,19729.349609375,19615.94921875,19680.599609375,-2227.4921875,2227.4921875,4961721.445373535
2023-07-26,17331.03,17491.77,17353.873,17532.697,278218.97,4.7988096e+09,19733.349609375,19825.599609375,19716.69921875,19778.30078125,-2245.603515625,2245.603515625,5042735.14938736
2023-07-27,17400.203,17464.973,17455.557,17578.5,325102.0,5.4737853e+09,19850.900390625,19867.55078125,19603.55078125,19659.900390625,-2081.400390625,2081.400390625,4332227.586093903
2023-07-28,17535.566,17543.36,17476.58,17524.02,263524.28,4.5453507e+09,19659.75,19695.900390625,19563.099609375,19646.05078125,-2122.03125,2122.03125,4503016.6259765625
2023-07-31,17290.207,17502.707,17046.463,17493.691,243125.38,4.2483054e+09,19666.349609375,19772.75,19597.599609375,19753.80078125,-2260.109375,2260.109375,5108094.386962891
2023-08-01,17517.21,17708.363,17505.285,17741.092,265400.25,4.579864e+09,19784.0,19795.599609375,19704.599609375,19733.55078125,-1992.458984375,1992.458984375,3969892.8044166565
2023-08-02,17615.215,17601.238,17451.412,17510.863,268592.6,4.6628434e+09,19655.400390625,19678.25,19423.55078125,19526.55078125,-2015.6875,2015.6875,4062996.09765625
2023-08-03,17453.818,17645.568,17379.184,17573.537,240692.56,4.2225807e+09,19463.75,19537.650390625,19296.44921875,19381.650390625,-1808.11328125,1808.11328125,3269273.6378326416
2023-08-04,17547.768,17673.79,17304.451,17626.773,240542.25,4.266934e+09,19462.80078125,19538.849609375,19436.44921875,19517.0,-1890.2265625,1890.2265625,3572956.4575805664
2023-08-07,17704.053,17714.889,17748.88,17791.9,213642.11,3.7331779e+09,19576.849609375,19620.44921875,19524.80078125,19597.30078125,-1805.400390625,1805.400390625,3259470.5704689026
2023-08-08,17764.27,17831.889,17726.408,17689.297,218257.47,3.8449024e+09,19627.19921875,19634.400390625,19533.099609375,19570.849609375,-1881.552734375,1881.552734375,3540240.6922340393
2023-08-09,17738.15,17790.11,17244.41,17473.24,217261.66,3.874415e+09,19578.80078125,19645.5,19467.5,19632.55078125,-2159.310546875,2159.310546875,4662622.037845612
2023-08-10,17472.629,17647.457,17247.207,17408.22,224252.6,3.9555556e+09,19605.55078125,19623.599609375,19495.400390625,19543.099609375,-2134.87890625,2134.87890625,4557707.944351196
2023-08-11,17536.02,17690.768,17442.436,17451.066,238519.44,4.169649e+09,19554.25,19557.75,19412.75,19428.30078125,-1977.234375,1977.234375,3909455.7736816406
2023-08-14,17496.219,17566.709,17515.404,17601.895,236478.78,4.1335846e+09,19383.94921875,19465.849609375,19257.900390625,19434.55078125,-1832.65625,1832.65625,3358628.9306640625
2023-08-16,17565.045,17555.12,17471.715,17502.992,245382.39,4.266881e+09,19369.0,19482.75,19317.19921875,19465.0,-1962.0078125,1962.0078125,3849474.656311035
2023-08-17,17423.898,17413.25,17164.682,17481.26,241127.62,4.2030034e+09,19450.55078125,19461.55078125,19326.25,19365.25,-1883.990234375,1883.990234375,3549419.2032203674
2023-08-18,17448.648,17504.453,17464.248,17548.467,238995.31,4.1746122e+09,19301.75,19373.80078125,19253.599609375,19310.150390625,-1761.68359375,1761.68359375,3103529.084487915
2023-08-21,17525.736,17507.83,17504.463,17492.951,223662.4,3.9260716e+09,19320.650390625,19425.94921875,19296.30078125,19393.599609375,-1900.6484375,1900.6484375,3612464.4829711914
2023-08-22,17679.365,17793.531,17751.566,17879.602,215635.72,3.7585608e+09,19417.099609375,19443.5,19381.30078125,19396.44921875,-1516.84765625,1516.84765625,2300826.812271118
2023-08-23,17738.078,17682.545,17650.645,17612.404,216207.64,3.7916216e+09,19439.19921875,19472.05078125,19366.599609375,19444.0,-1831.595703125,1831.595703125,3354742.819705963
2023-08-24,17615.012,17635.816,17621.773,17665.244,232991.52,4.059627e+09,19535.150390625,19584.44921875,19369.0,19386.69921875,-1721.455078125,1721.455078125,2963407.58600235
2023-08-25,17697.219,17747.412,17669.77,17744.277,248173.94,4.3111685e+09,19297.400390625,19339.55078125,19229.69921875,19265.80078125,-1521.5234375,1521.5234375,2315033.5708618164
2023-08-28,17718.36,17948.314,17742.205,17864.094,305506.34,5.281754e+09,19298.349609375,19366.849609375,19249.69921875,19306.05078125,-1441.95703125,1441.95703125,2079240.0799713135
2023-08-29,17904.424,17975.764,17856.12,17957.797,261342.25,4.5288714e+09,19374.849609375,19377.900390625,19309.099609375,19342.650390625,-1384.853515625,1384.853515625,1917819.2597389221
2023-08-30,17881.36,17938.996,17856.203,17976.71,284302.6,4.9224607e+09,19433.44921875,19452.80078125,19334.75,19347.44921875,-1370.73828125,1370.73828125,1878923.435684204
2023-08-31,17925.172,18153.775,17923.732,18074.488,247089.66,4.3050583e+09,19375.55078125,19388.19921875,19223.650390625,19253.80078125,-1179.3125,1179.3125,1390777.97265625
2023-09-01,17875.098,17795.953,17569.996,17587.773,243965.62,4.255336e+09,19258.150390625,19458.55078125,19255.69921875,19435.30078125,-1847.52734375,1847.52734375,3413357.2859039307
2023-09-04,17740.168,17941.56,17667.58,17701.424,245604.44,4.273231e+09,19525.05078125,19545.150390625,19432.849609375,19528.80078125,-1827.376953125,1827.376953125,3339306.5288124084
2023-09-05,17707.584,17794.125,17691.42,17805.203,269289.94,4.6668426e+09,19564.650390625,19587.05078125,19525.75,19574.900390625,-1769.697265625,1769.697265625,3131828.411960602
2023-09-06,17749.74,17728.629,17612.326,17646.969,249366.16,4.3309583e+09,19581.19921875,19636.44921875,19491.5,19611.05078125,-1964.08203125,1964.08203125,3857618.225479126
2023-09-07,17689.908,17777.406,17699.428,17828.64,243520.56,4.2307039e+09,19598.650390625,19737.0,19550.05078125,19727.05078125,-1898.41015625,1898.41015625,3603961.1213531494
2023-09-08,17910.5,18109.82,17849.715,17888.855,251741.69,4.3806623e+09,19774.80078125,19867.150390625,19727.05078125,19819.94921875,-1931.09375,1931.09375,3729123.0712890625
2023-09-11,17737.137,18158.898,17501.162,17700.812,273368.34,4.7054874e+09,19890.0,20008.150390625,19865.349609375,19996.349609375,-2295.537109375,2295.537109375,5269490.620517731
2023-09-12,17764.646,18052.951,17186.74,17610.361,246043.05,4.321872e+09,20110.150390625,20110.349609375,19914.650390625,19993.19921875,-2382.837890625,2382.837890625,5677916.412998199
2023-09-13,17508.158,17592.658,17272.844,17328.58,270087.66,4.708603e+09,19989.5,20096.900390625,19944.099609375,20070.0,-2741.419921875,2741.419921875,7515383.188053131
2023-09-14,17192.434,17798.467,17084.21,17583.705,254495.16,4.451433e+09,20127.94921875,20167.650390625,20043.44921875,20103.099609375,-2519.39453125,2519.39453125,6347348.804092407
2023-09-15,17387.611,17423.527,16877.71,17407.094,271804.53,4.7315717e+09,20156.44921875,20222.44921875,20129.69921875,20192.349609375,-2785.255859375,2785.255859375,7757650.20218277
2023-09-18,17501.252,17416.924,17406.344,17391.064,191871.16,3.4354683e+09,20155.94921875,20195.349609375,20115.69921875,20133.30078125,-2742.236328125,2742.236328125,7519860.079288483
2023-09-20,17462.027,17473.988,17385.559,17431.262,240039.08,4.199e+09,19980.75,20050.650390625,19878.849609375,19901.400390625,-2470.138671875,2470.138671875,6101585.058292389
2023-09-21,17238.977,17776.35,16965.86,17585.314,339174.62,5.8064717e+09,19840.55078125,19848.75,19709.94921875,19742.349609375,-2157.03515625,2157.03515625,4652800.665298462
2023-09-22,17560.697,17678.488,17479.318,17672.61,297391.97,5.0929664e+09,19744.849609375,19798.650390625,19657.5,19674.25,-2001.640625,2001.640625,4006565.1916503906
2023-09-25,17293.266,17647.484,17493.408,17635.002,286438.56,4.928267e+09,19678.19921875,19734.150390625,19601.55078125,19674.55078125,-2039.548828125,2039.548828125,4159759.422306061
2023-09-26,17591.027,17692.406,17596.924,17746.107,244351.56,4.2611302e+09,19682.80078125,19699.349609375,19637.44921875,19664.69921875,-1918.591796875,1918.591796875,3680994.4830360413
2023-09-27,17135.695,17464.664,17034.75,17402.086,309664.2,5.269195e+09,19637.05078125,19730.69921875,19554.0,19716.44921875,-2314.36328125,2314.36328125,5356277.397598267
2023-09-28,17263.074,17704.105,17165.701,17453.25,286824.47,5.0051983e+09,19761.80078125,19766.650390625,19492.099609375,19523.55078125,-2070.30078125,2070.30078125,4286145.32484436
2023-09-29,17159.82,17215.115,16972.262,17222.664,264182.28,4.591377e+09,19581.19921875,19726.25,19551.05078125,19638.30078125,-2415.63671875,2415.63671875,5835300.756973267
2023-10-03,17348.393,17533.03,17325.418,17206.83,244809.7,4.2715566e+09,19622.400390625,19623.19921875,19479.650390625,19528.75,-2321.919921875,2321.919921875,5391312.123600006
2023-10-04,17285.025,17691.357,17223.46,17129.627,292219.78,5.008214e+09,19446.30078125,19457.80078125,19333.599609375,19436.099609375,-2306.47265625,2306.47265625,5319816.114028931
2023-10-05,17158.668,17650.031,17104.014,17382.717,288181.9,5.0335124e+09,19521.849609375,19576.94921875,19487.30078125,19545.75,-2163.033203125,2163.033203125,4678712.6378211975
2023-10-06,17163.832,17321.53,16918.643,17093.348,523936.7,8.181287e+09,19621.19921875,19675.75,19589.400390625,19653.5,-2560.15234375,2560.15234375,6554380.023208618
2023-10-09,16489.78,16563.543,16279.208,16363.185,382040.66,6.376974e+09,19539.44921875,19588.94921875,19480.5,19512.349609375,-3149.1650390625,3149.1650390625,9917240.443253517
2023-10-10,16540.576,16801.527,16472.043,16817.633,291083.34,5.002162e+09,19565.599609375,19717.80078125,19565.44921875,19689.849609375,-2872.216796875,2872.216796875,8249629.328250885
2023-10-11,16748.121,16702.756,16538.19,16504.467,273440.8,4.8136376e+09,19767.0,19839.19921875,19756.94921875,19811.349609375,-3306.8828125,3306.8828125,10935473.93560791
2023-10-12,16494.137,16487.979,16427.49,16383.697,231445.47,4.056221e+09,19822.69921875,19843.30078125,19772.650390625,19794.0,-3410.302734375,3410.302734375,11630164.740085602
2023-10-13,16179.023,16160.519,15965.43,15962.626,238160.23,4.1591844e+09,19654.55078125,19805.400390625,19635.30078125,19751.05078125,-3788.4248046875,3788.4248046875,14352162.500771523
2023-10-16,15923.693,15922.044,15631.379,15658.012,249694.52,4.330243e+09,19737.25,19781.30078125,19691.849609375,19731.75,-4073.73828125,4073.73828125,16595343.584121704
2023-10-17,15793.701,15949.829,15921.463,15871.758,291039.88,4.9590907e+09,19843.19921875,19849.75,19775.650390625,19811.5,-3939.7421875,3939.7421875,15521568.503967285
2023-10-18,16074.734,16136.974,15007.767,15697.146,302223.1,5.0974756e+09,19820.44921875,19840.94921875,19659.94921875,19671.099609375,-3973.953125,3973.953125,15792303.439697266
2023-10-19,15906.708,16097.482,15785.754,15905.342,328394.53,5.6081833e+09,19545.19921875,19681.80078125,19512.349609375,19624.69921875,-3719.357421875,3719.357421875,13833619.631656647
2023-10-20,15954.191,16097.263,15937.934,16024.172,291634.75,5.0000394e+09,19542.150390625,19593.80078125,19518.69921875,19542.650390625,-3518.478515625,3518.478515625,12379691.064914703
2023-10-23,16126.356,16157.147,15889.846,16184.3955,217191.9,3.84411e+09,19521.599609375,19556.849609375,19257.849609375,19281.75,-3097.3544921875,3097.3544921875,9593604.850274086
2023-10-25,15610.649,16283.822,15536.48,16290.481,277610.16,4.7070684e+09,19286.44921875,19347.30078125,19074.150390625,19122.150390625,-2831.6689453125,2831.6689453125,8018349.015847206
2023-10-26,16161.627,16146.1455,16055.887,16051.872,224223.67,3.9488195e+09,19027.25,19041.69921875,18837.849609375,18857.25,-2805.3779296875,2805.3779296875,7870145.328377724
2023-10-27,15957.663,15930.187,15866.986,15865.708,218157.69,3.8271444e+09,18928.75,19076.150390625,18926.650390625,19047.25,-3181.5419921875,3181.5419921875,10122209.448052406
2023-10-30,15796.245,15776.946,15745.327,15711.605,205058.94,3.5897718e+09,19053.400390625,19158.5,18940.0,19140.900390625,-3429.294921875,3429.294921875,11760063.661197662
2023-10-31,15906.714,16000.973,15832.43,15943.936,215675.62,3.837286e+09,19232.94921875,19233.69921875,19056.44921875,19079.599609375,-3135.6640625,3135.6640625,9832389.112854004
2023-11-01,15678.689,15815.823,15121.615,15930.55,215069.12,3.744789e+09,19064.05078125,19096.05078125,18973.69921875,18989.150390625,-3058.6005859375,3058.6005859375,9355037.544297218
2023-11-02,16133.425,16236.891,16011.616,16051.652,222334.19,3.9326592e+09,19120.0,19175.25,19064.150390625,19133.25,-3081.59765625,3081.59765625,9496244.115005493
2023-11-03,16157.668,16152.002,16029.284,16045.831,216537.47,3.8296783e+09,19241.0,19276.25,19210.900390625,19230.599609375,-3184.7685546875,3184.7685546875,10142750.746926308
2023-11-06,16017.504,15994.573,15896.715,15856.287,236364.05,4.1211354e+09,19345.849609375,19423.0,19309.69921875,19411.75,-3555.462890625,3555.462890625,12641316.36661148
2023-11-07,15970.829,16286.467,16001.963,16338.159,257024.12,4.457274e+09,19404.05078125,19423.5,19329.099609375,19406.69921875,-3068.5400390625,3068.5400390625,9415937.971329689
2023-11-08,16236.114,16839.826,16326.81,16742.21,354979.6,5.8163005e+09,19449.599609375,19464.400390625,19401.5,19443.5,-2701.2890625,2701.2890625,7296962.599182129
2023-11-09,16547.445,16639.35,16250.708,16627.54,288443.0,4.9825613e+09,19457.400390625,19463.900390625,19378.349609375,19395.30078125,-2767.76171875,2767.76171875,7660504.931777954
2023-11-10,16380.889,16531.596,16382.875,16547.428,300552.6,5.093194e+09,19351.849609375,19451.30078125,19329.44921875,19425.349609375,-2877.921875,2877.921875,8282434.318603516
2023-11-13,16478.256,16461.105,16441.217,16426.58,219794.78,3.8773883e+09,19486.75,19494.400390625,19414.75,19443.55078125,-3016.970703125,3016.970703125,9102112.223514557
2023-11-15,16426.383,16464.734,16335.02,16335.557,282951.6,4.9675976e+09,19651.400390625,19693.19921875,19579.650390625,19675.44921875,-3339.892578125,3339.892578125,11154882.43341446
2023-11-16,16392.1,16384.969,16232.141,16213.49,246415.55,4.3282463e+09,19674.69921875,19875.25,19627.0,19765.19921875,-3551.708984375,3551.708984375,12614636.709690094
2023-11-17,16382.44,16434.33,16239.3955,16246.355,234105.22,4.066067e+09,19674.75,19806.0,19667.44921875,19731.80078125,-3485.4453125,3485.4453125,12148329.026428223
2023-11-20,16295.424,16354.343,16224.117,16235.519,275192.06,4.7458744e+09,19731.150390625,19756.44921875,19670.5,19694.0,-3458.4814453125,3458.4814453125,11961093.907570839
2023-11-21,15963.132,16726.771,16021.234,16515.457,321797.88,5.4268974e+09,19770.900390625,19829.099609375,19754.05078125,19783.400390625,-3267.943359375,3267.943359375,10679453.80008316
2023-11-22,16546.451,16531.64,16543.691,16504.945,375369.56,6.194947e+09,19784.0,19825.55078125,19703.849609375,19811.849609375,-3306.904296875,3306.904296875,10935616.028690338
2023-11-23,16547.8,16995.012,16238.822,16611.668,346961.25,5.7495276e+09,19828.44921875,19875.150390625,19786.75,19802.0,-3190.33203125,3190.33203125,10178218.469619751
2023-11-24,16163.348,16386.818,15785.143,16507.729,215197.06,3.8057633e+09,19809.599609375,19832.849609375,19768.849609375,19794.69921875,-3286.970703125,3286.970703125,10804176.403202057
2023-11-28,16302.832,16273.947,16196.344,16173.579,198194.92,3.6053432e+09,19844.650390625,19916.849609375,19800.0,19889.69921875,-3716.1201171875,3716.1201171875,13809548.725365639
2023-11-29,16156.477,16103.755,16012.405,15945.626,186765.75,3.381594e+09,19976.55078125,20104.650390625,19956.30078125,20096.599609375,-4150.9736328125,4150.9736328125,17230582.100304604
2023-11-30,16041.018,16078.297,16089.288,16101.945,196319.03,3.47388e+09,20108.5,20158.69921875,20015.849609375,20133.150390625,-4031.205078125,4031.205078125,16250614.381900787
2023-12-01,16170.733,16182.949,16113.869,15997.519,181309.81,3.2461394e+09,20194.099609375,20291.55078125,20183.69921875,20267.900390625,-4270.3818359375,4270.3818359375,18236161.024704933
2023-12-04,16121.667,16363.997,16126.047,16384.527,253643.02,4.4404065e+09,20601.94921875,20702.650390625,20507.75,20686.80078125,-4302.2734375,4302.2734375,18509556.731018066
2023-12-05,16337.069,16209.474,16238.564,16033.886,169073.5,3.0496348e+09,20808.900390625,20864.05078125,20711.150390625,20855.099609375,-4821.2138671875,4821.2138671875,23244103.15316105
2023-12-06,16432.025,16452.51,16131.513,16497.104,195101.28,3.5065692e+09,20950.75,20961.94921875,20852.150390625,20937.69921875,-4440.595703125,4440.595703125,19718890.198612213
2023-12-07,16455.48,16403.148,16187.725,16413.47,193269.61,3.4182835e+09,20932.400390625,20941.25,20850.80078125,20901.150390625,-4487.6796875,4487.6796875,20139268.977600098
2023-12-08,16395.02,16365.052,16142.814,16394.08,192979.08,3.4087122e+09,20934.099609375,21006.099609375,20862.69921875,20969.400390625,-4575.3203125,4575.3203125,20933555.961975098
2023-12-11,16524.434,16509.477,16420.383,16467.822,220675.28,3.817808e+09,20965.30078125,21026.099609375,20923.69921875,20997.099609375,-4529.27734375,4529.27734375,20514353.256607056
2023-12-12,16505.28,16424.115,16236.153,16442.465,193993.72,3.409455e+09,21018.55078125,21037.900390625,20867.150390625,20906.400390625,-4463.935546875,4463.935546875,19926720.566654205
2023-12-13,16398.049,16315.3955,16432.787,16323.854,166255.33,2.9924728e+09,20929.75,20950.0,20769.5,20926.349609375,-4602.49609375,4602.49609375,21182970.29298401
2023-12-14,16260.826,16422.309,16090.236,16423.191,190270.22,3.39213e+09,21110.400390625,21210.900390625,21074.44921875,21182.69921875,-4759.5078125,4759.5078125,22652914.617248535
2023-12-15,16402.117,16440.578,16426.572,16465.24,186251.78,3.3457306e+09,21287.44921875,21492.30078125,21235.30078125,21456.650390625,-4991.41015625,4991.41015625,24914175.34791565
2023-12-18,16364.444,16498.277,16177.227,16484.764,192412.28,3.403247e+09,21434.80078125,21482.80078125,21365.349609375,21418.650390625,-4933.88671875,4933.88671875,24343238.15345764
2023-12-19,16455.312,16419.305,16194.941,16462.31,189381.86,3.3117358e+09,21477.650390625,21505.05078125,21337.75,21453.099609375,-4990.7890625,4990.7890625,24907975.46636963
2023-12-20,16631.8,16524.176,16690.15,16567.018,213269.94,3.7412562e+09,21543.5,21593.0,21087.349609375,21150.150390625,-4583.1328125,4583.1328125,21005106.37701416
2023-12-21,16589.156,16571.35,16645.361,16651.016,184954.31,3.3049708e+09,21033.94921875,21288.349609375,20976.80078125,21255.05078125,-4604.03515625,4604.03515625,21197139.719985962
2023-12-22,16602.938,16611.139,16576.63,16707.473,199945.17,3.5302963e+09,21295.849609375,21390.5,21232.44921875,21349.400390625,-4641.927734375,4641.927734375,21547493.09115982
2023-12-26,16817.74,16755.229,16889.883,16850.564,205263.44,3.631128e+09,21365.19921875,21477.150390625,21329.44921875,21441.349609375,-4590.78515625,4590.78515625,21075308.350845337
2023-12-27,16799.283,16747.287,16769.328,16780.3,213471.44,3.7329303e+09,21497.650390625,21675.75,21495.80078125,21654.75,-4874.44921875,4874.44921875,23760255.186172485
2023-12-28,16574.465,17184.742,16505.34,16816.258,257317.69,4.4518835e+09,21715.0,21801.44921875,21678.0,21778.69921875,-4962.44140625,4962.44140625,24625824.710464478
2023-12-29,16840.752,17110.848,16885.031,17241.545,320820.47,5.4085617e+09,21737.650390625,21770.30078125,21676.900390625,21731.400390625,-4489.85546875,4489.85546875,20158802.130264282
2024-01-01,16825.297,17185.01,17013.262,17185.004,286681.94,4.9222395e+09,21727.75,21834.349609375,21680.849609375,21741.900390625,-4556.896484375,4556.896484375,20765305.569309235
2024-01-02,17034.0,17063.398,16895.549,16861.037,310542.62,5.310157e+09,21751.349609375,21755.599609375,21555.650390625,21665.80078125,-4804.763671875,4804.763671875,23085753.942569733
2024-01-03,16825.06,16890.701,16864.629,16898.178,293598.06,4.989168e+09,21661.099609375,21677.0,21500.349609375,21517.349609375,-4619.171875,4619.171875,21336748.810791016
2024-01-04,16386.549,16845.271,15681.3545,16927.357,323344.12,5.3427313e+09,21605.80078125,21685.650390625,21564.55078125,21658.599609375,-4731.2421875,4731.2421875,22384652.636779785
2024-01-05,16744.367,16841.883,16631.732,16804.963,323387.62,5.462197e+09,21705.75,21749.599609375,21629.19921875,21710.80078125,-4905.837890625,4905.837890625,24067245.40909195
2024-01-08,16824.66,16923.938,16870.17,16998.61,357002.5,6.0045297e+09,21747.599609375,21763.94921875,21492.900390625,21513.0,-4514.390625,4514.390625,20379722.71508789
2024-01-09,16943.148,17014.46,16732.73,16904.611,336584.22,5.709182e+09,21653.599609375,21724.44921875,21517.849609375,21544.849609375,-4640.23828125,4640.23828125,21531811.306777954
2024-01-10,16818.799,16957.139,16511.254,17085.557,294921.75,5.0208067e+09,21529.30078125,21641.849609375,21448.650390625,21618.69921875,-4533.142578125,4533.142578125,20549381.63360977
2024-01-11,16976.883,16910.434,16794.771,16774.932,291058.1,4.9842913e+09,21688.0,21726.5,21593.75,21647.19921875,-4872.267578125,4872.267578125,23738991.352848053
2024-01-12,16728.547,16796.123,16223.383,16864.553,310787.44,5.251999e+09,21773.55078125,21928.25,21715.150390625,21894.55078125,-5029.998046875,5029.998046875,25300880.351566315
2024-01-15,16714.21,16816.51,16665.506,16837.885,275842.88,4.7623593e+09,22053.150390625,22115.55078125,21963.55078125,22097.44921875,-5259.564453125,5259.564453125,27663018.23657608
2024-01-16,16842.85,16938.148,16753.902,16892.785,352505.06,5.91514e+09,22080.5,22124.150390625,21969.80078125,22032.30078125,-5139.515625,5139.515625,26414620.85961914
2024-01-17,16880.742,17084.424,16845.441,17081.664,341906.62,5.7574615e+09,21647.25,21851.5,21550.44921875,21571.94921875,-4490.28515625,4490.28515625,20162660.784439087
2024-01-18,17186.26,17169.455,17035.441,17095.979,316232.84,5.389697e+09,21414.19921875,21539.400390625,21285.55078125,21462.25,-4366.271484375,4366.271484375,19064326.675266266
2024-01-19,17139.568,17173.812,17013.59,17070.607,343245.22,5.8056397e+09,21615.19921875,21670.599609375,21575.0,21622.400390625,-4551.79296875,4551.79296875,20718819.23036194
2024-01-23,17034.527,17268.566,16933.967,17109.277,330031.03,5.600723e+09,21716.69921875,21750.25,21192.599609375,21238.80078125,-4129.5234375,4129.5234375,17052963.820861816
2024-01-24,17115.607,17562.2,16985.121,17571.422,387134.34,6.499835e+09,21185.25,21482.349609375,21137.19921875,21453.94921875,-3882.52734375,3882.52734375,15074018.57496643
2024-01-25,17462.248,17777.57,17352.666,17757.578,367218.0,6.2179046e+09,21454.599609375,21459.0,21247.05078125,21352.599609375,-3595.021484375,3595.021484375,12924179.473117828
2024-01-29,18074.582,18319.145,17343.264,18010.812,519633.5,8.24342e+09,21433.099609375,21763.25,21429.599609375,21737.599609375,-3726.787109375,3726.787109375,13888942.158603668
2024-01-30,17972.352,18038.451,17873.414,17975.754,368622.94,6.206057e+09,21775.75,21813.05078125,21501.80078125,21522.099609375,-3546.345703125,3546.345703125,12576567.84607315
2024-01-31,17930.535,17987.246,17722.285,17807.316,396655.75,6.6357473e+09,21487.25,21741.349609375,21448.849609375,21725.69921875,-3918.3828125,3918.3828125,15353723.86529541
2024-02-01,17908.281,18167.906,17783.473,18063.71,349659.8,5.887193e+09,21780.650390625,21832.94921875,21658.75,21697.44921875,-3633.73828125,3633.73828125,13204053.896621704
2024-02-02,18046.75,18236.354,18055.06,18107.555,354979.6,5.9982285e+09,21812.75,22126.80078125,21805.55078125,21853.80078125,-3746.24609375,3746.24609375,14034359.794937134
2024-02-05,18271.668,18255.004,18325.893,18247.9,345090.47,5.9269407e+09,21921.05078125,21964.30078125,21726.94921875,21771.69921875,-3523.798828125,3523.798828125,12417158.181095123
2024-02-06,18286.773,18360.885,18216.809,18284.055,378326.12,6.4068444e+09,21825.19921875,21951.400390625,21737.55078125,21929.400390625,-3645.345703125,3645.345703125,13288545.2952919
2024-02-07,18277.871,18404.277,18269.072,18280.195,355999.06,5.9908096e+09,22045.05078125,22053.30078125,21860.150390625,21930.5,-3650.3046875,3650.3046875,13324724.311584473
2024-02-08,18273.324,18449.809,18285.541,18460.088,319169.06,5.4121713e+09,22009.650390625,22011.05078125,21665.30078125,21717.94921875,-3257.861328125,3257.861328125,10613660.433292389
2024-02-09,18480.197,18554.793,18369.928,18429.287,376784.75,6.3540746e+09,21727.0,21804.44921875,21629.900390625,21782.5,-3353.212890625,3353.212890625,11244036.689853668
2024-02-12,18342.234,18575.738,18180.828,18176.008,333216.5,5.626035e+09,21800.80078125,21831.69921875,21574.75,21616.05078125,-3440.04296875,3440.04296875,11833895.626846313
2024-02-13,18246.744,18263.31,18218.082,18263.457,331435.97,5.6019026e+09,21664.30078125,21766.80078125,21543.349609375,21743.25,-3479.79296875,3479.79296875,12108959.105361938
2024-02-14,18265.275,18473.623,18302.084,18435.73,359857.9,6.0265585e+09,21578.150390625,21870.849609375,21530.19921875,21840.05078125,-3404.3203125,3404.3203125,11589396.790100098
2024-02-15,18424.24,18579.592,18372.223,18497.754,391271.3,6.5898644e+09,21906.55078125,21953.849609375,21794.80078125,21910.75,-3412.99609375,3412.99609375,11648542.335952759
2024-02-16,18598.246,18733.203,18574.549,18679.672,323627.75,5.5185275e+09,22020.30078125,22068.650390625,21968.94921875,22040.69921875,-3361.02734375,3361.02734375,11296504.80543518
2024-02-19,18537.297,18655.17,18502.91,18659.988,335622.6,5.670578e+09,22103.44921875,22186.650390625,22021.05078125,22122.25,-3462.26171875,3462.26171875,11987256.209121704
2024-02-20,18599.207,18484.053,18328.973,18312.56,323695.75,5.491497e+09,22099.19921875,22215.599609375,22045.849609375,22196.94921875,-3884.388671875,3884.388671875,15088475.354190826
2024-02-21,18227.594,18223.338,18218.92,18313.879,338036.5,5.684187e+09,22248.849609375,22249.400390625,21997.94921875,22055.05078125,-3741.171875,3741.171875,13996366.998291016
2024-02-22,18272.568,18283.816,18256.537,18300.635,329359.9,5.582323e+09,22081.55078125,22252.5,21875.25,22217.44921875,-3916.814453125,3916.814453125,15341435.460208893
2024-02-23,18186.307,18239.527,18057.32,18214.525,334353.3,5.672086e+09,22290.0,22297.5,22186.099609375,22212.69921875,-3998.173828125,3998.173828125,15985393.959903717
2024-02-26,18198.5,18266.09,18175.934,18252.936,346051.2,5.841393e+09,22169.19921875,22202.150390625,22075.150390625,22122.05078125,-3869.115234375,3869.115234375,14970052.696872711
2024-02-27,17955.098,18006.693,17834.145,17942.225,345893.62,5.8227174e+09,22090.19921875,22218.25,22085.650390625,22198.349609375,-4256.125,4256.125,18114600.015625
2024-02-28,17821.402,17904.748,17774.188,17890.877,306522.22,5.227376e+09,22214.099609375,22229.150390625,21915.849609375,21951.150390625,-4060.2734375,4060.2734375,16485820.387268066
2024-02-29,17774.465,17873.105,17763.35,17812.71,335137.56,5.6501e+09,21935.19921875,22060.55078125,21860.650390625,21982.80078125,-4170.08984375,4170.08984375,17389649.3049469
2024-03-01,17717.895,18049.904,17727.078,17934.988,346279.2,5.7292877e+09,22048.30078125,22353.30078125,22047.75,22338.75,-4403.76171875,4403.76171875,19393117.275527954
2024-03-04,18205.273,18372.465,17606.896,17971.713,203919.05,3.605429e+09,22403.5,22440.900390625,22358.30078125,22405.599609375,-4433.88671875,4433.88671875,19659351.43470764
2024-03-05,17996.709,18068.85,17816.621,17924.242,350704.16,5.863085e+09,22371.25,22416.900390625,22269.150390625,22356.30078125,-4432.05859375,4432.05859375,19643143.378433228
2024-03-06,17967.6,18049.354,17849.176,17934.16,359973.75,6.0053074e+09,22327.5,22497.19921875,22224.349609375,22474.05078125,-4539.890625,4539.890625,20610606.88696289
2024-03-07,17836.234,17880.06,17834.404,17951.693,338507.84,5.68144e+09,22505.30078125,22525.650390625,22430.0,22493.55078125,-4541.857421875,4541.857421875,20628468.84064102
2024-03-11,17812.762,17814.152,17490.94,17586.766,358112.38,6.018616e+09,22517.5,22526.599609375,22307.25,22332.650390625,-4745.884765625,4745.884765625,22523422.20859146
2024-03-12,17576.02,17671.174,17536.508,17635.115,336401.84,5.663758e+09,22334.44921875,22452.55078125,22256.0,22335.69921875,-4700.583984375,4700.583984375,22095489.79416275
2024-03-13,17604.861,17756.254,17562.28,17777.898,327828.8,5.5225416e+09,22432.19921875,22446.75,21905.650390625,21997.69921875,-4219.80078125,4219.80078125,17806718.63343811
2024-03-14,17774.576,17879.504,17740.32,17917.924,316147.7,5.364785e+09,21982.55078125,22204.599609375,21917.5,22146.650390625,-4228.7265625,4228.7265625,17882128.340393066
2024-03-15,17902.354,17942.613,17835.86,17963.678,313997.34,5.3318195e+09,22064.849609375,22120.900390625,21931.69921875,22023.349609375,-4059.671875,4059.671875,16480935.732666016
2024-03-18,17922.367,17960.674,17847.129,17991.809,318092.2,5.4272205e+09,21990.099609375,22123.69921875,21916.55078125,22055.69921875,-4063.890625,4063.890625,16515207.01196289
2024-03-19,17949.723,18136.518,17958.818,18170.818,317337.2,5.4407987e+09,21946.44921875,21978.30078125,21793.099609375,21817.44921875,-3646.630859375,3646.630859375,13297916.624546051
2024-03-20,18098.072,18196.68,18081.842,18216.732,315231.34,5.4308813e+09,21843.900390625,21930.900390625,21710.19921875,21839.099609375,-3622.3671875,3622.3671875,13121544.04107666
2024-03-21,18067.482,18138.023,18031.373,18170.613,316248.53,5.468812e+09,21989.900390625,22080.94921875,21941.30078125,22011.94921875,-3841.3359375,3841.3359375,14755861.784729004
2024-03-22,18047.79,18046.402,17788.342,17900.684,310909.1,5.352433e+09,21932.19921875,22180.69921875,21883.30078125,22096.75,-4196.06640625,4196.06640625,17606973.28565979
2024-03-26,17831.787,17916.646,17746.883,17922.453,318660.5,5.397379e+09,21947.900390625,22073.19921875,21947.55078125,22004.69921875,-4082.24609375,4082.24609375,16664733.169937134
2024-03-27,17872.064,18208.031,17904.746,17964.89,309436.4,5.265784e+09,22053.94921875,22193.599609375,22052.849609375,22123.650390625,-4158.759765625,4158.759765625,17295282.788181305
2024-03-28,18007.357,17959.133,17407.379,17453.45,341519.75,5.797221e+09,22163.599609375,22516.0,22163.599609375,22326.900390625,-4873.451171875,4873.451171875,23750526.32464981
2024-04-01,17509.246,17982.36,17513.564,18016.842,334938.72,5.673868e+09,22455.0,22529.94921875,22427.75,22462.0,-4445.158203125,4445.158203125,19759431.45080948
2024-04-02,17893.633,17916.822,17713.836,17858.223,322883.72,5.474367e+09,22458.80078125,22497.599609375,22388.150390625,22453.30078125,-4595.078125,4595.078125,21114742.974853516
2024-04-03,17839.283,17868.387,17741.953,17861.879,307934.9,5.241666e+09,22385.69921875,22521.099609375,22346.5,22434.650390625,-4572.771484375,4572.771484375,20910239.04831314
2024-04-04,17656.291,17740.684,17628.992,17748.54,340507.84,5.748839e+09,22592.099609375,22619.0,22303.80078125,22514.650390625,-4766.111328125,4766.111328125,22715817.19208145
2024-04-05,17736.447,17957.096,17736.777,17946.492,361575.28,6.0705833e+09,22486.400390625,22537.599609375,22427.599609375,22513.69921875,-4567.20703125,4567.20703125,20859380.06629944
2024-04-08,17928.094,17982.316,17826.822,17910.072,375849.7,6.297657e+09,22578.349609375,22697.30078125,22550.349609375,22666.30078125,-4756.228515625,4756.228515625,22621709.69284439
2024-04-09,17828.342,17923.41,17632.246,17870.69,352224.0,5.922654e+09,22765.099609375,22768.400390625,22612.25,22642.75,-4772.060546875,4772.060546875,22772561.863040924
2024-04-10,17632.307,17733.012,17602.63,17739.705,349411.0,5.8857764e+09,22720.25,22775.69921875,22673.69921875,22753.80078125,-5014.095703125,5014.095703125,25141155.720096588
2024-04-12,17703.062,17772.516,17674.498,17759.41,343245.03,5.759194e+09,22677.400390625,22726.44921875,22503.75,22519.400390625,-4759.990234375,4759.990234375,22657507.031345367
2024-04-15,17675.602,17679.447,17340.902,17446.42,394031.4,6.54912e+09,22339.05078125,22427.44921875,22259.55078125,22272.5,-4826.080078125,4826.080078125,23291048.920475006
2024-04-16,17395.916,17655.473,17380.707,17635.725,363383.3,6.0809994e+09,22125.30078125,22213.75,22079.44921875,22147.900390625,-4512.17578125,4512.17578125,20359730.280899048
2024-04-18,17621.951,17763.125,17574.453,17762.094,402319.8,6.618597e+09,22212.349609375,22326.5,21961.69921875,21995.849609375,-4233.755859375,4233.755859375,17924688.676792145
2024-04-19,17615.326,17684.65,17453.908,17511.719,382269.97,6.358399e+09,21861.5,22179.55078125,21777.650390625,22147.0,-4635.28125,4635.28125,21485832.266601562
2024-04-22,17125.445,17820.482,16345.699,17520.926,316416.75,5.3740703e+09,22336.900390625,22375.650390625,22198.150390625,22336.400390625,-4815.474609375,4815.474609375,23188795.71353531
2024-04-23,17275.367,17360.904,16934.887,17133.152,401744.06,6.609161e+09,22447.05078125,22447.55078125,22349.44921875,22368.0,-5234.84765625,5234.84765625,27403629.98414612
2024-04-24,17079.088,17260.393,16996.072,17225.506,391375.62,6.4397957e+09,22421.55078125,22476.44921875,22384.0,22402.400390625,-5176.89453125,5176.89453125,26800236.987686157
2024-04-25,17162.262,17396.049,17102.965,17298.242,418865.06,6.8553467e+09,22316.900390625,22625.94921875,22305.25,22570.349609375,-5272.107421875,5272.107421875,27795116.66778946
2024-04-26,17322.71,17426.285,17262.625,17402.018,413382.0,6.756898e+09,22620.400390625,22620.400390625,22385.55078125,22419.94921875,-5017.931640625,5017.931640625,25179637.949985504
2024-04-29,17404.416,17486.781,17304.66,17385.906,447435.22,7.276713e+09,22475.55078125,22655.80078125,22441.900390625,22643.400390625,-5257.494140625,5257.494140625,27641244.638706207
2024-04-30,17393.65,17508.727,17345.273,17490.627,417729.12,6.840531e+09,22679.650390625,22783.349609375,22568.400390625,22604.849609375,-5114.22265625,5114.22265625,26155273.377700806
2024-05-02,16900.2,16969.754,16782.166,16884.531,393236.88,6.5302477e+09,22567.849609375,22710.5,22567.849609375,22648.19921875,-5763.66796875,5763.66796875,33219868.45399475
2024-05-03,16559.09,16909.924,16644.33,16856.186,385022.3,6.44896e+09,22766.349609375,22794.69921875,22348.05078125,22475.849609375,-5619.6640625,5619.6640625,31580624.175354004
2024-05-06,16788.207,17011.092,16728.172,16948.027,378906.8,6.337815e+09,22561.599609375,22588.80078125,22409.44921875,22442.69921875,-5494.671875,5494.671875,30191419.013916016
2024-05-07,16948.7,17113.84,16861.78,17063.219,374726.78,6.2674903e+09,22489.75,22499.05078125,22232.05078125,22302.5,-5239.28125,5239.28125,27450068.016601562
2024-05-08,17044.758,17156.135,16952.047,17098.107,373978.9,6.261896e+09,22231.19921875,22368.650390625,22185.19921875,22302.5,-5204.392578125,5204.392578125,27085702.107242584
2024-05-09,17124.986,17308.086,17023.252,17152.273,387500.62,6.516941e+09,22224.80078125,22307.75,21932.400390625,21957.5,-4805.2265625,4805.2265625,23090202.316955566
2024-05-10,17183.25,17385.857,17109.941,17339.6,401898.7,6.6266184e+09,21990.94921875,22131.30078125,21950.30078125,22055.19921875,-4715.599609375,4715.599609375,22236879.675937653
2024-05-13,17189.564,17283.047,17003.139,17116.795,377876.6,6.3331937e+09,22027.94921875,22131.650390625,21821.05078125,22104.05078125,-4987.255859375,4987.255859375,24872721.00687027
2024-05-14,17021.713,16941.799,16877.605,16846.23,386632.06,6.4168653e+09,22112.900390625,22270.05078125,22081.25,22217.849609375,-5371.619140625,5371.619140625,28854292.191928864
2024-05-15,16822.918,17111.793,16868.123,17086.402,389262.0,6.510749e+09,22255.599609375,22297.55078125,22151.75,22200.55078125,-5114.1484375,5114.1484375,26154514.24078369
2024-05-16,16940.326,17105.756,16829.475,17001.508,378548.8,6.353985e+09,22319.19921875,22432.25,22054.55078125,22403.849609375,-5402.341796875,5402.341796875,29185296.890262604
2024-05-17,16822.445,16977.52,16774.168,16942.617,384488.53,6.4052833e+09,22415.25,22502.150390625,22345.650390625,22466.099609375,-5523.482421875,5523.482421875,30508858.064762115
2024-05-21,16860.455,16932.494,16713.9,16832.162,369872.97,6.2295183e+09,22404.55078125,22591.099609375,22404.55078125,22529.05078125,-5696.888671875,5696.888671875,32454540.5397377
2024-05-22,16717.969,16916.31,16668.4,16859.752,377405.03,6.328882e+09,22576.599609375,22629.5,22483.150390625,22597.80078125,-5738.048828125,5738.048828125,32925204.353946686
2024-05-23,16762.69,16932.541,16684.049,16857.822,376091.06,6.3163095e+09,22614.099609375,22993.599609375,22577.44921875,22967.650390625,-6109.828125,6109.828125,37329999.717041016
2024-05-24,16749.906,16924.24,16672.656,16848.057,375839.56,6.311595e+09,22930.75,23026.400390625,22908.0,22957.099609375,-6109.04296875,6109.04296875,37320405.99403381
2024-05-27,16462.492,16778.07,16520.033,16698.76,376778.7,6.365228e+09,23038.94921875,23110.80078125,22871.19921875,22932.44921875,-6233.689453125,6233.689453125,38858884.19800186
2024-05-28,16713.508,16951.56,16644.812,16916.463,374326.16,6.285204e+09,22977.150390625,22998.55078125,22858.5,22888.150390625,-5971.6875,5971.6875,35661051.59765625
2024-05-29,16920.924,17225.479,16837.049,17209.178,419261.97,6.9106186e+09,22762.75,22825.5,22685.44921875,22704.69921875,-5495.521484375,5495.521484375,30200756.385227203
2024-05-30,17183.637,17225.371,16949.771,17015.143,448256.38,7.4189445e+09,22617.44921875,22705.75,22417.0,22488.650390625,-5473.5078125,5473.5078125,29959287.773498535
2024-05-31,16988.637,17102.062,16875.814,17019.016,414398.8,6.894208e+09,22568.099609375,22653.75,22465.099609375,22530.69921875,-5511.68359375,5511.68359375,30378656.037612915
2024-06-03,16544.07,16668.422,16502.03,16644.93,391630.22,6.551846e+09,23337.900390625,23338.69921875,23062.30078125,23263.900390625,-6618.970703125,6618.970703125,43810773.16882706
2024-06-04,16622.0,16814.432,16558.455,16774.584,415829.94,6.909277e+09,23179.5,23179.5,21281.44921875,21884.5,-5109.916015625,5109.916015625,26111241.686740875
2024-06-05,16688.838,16798.717,16602.984,16762.72,394333.12,6.588882e+09,22128.349609375,22670.400390625,21791.94921875,22620.349609375,-5857.62890625,5857.62890625,34311816.40333557
2024-06-06,16764.213,16920.781,16679.799,16869.5,376758.6,6.327804e+09,22798.599609375,22910.150390625,22642.599609375,22821.400390625,-5951.900390625,5951.900390625,35425118.25992203
2024-06-07,16772.938,16943.21,16715.348,16875.064,379132.72,6.365771e+09,22821.849609375,23320.19921875,22789.05078125,23290.150390625,-6415.0859375,6415.0859375,41153327.585510254
2024-06-10,16693.246,16758.4,16516.803,16649.092,368631.62,6.212221e+09,23319.150390625,23411.900390625,23227.150390625,23259.19921875,-6610.107421875,6610.107421875,43693520.12872696
2024-06-11,16505.656,16601.338,16402.383,16553.799,369475.38,6.2148255e+09,23283.75,23389.44921875,23206.650390625,23264.849609375,-6711.05078125,6711.05078125,45038202.588516235
2024-06-12,16555.398,16773.932,16496.332,16740.74,373774.2,6.269081e+09,23344.44921875,23441.94921875,23295.94921875,23322.94921875,-6582.208984375,6582.208984375,43325475.11398697
2024-06-13,16738.535,16868.115,16638.836,16808.965,372779.1,6.2595354e+09,23480.94921875,23481.05078125,23353.900390625,23398.900390625,-6589.935546875,6589.935546875,43427250.511966705
2024-06-14,16799.547,16911.95,16697.031,16850.707,371857.62,6.24911e+09,23464.94921875,23490.400390625,23334.25,23465.599609375,-6614.892578125,6614.892578125,43756803.82013321
2024-06-18,16777.873,16839.408,16593.041,16674.076,364882.66,6.15898e+09,23570.80078125,23579.05078125,23499.69921875,23557.900390625,-6883.82421875,6883.82421875,47387035.87464905
2024-06-19,16639.5,16656.787,16462.16,16502.453,345387.88,5.836862e+09,23629.849609375,23664.0,23412.900390625,23516.0,-7013.546875,7013.546875,49189839.767822266
2024-06-20,16524.033,16632.621,16447.713,16533.453,347311.3,5.8521815e+09,23586.150390625,23624.0,23442.599609375,23567.0,-7033.546875,7033.546875,49470781.642822266
2024-06-21,16524.742,16578.945,16280.374,16255.657,364007.25,6.1178476e+09,23661.150390625,23667.099609375,23398.19921875,23501.099609375,-7245.4423828125,7245.4423828125,52496435.32265568
2024-06-24,16359.062,16459.725,16228.967,16226.47,344757.97,5.8176333e+09,23382.30078125,23558.099609375,23350.0,23537.849609375,-7311.3798828125,7311.3798828125,53456275.790795326
2024-06-25,16282.643,16463.783,16248.2295,16393.365,348906.28,5.8732974e+09,23577.099609375,23754.150390625,23562.05078125,23721.30078125,-7327.935546875,7327.935546875,53698639.379154205
2024-06-26,16402.422,16425.62,16383.516,16363.416,354621.72,5.9706685e+09,23723.099609375,23889.900390625,23670.44921875,23868.80078125,-7505.384765625,7505.384765625,56330800.480075836
2024-06-27,16237.352,16370.688,16222.487,16347.299,368327.84,6.218878e+09,23881.55078125,24087.44921875,23805.400390625,24044.5,-7697.201171875,7697.201171875,59246905.88031387
2024-06-28,16379.224,16431.219,16276.2705,16370.76,357810.8,6.087603e+09,24085.900390625,24174.0,23985.80078125,24010.599609375,-7639.83984375,7639.83984375,58367152.838150024
2024-07-01,16340.159,16368.213,16240.426,16281.944,367034.62,6.1998643e+09,23992.94921875,24164.0,23992.69921875,24141.94921875,-7860.0048828125,7860.0048828125,61779676.75783634
2024-07-02,16311.226,16447.463,16261.202,16374.7295,351217.47,5.9135887e+09,24228.75,24236.349609375,24056.400390625,24123.849609375,-7749.1201171875,7749.1201171875,60048862.590600014
2024-07-03,16334.631,16571.574,16331.801,16587.227,387300.78,6.487826e+09,24291.75,24309.150390625,24207.099609375,24286.5,-7699.2734375,7699.2734375,59278811.46539307
2024-07-04,16521.361,16591.764,16379.531,16468.502,366575.94,6.194858e+09,24369.94921875,24401.0,24281.0,24302.150390625,-7833.6484375,7833.6484375,61366047.84234619
2024-07-05,16429.393,16521.812,16341.723,16440.105,365331.94,6.1692733e+09,24213.349609375,24363.0,24168.849609375,24323.849609375,-7883.744140625,7883.744140625,62153421.67483902
2024-07-08,16363.1875,16340.06,16276.578,16298.701,351242.28,5.909075e+09,24329.44921875,24344.599609375,24240.55078125,24320.55078125,-8021.849609375,8021.849609375,64350071.15542984
2024-07-09,16420.951,16554.496,16328.238,16414.2,355168.78,5.99395e+09,24351.0,24443.599609375,24331.900390625,24433.19921875,-8019.0,8019.0,64304361.0
2024-07-10,16443.256,16529.422,16346.997,16415.773,348343.53,5.8765834e+09,24459.849609375,24461.05078125,24141.80078125,24324.44921875,-7908.67578125,7908.67578125,62547152.6129303
2024-07-11,16321.347,16433.494,16252.825,16363.927,352027.53,5.964417e+09,24396.55078125,24402.650390625,24193.75,24315.94921875,-7952.0224609375,7952.0224609375,63234661.21925449
2024-07-12,16393.201,16497.244,16306.383,16395.082,347379.8,5.862453e+09,24387.94921875,24592.19921875,24331.150390625,24502.150390625,-8107.068359375,8107.068359375,65724557.383579254
2024-07-15,16433.02,16465.264,16185.85,16223.367,327044.44,5.5609984e+09,24587.599609375,24635.05078125,24522.75,24586.69921875,-8363.33203125,8363.33203125,69945322.66493225
2024-07-16,16175.757,16275.061,15958.606,16219.88,352714.38,5.9210455e+09,24615.900390625,24661.25,24587.650390625,24613.0,-8393.1201171875,8393.1201171875,70444465.30153751
2024-07-18,16345.946,16529.395,16259.05,16386.719,354967.72,5.9816023e+09,24543.80078125,24837.75,24504.44921875,24800.849609375,-8414.130859375,8414.130859375,70797598.11868668
2024-07-19,16509.63,17160.164,15940.241,16309.389,314026.7,5.335653e+09,24853.80078125,24854.80078125,24508.150390625,24530.900390625,-8221.51171875,8221.51171875,67593254.94154358
2024-07-22,16380.999,16476.19,16227.599,16396.447,359816.12,6.0878884e+09,24445.75,24595.19921875,24362.30078125,24509.25,-8112.802734375,8112.802734375,65817568.20688248
2024-07-23,16459.256,16709.174,16172.291,16350.073,317374.38,5.363235e+09,24568.900390625,24582.55078125,24074.19921875,24479.05078125,-8128.9775390625,8128.9775390625,66080275.83058262
2024-07-24,16298.147,16445.707,15759.949,16474.678,338325.7,5.696048e+09,24444.94921875,24504.25,24307.25,24413.5,-7938.822265625,7938.822265625,63024898.96518326
2024-07-25,16473.422,16602.062,16309.682,16409.906,350392.62,5.8978524e+09,24230.94921875,24426.150390625,24210.80078125,24406.099609375,-7996.193359375,7996.193359375,63939108.24051285
2024-07-26,16496.836,16531.027,16237.762,16207.418,338069.12,5.7192955e+09,24423.349609375,24861.150390625,24410.900390625,24834.849609375,-8627.431640625,8627.431640625,74432576.71365738
2024-07-29,16270.61,16290.668,16174.3545,16143.922,342964.8,5.756328e+09,24943.30078125,24999.75,24774.599609375,24836.099609375,-8692.177734375,8692.177734375,75553953.76596451
2024-07-30,16160.294,16188.6455,16152.859,16202.98,347735.25,5.812822e+09,24839.400390625,24971.75,24798.650390625,24857.30078125,-8654.3203125,8654.3203125,74897260.0713501
2024-07-31,16159.619,16291.126,16120.902,16249.716,351868.22,5.9389747e+09,24886.69921875,24984.599609375,24856.5,24951.150390625,-8701.4345703125,8701.4345703125,75714963.58142948
2024-08-01,16223.899,16256.571,16079.3955,16158.077,327158.44,5.5440717e+09,25030.94921875,25078.30078125,24956.400390625,25010.900390625,-8852.8232421875,8852.8232421875,78372479.3574152
2024-08-02,16212.403,16210.505,16231.957,16186.669,325734.88,5.5172634e+09,24789.0,24851.900390625,24686.849609375,24717.69921875,-8531.0302734375,8531.0302734375,72778477.5263071
2024-08-05,16133.994,16230.104,16199.737,16257.778,327863.22,5.519343e+09,24302.849609375,24350.05078125,23893.69921875,24055.599609375,-7797.8212890625,7797.8212890625,60806016.85615635
2024-08-06,16246.979,16272.704,16194.683,16235.755,324786.12,5.5044465e+09,24189.849609375,24382.599609375,23960.400390625,23992.55078125,-7756.7958984375,7756.7958984375,60167882.61001682
2024-08-07,16217.438,16392.598,15923.172,16464.93,325681.34,5.4838487e+09,24289.400390625,24337.69921875,24184.900390625,24297.5,-7832.5703125,7832.5703125,61349157.70025635
2024-08-08,16327.193,16330.453,16104.537,16187.792,320833.0,5.4495846e+09,24248.55078125,24340.5,24079.69921875,24117.0,-7929.2080078125,7929.2080078125,62872339.631157875
2024-08-09,16086.506,16246.299,16095.966,16256.143,361462.3,6.056282e+09,24386.849609375,24419.75,24311.19921875,24367.5,-8111.357421875,8111.357421875,65794119.22540665
2024-08-12,16258.827,16287.978,16147.641,16206.198,343015.12,5.778039e+09,24320.05078125,24472.80078125,24212.099609375,24347.0,-8140.8017578125,8140.8017578125,66272653.26000309
2024-08-13,16204.523,16305.892,16078.915,16309.37,320938.03,5.4120776e+09,24342.349609375,24359.94921875,24116.5,24139.0,-7829.6298828125,7829.6298828125,61303104.10183048
2024-08-14,16339.974,16356.382,16117.759,16091.321,333779.56,5.6356977e+09,24184.400390625,24196.5,24099.69921875,24143.75,-8052.4287109375,8052.4287109375,64841608.14473057
2024-08-16,16188.023,16349.103,16155.027,16294.841,345167.75,5.7931295e+09,24334.849609375,24563.900390625,24204.5,24541.150390625,-8246.3095703125,8246.3095703125,68001621.52942753
2024-08-19,16333.086,16376.1455,16225.007,16252.078,342483.03,5.7866527e+09,24636.349609375,24638.80078125,24522.94921875,24572.650390625,-8320.572265625,8320.572265625,69231922.82748795
2024-08-20,16317.152,16269.614,16267.314,16138.37,323649.72,5.4581197e+09,24648.900390625,24734.30078125,24607.19921875,24698.849609375,-8560.4794921875,8560.4794921875,73281809.13616276
2024-08-21,16235.534,16293.857,16071.656,16123.577,323577.6,5.466609e+09,24680.55078125,24787.94921875,24654.5,24770.19921875,-8646.6220703125,8646.6220703125,74764073.22681522
2024-08-22,16050.815,16166.887,16014.053,16127.139,310606.25,5.241161e+09,24863.400390625,24867.349609375,24784.44921875,24811.5,-8684.361328125,8684.361328125,75418131.67743301
2024-08-23,16104.088,16232.712,16038.615,16137.933,316646.3,5.3654973e+09,24845.400390625,24858.400390625,24771.650390625,24823.150390625,-8685.2177734375,8685.2177734375,75433007.77203465
2024-08-26,16218.361,16276.236,16020.825,16090.333,321190.5,5.4213596e+09,24906.099609375,25043.80078125,24874.69921875,25010.599609375,-8920.2666015625,8920.2666015625,79571156.2429514
2024-08-27,16139.273,16217.576,16081.458,16127.502,304651.6,5.1445524e+09,25024.80078125,25073.099609375,24973.650390625,25017.75,-8890.248046875,8890.248046875,79036510.33496475
2024-08-28,16126.575,16144.854,16115.998,16169.651,339884.97,5.694709e+09,25030.80078125,25129.599609375,24964.650390625,25052.349609375,-8882.6982421875,8882.6982421875,78902328.0617609
2024-08-29,16178.516,16222.708,16099.025,16127.816,304593.34,5.153172e+09,25035.30078125,25192.900390625,24998.5,25151.94921875,-9024.1328125,9024.1328125,81434973.01763916
2024-08-30,16134.929,16238.986,16066.759,16135.277,315487.8,5.345199e+09,25249.69921875,25268.349609375,25199.400390625,25235.900390625,-9100.623046875,9100.623046875,82821339.84131241
2024-09-02,16168.698,16193.906,16118.688,16119.482,282157.25,4.833937e+09,25333.599609375,25333.650390625,25235.5,25278.69921875,-9159.216796875,9159.216796875,83891252.33215714
2024-09-03,16162.143,16190.252,16131.733,16130.301,278776.7,4.7761833e+09,25313.400390625,25321.69921875,25235.80078125,25279.849609375,-9149.548828125,9149.548828125,83714243.75824356
2024-09-04,16169.003,16194.986,16143.276,16139.47,277064.2,4.7456707e+09,25089.94921875,25216.0,25083.80078125,25198.69921875,-9059.2294921875,9059.2294921875,82069638.99211979
2024-09-05,16040.001,16136.151,16001.075,16021.084,241967.36,4.2347697e+09,25250.5,25275.44921875,25127.75,25145.099609375,-9124.015625,9124.015625,83247661.12524414
2024-09-06,15973.621,16120.324,15791.276,16197.404,234863.36,4.062993e+09,25093.69921875,25168.75,24801.30078125,24852.150390625,-8654.74609375,8654.74609375,74904629.94728088
2024-09-09,15983.058,16193.536,15973.905,16089.437,295533.12,5.0269737e+09,24823.400390625,24957.5,24753.150390625,24936.400390625,-8846.9638671875,8846.9638671875,78268769.6673212
2024-09-10,15973.592,15925.673,15800.294,15687.796,215218.8,3.827942e+09,24999.400390625,25130.5,24896.80078125,25041.099609375,-9353.3037109375,9353.3037109375,87484290.30903721
2024-09-11,15827.741,16096.31,15755.23,16066.443,179647.61,3.259467e+09,25034.0,25113.69921875,24885.150390625,24918.44921875,-8852.005859375,8852.005859375,78358007.73440933
2024-09-12,16039.13,15997.396,15886.405,15825.0,191533.05,3.4550758e+09,25059.650390625,25433.349609375,24941.44921875,25388.900390625,-9563.900390625,9563.900390625,91468190.68179703
2024-09-13,16045.212,16031.666,16073.295,16061.729,170948.47,3.1054428e+09,25430.44921875,25430.5,25292.44921875,25356.5,-9294.771484375,9294.771484375,86392776.94675064
2024-09-16,16104.561,16134.744,16099.843,16093.849,192524.19,3.4623232e+09,25406.650390625,25445.69921875,25336.19921875,25383.75,-9289.9013671875,9289.9013671875,86302267.41207218
2024-09-17,16034.875,16109.931,16040.955,16130.432,178650.31,3.2199342e+09,25416.900390625,25441.650390625,25352.25,25418.55078125,-9288.119140625,9288.119140625,86269157.17044449
2024-09-18,16162.602,16223.761,16171.832,16229.83,197603.38,3.5223232e+09,25402.400390625,25482.19921875,25285.55078125,25377.55078125,-9147.720703125,9147.720703125,83680794.06238174
2024-09-19,16258.484,16278.119,16244.606,16288.527,174104.94,3.170352e+09,25487.05078125,25611.94921875,25376.05078125,25415.80078125,-9127.2734375,9127.2734375,83307120.40289307
2024-09-20,16320.211,16196.036,16321.477,16236.4,149749.56,2.8002074e+09,25525.94921875,25849.25,25426.599609375,25790.94921875,-9554.548828125,9554.548828125,91289403.30902481
2024-09-23,16157.3,16057.044,16182.96,16083.175,144599.61,2.630983e+09,25872.55078125,25956.0,25847.349609375,25939.05078125,-9855.8759765625,9855.8759765625,97138291.26538181
2024-09-24,16245.644,16155.406,16251.185,16195.196,142259.33,2.6631025e+09,25921.44921875,26011.55078125,25886.849609375,25940.400390625,-9745.2041015625,9745.2041015625,94969002.98111057
2024-09-25,16297.811,16198.8125,16304.223,16233.544,138888.17,2.619165e+09,25899.44921875,26032.80078125,25871.349609375,26004.150390625,-9770.6064453125,9770.6064453125,95464750.30918217
2024-09-26,16318.744,16220.062,16327.599,16253.475,136596.75,2.5872384e+09,26005.400390625,26250.900390625,25998.400390625,26216.05078125,-9962.576171875,9962.576171875,99252923.98041153
2024-09-27,16332.943,16236.855,16345.842,16270.85,134584.08,2.5565545e+09,26248.25,26277.349609375,26151.400390625,26178.94921875,-9908.099609375,9908.099609375,98170437.86929703
2024-09-30,16330.892,16297.17,16386.99,16302.079,147608.17,2.7256847e+09,26061.30078125,26134.69921875,25794.099609375,25810.849609375,-9508.7705078125,9508.7705078125,90416716.57024479
2024-10-01,16354.784,16320.896,16403.84,16322.525,147036.7,2.7173176e+09,25788.44921875,25907.599609375,25739.19921875,25796.900390625,-9474.375,9474.375,89763781.640625
2024-10-03,16271.74,16201.799,16068.812,15985.669,157491.16,2.9187558e+09,25452.849609375,25639.44921875,25230.30078125,25250.099609375,-9264.4306640625,9264.4306640625,85829675.52922153
2024-10-04,16182.1455,16114.412,16171.731,16146.994,131927.28,2.5307476e+09,25181.900390625,25485.05078125,24966.80078125,25014.599609375,-8867.60546875,8867.60546875,78634426.7494049
2024-10-07,16141.069,16089.618,15979.793,15901.599,155501.73,2.887748e+09,25084.099609375,25143.0,24694.349609375,24795.75,-8894.1513671875,8894.1513671875,79105928.54244328
2024-10-08,16111.263,16163.519,16051.871,15970.332,151380.78,2.7793065e+09,24832.19921875,25044.0,24756.80078125,25013.150390625,-9042.818359375,9042.818359375,81772563.88064957
2024-10-09,16034.883,15982.651,15961.765,15861.316,154458.9,2.8108047e+09,25065.80078125,25234.05078125,24947.69921875,24981.94921875,-9120.6328125,9120.6328125,83185942.90045166
2024-10-10,16090.437,16021.926,16070.899,16046.134,128889.58,2.4814044e+09,25067.05078125,25134.05078125,24979.400390625,24998.44921875,-8952.3154296875,8952.3154296875,80143951.55262089
2024-10-11,16208.335,16117.809,16209.694,16145.231,125984.28,2.432506e+09,24985.30078125,25028.650390625,24920.05078125,24964.25,-8819.0185546875,8819.0185546875,77775088.2679224
2024-10-14,16167.897,16107.782,15988.417,15898.334,151124.75,2.8161774e+09,25023.44921875,25159.75,25017.5,25127.94921875,-9229.615234375,9229.615234375,85185797.37460709
2024-10-15,16147.66,16090.349,16132.9,16112.379,126853.984,2.4556877e+09,25186.30078125,25212.05078125,25008.150390625,25057.349609375,-8944.970703125,8944.970703125,80012500.87976456
2024-10-16,16237.1455,16150.017,16233.48,16171.946,123698.16,2.4054656e+09,25008.55078125,25093.400390625,24908.44921875,24971.30078125,-8799.3544921875,8799.3544921875,77428639.47918034
2024-10-17,16270.795,16102.355,15934.802,15958.038,107289.19,2.1601887e+09,25027.400390625,25029.5,24728.900390625,24749.849609375,-8791.8115234375,8791.8115234375,77295949.86364841
2024-10-18,16208.159,16143.004,16209.8545,16161.23,119243.11,2.328379e+09,24664.94921875,24886.19921875,24567.650390625,24854.05078125,-8692.8203125,8692.8203125,75565124.9854126
2024-10-21,16300.6,16220.877,16298.991,16238.129,119123.7,2.3295066e+09,24956.150390625,24978.30078125,24679.599609375,24781.099609375,-8542.970703125,8542.970703125,72982348.43445206
2024-10-22,16343.8955,16258.608,16341.353,16273.753,118814.984,2.324381e+09,24798.650390625,24882.0,24445.80078125,24472.099609375,-8198.3466796875,8198.3466796875,67212888.28034306
2024-10-23,16321.8,16248.199,15695.221,16064.224,176600.4,3.1496123e+09,24378.150390625,24604.25,24378.099609375,24435.5,-8371.2763671875,8371.2763671875,70078268.01583195
2024-10-24,16092.16,16300.744,16071.927,16356.537,180269.22,3.2163748e+09,24412.69921875,24480.650390625,24341.19921875,24399.400390625,-8042.86328125,8042.86328125,64687649.76087952
2024-10-25,16377.477,16424.135,16305.383,16406.254,215015.25,3.758682e+09,24418.05078125,24440.25,24073.900390625,24180.80078125,-7774.546875,7774.546875,60443579.111572266
2024-10-28,16400.342,16521.746,16382.244,16557.83,247764.9,4.2631432e+09,24251.099609375,24492.599609375,24134.900390625,24339.150390625,-7781.3203125,7781.3203125,60548945.8057251
2024-10-29,16671.02,16740.08,16520.34,16497.979,216866.2,3.7780849e+09,24328.849609375,24484.5,24140.849609375,24466.849609375,-7968.87109375,7968.87109375,63502906.50880432
2024-10-30,16540.0,16526.016,16365.682,16328.076,250276.47,4.3244063e+09,24371.44921875,24498.19921875,24307.30078125,24340.849609375,-8012.7734375,8012.7734375,64204538.16070557
2024-10-31,16402.72,16426.5,16308.34,16287.294,256594.94,4.4069217e+09,24349.849609375,24372.44921875,24172.599609375,24205.349609375,-7918.0556640625,7918.0556640625,62695605.49919224
2024-11-01,16127.633,16528.752,15991.775,16596.955,285641.38,4.8021396e+09,24302.75,24368.25,24280.19921875,24304.349609375,-7707.39453125,7707.39453125,59403930.46034241
2024-11-04,16371.112,16473.299,16294.657,16476.45,261068.1,4.4514376e+09,24315.75,24316.75,23816.150390625,23995.349609375,-7518.900390625,7518.900390625,56533863.08414078
2024-11-05,16501.967,16504.234,16409.018,16453.943,236263.06,4.072156e+09,23916.5,24229.05078125,23842.75,24213.30078125,-7759.357421875,7759.357421875,60207627.60040665
2024-11-06,16523.562,16575.967,16470.832,16575.838,236047.11,4.06773e+09,24308.75,24537.599609375,24204.05078125,24484.05078125,-7908.212890625,7908.212890625,62539831.12344742
2024-11-07,16608.955,16625.398,16538.482,16606.896,234678.78,4.0487235e+09,24489.599609375,24503.349609375,24179.05078125,24199.349609375,-7592.453125,7592.453125,57645344.455322266
2024-11-08,16590.19,16602.799,16455.424,16524.564,273338.06,4.6655263e+09,24207.69921875,24276.150390625,24066.650390625,24148.19921875,-7623.634765625,7623.634765625,58119807.03964615
2024-11-11,16529.703,16602.52,16445.441,16595.094,280478.7,4.770664e+09,24087.25,24336.80078125,24004.599609375,24141.30078125,-7546.20703125,7546.20703125,56945240.55848694
2024-11-12,16587.258,16588.703,16500.076,16525.068,240000.02,4.1254776e+09,24225.80078125,24242.0,23839.150390625,23883.44921875,-7358.380859375,7358.380859375,54145768.87161636
2024-11-13,16648.365,16797.098,16478.797,16503.514,237476.44,4.0805059e+09,23822.44921875,23873.599609375,23509.599609375,23559.05078125,-7055.537109375,7055.537109375,49780603.90176773
2024-11-14,16523.807,16571.627,16487.543,16543.08,255137.4,4.3701207e+09,23542.150390625,23675.900390625,23484.150390625,23532.69921875,-6989.619140625,6989.619140625,48854775.73099136
2024-11-18,16532.396,16564.703,16494.475,16542.854,257865.61,4.4084424e+09,23605.30078125,23606.80078125,23350.400390625,23453.80078125,-6910.947265625,6910.947265625,47761192.108249664
2024-11-19,16564.512,16681.506,15877.373,16769.426,301861.56,5.052686e+09,23529.55078125,23780.650390625,23464.80078125,23518.5,-6749.07421875,6749.07421875,45550002.81019592
2024-11-21,16590.148,16639.918,16514.055,16609.5,264584.9,4.5471406e+09,23488.44921875,23507.30078125,23263.150390625,23349.900390625,-6740.400390625,6740.400390625,45432997.42593765
2024-11-22,16591.344,16604.498,16510.182,16552.596,260741.9,4.4727603e+09,23411.80078125,23956.099609375,23359.0,23907.25,-7354.654296875,7354.654296875,54090939.8265419
2024-11-25,16558.762,16627.719,16547.46,16635.564,263667.4,4.521228e+09,24253.55078125,24351.55078125,24135.44921875,24221.900390625,-7586.3359375,7586.3359375,57552492.956604004
2024-11-26,16661.494,16715.115,16648.285,16703.727,289703.84,4.933513e+09,24343.30078125,24343.30078125,24125.400390625,24194.5,-7490.7734375,7490.7734375,56111686.69195557
2024-11-27,16742.654,16807.15,16752.664,16795.75,295776.06,5.053123e+09,24204.80078125,24354.55078125,24145.650390625,24274.900390625,-7479.150390625,7479.150390625,55937690.56558609
2024-11-28,16760.213,16775.98,16705.514,16738.28,266581.75,4.5857316e+09,24274.150390625,24345.75,23873.349609375,23914.150390625,-7175.87109375,7175.87109375,51493125.95411682
2024-11-29,16713.275,16797.465,16713.91,16812.938,270788.78,4.645633e+09,23927.150390625,24188.44921875,23927.150390625,24131.099609375,-7318.162109375,7318.162109375,53555496.65909195
2024-12-02,16770.12,16833.752,16746.457,16835.33,270373.47,4.6400236e+09,24140.849609375,24301.69921875,24008.650390625,24276.05078125,-7440.720703125,7440.720703125,55364324.581912994
2024-12-03,16786.06,16873.203,16570.61,16949.54,283242.84,4.8232934e+09,24367.5,24481.349609375,24280.0,24457.150390625,-7507.611328125,7507.611328125,56364227.85419083
2024-12-04,16903.52,17009.945,16862.057,17010.93,294896.44,5.016639e+09,24488.75,24573.19921875,24366.30078125,24467.44921875,-7456.51953125,7456.51953125,55599683.51991272
2024-12-05,17012.469,16999.77,16897.398,16958.29,253063.0,4.375477e+09,24539.150390625,24857.75,24295.55078125,24708.400390625,-7750.111328125,7750.111328125,60064225.59833145
2024-12-06,16961.586,17012.07,16961.344,17021.02,271478.66,4.6718285e+09,24729.44921875,24751.05078125,24620.5,24677.80078125,-7656.78125,7656.78125,58626299.11035156
2024-12-09,17010.764,17153.965,16968.979,17104.8,294408.1,5.012121e+09,24633.900390625,24705.0,24580.05078125,24619.0,-7514.19921875,7514.19921875,56463189.89906311
2024-12-10,17149.139,17204.275,17110.043,17199.979,257919.31,4.464242e+09,24652.650390625,24677.80078125,24510.650390625,24610.05078125,-7410.072265625,7410.072265625,54909170.98178482
2024-12-11,17185.56,17148.977,16995.027,17177.031,242797.56,4.2125253e+09,24620.5,24691.75,24583.849609375,24641.80078125,-7464.76953125,7464.76953125,55722784.154678345
2024-12-12,17129.783,17186.467,17101.93,17185.809,270905.9,4.6730527e+09,24604.44921875,24675.25,24527.94921875,24548.69921875,-7362.890625,7362.890625,54212158.35571289
2024-12-13,17219.707,17258.125,17184.75,17255.244,253870.31,4.3968256e+09,24498.349609375,24792.30078125,24180.80078125,24768.30078125,-7513.056640625,7513.056640625,56446020.08523941
2024-12-16,17303.168,17280.797,17285.152,17246.21,255320.47,4.4560026e+09,24753.400390625,24781.25,24601.75,24668.25,-7422.0390625,7422.0390625,55086663.84527588
2024-12-17,17267.0,17344.281,17293.38,17375.154,255518.14,4.44145e+09,24584.80078125,24624.099609375,24303.44921875,24336.0,-6960.845703125,6960.845703125,48453372.902713776
2024-12-18,17412.225,17514.986,17429.47,17537.723,258261.05,4.508988e+09,24297.94921875,24394.44921875,24149.849609375,24198.849609375,-6661.126953125,6661.126953125,44370612.285648346
2024-12-19,17531.523,17518.37,17487.43,17494.584,251755.97,4.3976366e+09,23877.150390625,24004.900390625,23870.30078125,23951.69921875,-6457.115234375,6457.115234375,41694337.14999771
2024-12-20,17480.441,17494.768,17454.7,17492.518,270093.47,4.702156e+09,23960.69921875,24065.80078125,23537.349609375,23587.5,-6094.982421875,6094.982421875,37148810.72296524
2024-12-23,17442.031,17451.695,17379.074,17421.219,268333.6,4.659928e+09,23738.19921875,23869.55078125,23647.19921875,23753.44921875,-6332.23046875,6332.23046875,40097142.709365845
2024-12-24,17415.264,17466.865,17419.46,17487.004,273190.25,4.746647e+09,23769.099609375,23867.650390625,23685.150390625,23727.650390625,-6240.646484375,6240.646484375,38945668.54294205
2024-12-26,17480.836,17574.006,17494.67,17610.537,278425.28,4.8370606e+09,23775.80078125,23854.5,23653.599609375,23750.19921875,-6139.662109375,6139.662109375,37695450.817295074
2024-12-27,17625.703,17671.688,17614.63,17678.639,259286.48,4.53434e+09,23801.400390625,23938.849609375,23800.599609375,23813.400390625,-6134.76171875,6134.76171875,37635301.345840454
2024-12-30,17659.021,17687.04,17636.238,17700.588,275562.97,4.803683e+09,23796.900390625,23915.349609375,23599.30078125,23644.900390625,-5944.3125,5944.3125,35334851.09765625
2024-12-31,17674.334,17707.527,17656.938,17726.855,277065.56,4.8260383e+09,23560.599609375,23689.849609375,23460.44921875,23644.80078125,-5917.9453125,5917.9453125,35022076.72174072
2025-01-01,17686.768,17721.668,17690.635,17750.895,279654.25,4.892796e+09,23637.650390625,23822.80078125,23562.80078125,23742.900390625,-5992.005859375,5992.005859375,35904134.21878433
2025-01-02,17715.21,17732.805,17696.246,17755.66,278022.28,4.843639e+09,23783.0,24226.69921875,23751.55078125,24188.650390625,-6432.990234375,6432.990234375,41383363.35556412
2025-01-03,17703.871,17686.225,17647.65,17671.352,274135.84,4.780599e+09,24196.400390625,24196.44921875,23976.0,24004.75,-6333.3984375,6333.3984375,40111935.76812744
2025-01-06,17669.717,17801.521,17697.59,17854.377,283256.0,4.931715e+09,24045.80078125,24089.94921875,23551.900390625,23616.05078125,-5761.673828125,5761.673828125,33196885.301700592
2025-01-07,17804.523,17757.846,17662.785,17675.068,289597.44,5.0257044e+09,23679.900390625,23795.19921875,23637.80078125,23707.900390625,-6032.83203125,6032.83203125,36395062.317276
2025-01-08,17687.293,17734.365,17649.846,17759.51,297752.75,5.1233393e+09,23746.650390625,23751.849609375,23496.150390625,23688.94921875,-5929.439453125,5929.439453125,35158252.2282753
2025-01-09,17742.416,17762.041,17682.781,17775.176,298611.0,5.1397545e+09,23674.75,23689.5,23503.05078125,23526.5,-5751.32421875,5751.32421875,33077730.269180298
2025-01-10,17770.47,17840.945,17748.396,17875.37,304527.4,5.2391286e+09,23551.900390625,23596.599609375,23344.349609375,23431.5,-5556.130859375,5556.130859375,30870590.126499176
2025-01-13,17809.584,17825.105,17697.377,17796.955,314496.84,5.3970903e+09,23195.400390625,23340.94921875,23047.25,23085.94921875,-5288.994140625,5288.994140625,27973459.019565582
2025-01-14,17775.662,17799.236,17710.834,17808.209,301755.28,5.1912653e+09,23165.900390625,23264.94921875,23134.150390625,23176.05078125,-5367.841796875,5367.841796875,28813725.55627823
2025-01-15,17797.338,17812.822,17725.82,17820.045,301222.62,5.1795615e+09,23250.44921875,23293.650390625,23146.44921875,23213.19921875,-5393.154296875,5393.154296875,29086113.269901276
2025-01-16,17790.855,17769.045,17681.736,17714.244,295329.97,5.097979e+09,23377.25,23391.650390625,23272.05078125,23311.80078125,-5597.556640625,5597.556640625,31332640.345005035
2025-01-17,17683.992,17700.055,17594.23,17664.102,308201.75,5.284078e+09,23277.099609375,23292.099609375,23100.349609375,23203.19921875,-5539.09765625,5539.09765625,30681602.845474243
2025-01-20,17651.688,17672.035,17599.047,17660.586,296946.9,5.11645e+09,23290.400390625,23391.099609375,23170.650390625,23344.75,-5684.1640625,5684.1640625,32309721.089416504
2025-01-21,17644.998,17670.336,17624.92,17676.049,281037.2,4.8863544e+09,23421.650390625,23426.30078125,22976.849609375,23024.650390625,-5348.6015625,5348.6015625,28607538.67437744
2025-01-22,17683.488,17720.479,17643.182,17749.998,299849.03,5.1610993e+09,23099.150390625,23169.55078125,22981.30078125,23155.349609375,-5405.3515625,5405.3515625,29217825.51422119
2025-01-23,17743.65,17758.975,17680.055,17775.615,300555.03,5.1744445e+09,23128.30078125,23270.80078125,23090.650390625,23205.349609375,-5429.734375,5429.734375,29482015.38305664
2025-01-24,17723.951,17719.09,17607.057,17662.34,307587.56,5.2865777e+09,23183.900390625,23347.30078125,23050.0,23092.19921875,-5429.859375,5429.859375,29483372.83227539
2025-01-27,17658.547,17672.547,17604.338,17659.049,296566.62,5.117051e+09,22940.150390625,23007.44921875,22786.900390625,22829.150390625,-5170.1015625,5170.1015625,26729950.16656494
2025-01-28,17645.766,17670.283,17626.756,17675.88,280705.94,4.8845107e+09,22960.44921875,23137.94921875,22857.650390625,22957.25,-5281.369140625,5281.369140625,27892859.99954605
2025-01-29,17669.555,17662.305,17608.19,17645.096,293839.8,5.077541e+09,23026.75,23183.349609375,22976.5,23163.099609375,-5518.00390625,5518.00390625,30448367.10939026
