feature,rankic,ic_std,icir,n_daily_ic,abs_rankic,abs_icir,icir_rank
return_10d,-0.03997629494931135,0.2011450912402435,-0.198743577100594,483,0.03997629494931135,0.198743577100594,1
log_return_1d,-0.03363937784683863,0.19434554676667637,-0.17309055137355295,492,0.03363937784683863,0.17309055137355295,2
open_close_spread,-0.031053551497493833,0.18981674080247035,-0.16359753816344996,493,0.031053551497493833,0.16359753816344996,3
return_5d,-0.033328603017575266,0.20388260181837728,-0.16346957867089149,488,0.033328603017575266,0.16346957867089149,4
close_to_high_distance,0.024142974297959106,0.18946588592083058,0.12742649781315982,493,0.024142974297959106,0.12742649781315982,5
return_120d,-0.020472200626883968,0.20191783613048317,-0.10138876792268336,373,0.020472200626883968,0.10138876792268336,6
52_week_high_distance,-0.01678803848541208,0.2080009633162732,-0.08071134968680525,493,0.01678803848541208,0.08071134968680525,7
return_20d,-0.0153518788173712,0.19813875096978498,-0.07748044611279635,473,0.0153518788173712,0.07748044611279635,8
intraday_range,-0.01388930003527061,0.18631599498607354,-0.07454700835700545,493,0.01388930003527061,0.07454700835700545,9
return_60d,-0.009961312557942378,0.21238538616254649,-0.0469020620388571,433,0.009961312557942378,0.0469020620388571,10
52_week_low_distance,-0.00594293611915518,0.21058727291286422,-0.02822077534388424,493,0.00594293611915518,0.02822077534388424,11
gap_overnight_return,-0.004544955336240174,0.17377830544587697,-0.02615375564043404,492,0.004544955336240174,0.02615375564043404,12
