,log_return_1d,return_5d,return_10d,return_20d,return_60d,return_120d,intraday_range,open_close_spread,gap_overnight_return,close_to_high_distance,52_week_high_distance,52_week_low_distance
log_return_1d,1.0,0.3992154473538124,0.2774864468109556,0.19662139540208706,0.10686488885914291,0.04775849073908403,-0.03638611425173116,0.8717801009479174,0.33587431521950273,-0.6538503229537469,0.15286706032365757,0.10048507740427232
return_5d,0.3992154473538124,1.0,0.6561001127290689,0.44927513258409396,0.24258928536237243,0.11269757454253472,-0.060123641557550005,0.35799879678087254,0.13985240453215372,-0.2893216547649336,0.30296695141461855,0.2206961373524744
return_10d,0.2774864468109556,0.6561001127290689,1.0,0.6664233129538,0.3476668725324333,0.16689072000592187,-0.06235032063238861,0.24259819043819295,0.10552755669109062,-0.20385889923760828,0.3923467424364463,0.31217747998415446
return_20d,0.19662139540208706,0.44927513258409396,0.6664233129538,1.0,0.49938868177138035,0.27026680571250883,-0.04996258587116912,0.17819121667410737,0.06615259495416614,-0.13831023470945097,0.5012042770258435,0.4310429087282772
return_60d,0.10686488885914291,0.24258928536237243,0.3476668725324333,0.49938868177138035,1.0,0.5551623131514236,0.006406952210953097,0.09019009958726121,0.05372818016541955,-0.05065339120452859,0.6440751771866383,0.5932032210591363
return_120d,0.04775849073908403,0.11269757454253472,0.16689072000592187,0.27026680571250883,0.5551623131514236,1.0,0.046292629280933334,0.039348208176315645,0.026072132880159152,0.004282416033417631,0.6599053933904336,0.6288150680422359
intraday_range,-0.03638611425173116,-0.060123641557550005,-0.06235032063238861,-0.04996258587116912,0.006406952210953097,0.046292629280933334,1.0,-0.029057892441663406,0.0065147715667104485,0.48893011429663036,-0.13977559154887687,-0.04718493780982498
open_close_spread,0.8717801009479174,0.35799879678087254,0.24259819043819295,0.17819121667410737,0.09019009958726121,0.039348208176315645,-0.029057892441663406,1.0,-0.07892103355206699,-0.7165937820085483,0.14683623051553982,0.05808158160080905
gap_overnight_return,0.33587431521950273,0.13985240453215372,0.10552755669109062,0.06615259495416614,0.05372818016541955,0.026072132880159152,0.0065147715667104485,-0.07892103355206699,1.0,0.03157732196828713,0.025710031508662603,0.09345034942307719
close_to_high_distance,-0.6538503229537469,-0.2893216547649336,-0.20385889923760828,-0.13831023470945097,-0.05065339120452859,0.004282416033417631,0.48893011429663036,-0.7165937820085483,0.03157732196828713,1.0,-0.17330603345522377,-0.04777084518616279
52_week_high_distance,0.15286706032365757,0.30296695141461855,0.3923467424364463,0.5012042770258435,0.6440751771866383,0.6599053933904336,-0.13977559154887687,0.14683623051553982,0.025710031508662603,-0.17330603345522377,1.0,0.41345458550802827
52_week_low_distance,0.10048507740427232,0.2206961373524744,0.31217747998415446,0.4310429087282772,0.5932032210591363,0.6288150680422359,-0.04718493780982498,0.05808158160080905,0.09345034942307719,-0.04777084518616279,0.41345458550802827,1.0
