feature,category,original_feature,ICIR,abs_ICIR
Category 3_rsi_7d,Category 3,rsi_7d,-0.2187801920010379,0.2187801920010379
Category 5_bollinger_pct_b,Category 5,bollinger_pct_b,-0.199387871882414,0.199387871882414
Category 1_return_10d,Category 1,return_10d,-0.198743577100594,0.198743577100594
Category 5_consecutive_down_days,Category 5,consecutive_down_days,0.19620535411786,0.19620535411786
Category 1_log_return_1d,Category 1,log_return_1d,-0.1730905513735529,0.1730905513735529
Category 7_cross_sectional_return_zscore,Category 7,cross_sectional_return_zscore,-0.1730905513735529,0.1730905513735529
Category 8_mean_reversion_signal,Category 8,mean_reversion_signal,0.1690867798516943,0.1690867798516943
Category 5_candle_direction,Category 5,candle_direction,-0.1653964040128689,0.1653964040128689
Category 1_return_5d,Category 1,return_5d,-0.1634695786708914,0.1634695786708914
Category 4_force_index_13d,Category 4,force_index_13d,-0.1474044677714412,0.1474044677714412
Category 8_rsi_volume_divergence,Category 8,rsi_volume_divergence,-0.1414767827396087,0.1414767827396087
Category 3_macd_histogram,Category 3,macd_histogram,-0.129930242247753,0.129930242247753
Category 5_upper_shadow_ratio,Category 5,upper_shadow_ratio,0.1280703250900205,0.1280703250900205
Category 1_close_to_high_distance,Category 1,close_to_high_distance,0.1274264978131598,0.1274264978131598
Category 4_mfi_14d,Category 4,mfi_14d,-0.122433434174306,0.122433434174306
Category 1_return_120d,Category 1,return_120d,-0.1013887679226833,0.1013887679226833
Category 4_log_turnover,Category 4,log_turnover,-0.1012972402789589,0.1012972402789589
Category 4_volume_momentum,Category 4,volume_momentum,-0.099772494968671,0.099772494968671
Category 8_volatility_adjusted_return,Category 8,volatility_adjusted_return,-0.0967309838207466,0.0967309838207466
Category 4_volume_ratio_20d,Category 4,volume_ratio_20d,-0.0934370685212199,0.0934370685212199
Category 8_breakout_signal,Category 8,breakout_signal,-0.0913964050368624,0.0913964050368624
Category 1_52_week_high_distance,Category 1,52_week_high_distance,-0.0807113496868052,0.0807113496868052
Category 1_return_20d,Category 1,return_20d,-0.0774804461127963,0.0774804461127963
Category 7_return_rank_percentile_20d,Category 7,return_rank_percentile_20d,-0.0774804461127963,0.0774804461127963
Category 8_reversal_signal,Category 8,reversal_signal,0.0733078902086625,0.0733078902086625
Category 2_volatility_ratio_20d_60d,Category 2,volatility_ratio_20d_60d,-0.0726900663070529,0.0726900663070529
Category 3_macd_line,Category 3,macd_line,-0.06356956466524,0.06356956466524
Category 4_ad_line,Category 4,ad_line,0.0627218769160502,0.0627218769160502
Category 7_sector_relative_return,Category 7,sector_relative_return,-0.0597991292449849,0.0597991292449849
Category 5_body_ratio,Category 5,body_ratio,-0.0574581009777582,0.0574581009777582
Category 5_bollinger_band_width,Category 5,bollinger_band_width,-0.0566263117032014,0.0566263117032014
Category 3_ma_ratio_50_200,Category 3,ma_ratio_50_200,-0.0550883672737813,0.0550883672737813
Category 8_trend_strength,Category 8,trend_strength,-0.0540916913068991,0.0540916913068991
Category 4_obv,Category 4,obv,0.0486223907476797,0.0486223907476797
Category 2_rolling_kurtosis_20d,Category 2,rolling_kurtosis_20d,-0.047024484724416,0.047024484724416
Category 8_gap_volume_interaction,Category 8,gap_volume_interaction,-0.0427505502325871,0.0427505502325871
Category 2_atr_14d,Category 2,atr_14d,-0.0417278105365882,0.0417278105365882
Category 2_rolling_volatility_20d,Category 2,rolling_volatility_20d,-0.0357237498187728,0.0357237498187728
Category 7_cross_sectional_volatility_zscore,Category 7,cross_sectional_volatility_zscore,-0.0352846637319125,0.0352846637319125
Category 7_idiosyncratic_volatility,Category 7,idiosyncratic_volatility,0.0343491558965953,0.0343491558965953
Category 2_rolling_skewness_20d,Category 2,rolling_skewness_20d,-0.0296461340718154,0.0296461340718154
Category 5_lower_shadow_ratio,Category 5,lower_shadow_ratio,-0.0149425765950374,0.0149425765950374
Category 3_ma_ratio_20_60,Category 3,ma_ratio_20_60,0.0105669526731916,0.0105669526731916
Category 2_volatility_ratio_5d_20d,Category 2,volatility_ratio_5d_20d,0.0101619767799507,0.0101619767799507
Category 7_beta_60d,Category 7,beta_60d,-0.0036154017991396,0.0036154017991396
Category 7_cross_sectional_volume_zscore,Category 7,cross_sectional_volume_zscore,-0.0005560113015945,0.0005560113015945
Category 6_nifty50_daily_return,Category 6,nifty50_daily_return,,
Category 6_nifty_pharma_return,Category 6,nifty_pharma_return,,
Category 6_nifty_it_return,Category 6,nifty_it_return,,
Category 6_nifty50_return_5d,Category 6,nifty50_return_5d,,
Category 6_india_vix_change,Category 6,india_vix_change,,
Category 6_nifty50_rolling_vol_20d,Category 6,nifty50_rolling_vol_20d,,
Category 6_usdinr_daily_return,Category 6,usdinr_daily_return,,
