C1_rank,feature,category,original_feature,ICIR,abs_ICIR
1,Category 3_rsi_7d,Category 3,rsi_7d,-0.2187801920010379,0.2187801920010379
2,Category 5_consecutive_down_days,Category 5,consecutive_down_days,0.19620535411786,0.19620535411786
3,Category 7_cross_sectional_return_zscore,Category 7,cross_sectional_return_zscore,-0.1730905513735529,0.1730905513735529
4,Category 5_candle_direction,Category 5,candle_direction,-0.1653964040128689,0.1653964040128689
5,Category 8_rsi_volume_divergence,Category 8,rsi_volume_divergence,-0.1414767827396087,0.1414767827396087
6,Category 3_macd_histogram,Category 3,macd_histogram,-0.129930242247753,0.129930242247753
7,Category 5_upper_shadow_ratio,Category 5,upper_shadow_ratio,0.1280703250900205,0.1280703250900205
8,Category 1_close_to_high_distance,Category 1,close_to_high_distance,0.1274264978131598,0.1274264978131598
9,Category 1_return_120d,Category 1,return_120d,-0.1013887679226833,0.1013887679226833
10,Category 4_log_turnover,Category 4,log_turnover,-0.1012972402789589,0.1012972402789589
11,Category 4_volume_momentum,Category 4,volume_momentum,-0.099772494968671,0.099772494968671
12,Category 4_volume_ratio_20d,Category 4,volume_ratio_20d,-0.0934370685212199,0.0934370685212199
13,Category 8_breakout_signal,Category 8,breakout_signal,-0.0913964050368624,0.0913964050368624
14,Category 1_52_week_high_distance,Category 1,52_week_high_distance,-0.0807113496868052,0.0807113496868052
15,Category 7_return_rank_percentile_20d,Category 7,return_rank_percentile_20d,-0.0774804461127963,0.0774804461127963
16,Category 8_reversal_signal,Category 8,reversal_signal,0.0733078902086625,0.0733078902086625
17,Category 2_volatility_ratio_20d_60d,Category 2,volatility_ratio_20d_60d,-0.0726900663070529,0.0726900663070529
18,Category 3_macd_line,Category 3,macd_line,-0.06356956466524,0.06356956466524
19,Category 4_ad_line,Category 4,ad_line,0.0627218769160502,0.0627218769160502
20,Category 7_sector_relative_return,Category 7,sector_relative_return,-0.0597991292449849,0.0597991292449849
21,Category 5_body_ratio,Category 5,body_ratio,-0.0574581009777582,0.0574581009777582
22,Category 5_bollinger_band_width,Category 5,bollinger_band_width,-0.0566263117032014,0.0566263117032014
23,Category 8_trend_strength,Category 8,trend_strength,-0.0540916913068991,0.0540916913068991
24,Category 4_obv,Category 4,obv,0.0486223907476797,0.0486223907476797
25,Category 2_rolling_kurtosis_20d,Category 2,rolling_kurtosis_20d,-0.047024484724416,0.047024484724416
26,Category 8_gap_volume_interaction,Category 8,gap_volume_interaction,-0.0427505502325871,0.0427505502325871
27,Category 2_atr_14d,Category 2,atr_14d,-0.0417278105365882,0.0417278105365882
28,Category 2_rolling_volatility_20d,Category 2,rolling_volatility_20d,-0.0357237498187728,0.0357237498187728
29,Category 2_rolling_skewness_20d,Category 2,rolling_skewness_20d,-0.0296461340718154,0.0296461340718154
30,Category 5_lower_shadow_ratio,Category 5,lower_shadow_ratio,-0.0149425765950374,0.0149425765950374
31,Category 3_ma_ratio_20_60,Category 3,ma_ratio_20_60,0.0105669526731916,0.0105669526731916
32,Category 2_volatility_ratio_5d_20d,Category 2,volatility_ratio_5d_20d,0.0101619767799507,0.0101619767799507
33,Category 7_beta_60d,Category 7,beta_60d,-0.0036154017991396,0.0036154017991396
34,Category 7_cross_sectional_volume_zscore,Category 7,cross_sectional_volume_zscore,-0.0005560113015945,0.0005560113015945
35,Category 6_nifty50_daily_return,Category 6,nifty50_daily_return,,
